name,gender,known_for_department,original_name,popularity
Eric Larson,0.6666666666666666,Visual Effects,Eric Larson,1.0
Robert Middlemass,0.6666666666666666,Acting,Robert Middlemass,1.0
María Vaner,0.3333333333333333,Acting,María Vaner,1.0
Carl Wharton,0.6666666666666666,Acting,Carl Wharton,1.0
Victor Moore,0.6666666666666666,Acting,Victor Moore,1.0
Sydney Sweeney,0.3333333333333333,Acting,Sydney Sweeney,1.0
Omar Chaparro,0.6666666666666666,Acting,Omar Chaparro,1.0
Julanne Johnston,0.3333333333333333,Acting,Julanne Johnston,1.0
Edward Grover,0.6666666666666666,Acting,Edward Grover,1.0
Hannah Cheramy,0.3333333333333333,Acting,Hannah Cheramy,1.0
Daniella Wang,0.3333333333333333,Acting,王李丹妮,1.0
Linda Kerridge,0.3333333333333333,Acting,Linda Kerridge,1.0
Louis Wolheim,0.6666666666666666,Acting,Louis Wolheim,1.0
Anne Hathaway,0.3333333333333333,Acting,Anne Hathaway,1.0
Robert Reich,0.6666666666666666,Acting,Robert Reich,1.0
Nadia Farès,0.3333333333333333,Acting,Nadia Farès,1.0
Meelis Rämmeld,0.6666666666666666,Acting,Meelis Rämmeld,1.0
Sonny Bupp,0.6666666666666666,Acting,Sonny Bupp,1.0
Charlize Theron,0.3333333333333333,Acting,Charlize Theron,1.0
Meenakshi Dinesh,0.3333333333333333,Acting,Meenakshi Dinesh,1.0
Jackie Chan,0.6666666666666666,Acting,成龍,1.0
Valorie Curry,0.3333333333333333,Acting,Valorie Curry,1.0
Lily-Rose Watier,0.3333333333333333,Acting,Lily-Rose Watier,1.0
Yoon Yool,0.3333333333333333,Acting,윤율,1.0
Simon Yuen Siu-Tien,0.6666666666666666,Acting,袁小田,1.0
Patrick Muldoon,0.6666666666666666,Acting,Patrick Muldoon,1.0
Megan Fox,0.3333333333333333,Acting,Megan Fox,1.0
Tom Cruise,0.6666666666666666,Acting,Tom Cruise,1.0
Elle Fanning,0.3333333333333333,Acting,Elle Fanning,1.0
Sharon Stone,0.3333333333333333,Acting,Sharon Stone,1.0
Scarlett Johansson,0.3333333333333333,Acting,Scarlett Johansson,1.0
Luis Brandoni,0.6666666666666666,Acting,Luis Brandoni,1.0
Jason Statham,0.6666666666666666,Acting,Jason Statham,1.0
Mila Kunis,0.3333333333333333,Acting,Mila Kunis,1.0
Ji Chang-Wook,0.6666666666666666,Acting,지창욱,1.0
Florence Pugh,0.3333333333333333,Acting,Florence Pugh,1.0
Donatella Damiani,0.3333333333333333,Acting,Donatella Damiani,1.0
Keilyn Durrel Jones,0.6666666666666666,Acting,KeiLyn Durrel Jones,1.0
Taron Egerton,0.6666666666666666,Acting,Taron Egerton,1.0
Hitoe Ootake,0.3333333333333333,Acting,大竹一重,1.0
Tom Hanks,0.6666666666666666,Acting,Tom Hanks,1.0
Alexandra Daddario,0.3333333333333333,Acting,Alexandra Daddario,1.0
Tian Xiwei,0.3333333333333333,Acting,田曦薇,1.0
Henry Cavill,0.6666666666666666,Acting,Henry Cavill,1.0
Jake Gyllenhaal,0.6666666666666666,Acting,Jake Gyllenhaal,1.0
Keanu Reeves,0.6666666666666666,Acting,Keanu Reeves,1.0
Ashley Lopez,0.3333333333333333,Acting,Ashley Lopez,1.0
Morena Baccarin,0.3333333333333333,Acting,Morena Baccarin,1.0
Trevor Dion Nicholas,0.6666666666666666,Acting,Trevor Dion Nicholas,1.0
Jodie Foster,0.3333333333333333,Acting,Jodie Foster,1.0
Anya Taylor-Joy,0.3333333333333333,Acting,Anya Taylor-Joy,1.0
Caleb Allred,0.0,Acting,Caleb Allred,1.0
Angelina Jolie,0.3333333333333333,Acting,Angelina Jolie,1.0
Miguel Ríos,0.6666666666666666,Acting,Miguel Ríos,1.0
Shu Qi,0.3333333333333333,Acting,舒淇,1.0
Robby Benson,0.6666666666666666,Acting,Robby Benson,1.0
Tom Hardy,0.6666666666666666,Acting,Tom Hardy,1.0
Morgan Freeman,0.6666666666666666,Acting,Morgan Freeman,1.0
Matt Damon,0.6666666666666666,Acting,Matt Damon,1.0
Cailee Spaeny,0.3333333333333333,Acting,Cailee Spaeny,1.0
Ryan Gosling,0.6666666666666666,Acting,Ryan Gosling,1.0
Ana De Armas,0.3333333333333333,Acting,Ana de Armas,1.0
Monica Bellucci,0.3333333333333333,Acting,Monica Bellucci,1.0
Joe Anoa'I,0.6666666666666666,Acting,Joe Anoa'i,1.0
Choi Hyun-Wook,0.6666666666666666,Acting,최현욱,1.0
Minami Hamabe,0.3333333333333333,Acting,浜辺美波,1.0
Jenna Ortega,0.3333333333333333,Acting,Jenna Ortega,1.0
Humberto Zurita,0.6666666666666666,Acting,Humberto Zurita,1.0
Jacob Elordi,0.6666666666666666,Acting,Jacob Elordi,1.0
Karl Urban,0.6666666666666666,Acting,Karl Urban,1.0
Jaafar Jackson,0.6666666666666666,Acting,Jaafar Jackson,1.0
Brad Pitt,0.6666666666666666,Acting,Brad Pitt,1.0
Erin Moriarty,0.3333333333333333,Acting,Erin Moriarty,1.0
Leonardo Dicaprio,0.6666666666666666,Acting,Leonardo DiCaprio,1.0
Zhang Linghe,0.6666666666666666,Acting,张凌赫,1.0
Chris Hemsworth,0.6666666666666666,Acting,Chris Hemsworth,1.0
Vin Diesel,0.6666666666666666,Acting,Vin Diesel,1.0
Christine Bermas,0.3333333333333333,Acting,Christine Bermas,1.0
Ess Hödlmoser,1.0,Acting,Ess Hödlmoser,1.0
Salman Khan,0.6666666666666666,Acting,Salman Khan,1.0
Catalina Sandino Moreno,0.3333333333333333,Acting,Catalina Sandino Moreno,1.0
Miguel Ríos,0.6666666666666666,Acting,Miguel Ríos,1.0
Adolfo Aristarain,0.6666666666666666,Directing,Adolfo Aristarain,1.0
Julie Anne Robinson,0.3333333333333333,Directing,Julie Anne Robinson,1.0
Minami Hamabe,0.3333333333333333,Acting,浜辺美波,1.0
Joe Anoa'I,0.6666666666666666,Acting,Joe Anoa'i,1.0
Hunter Schafer,0.3333333333333333,Acting,Hunter Schafer,1.0
Margot Robbie,0.3333333333333333,Acting,Margot Robbie,1.0
Nelia Da Costa,0.3333333333333333,Acting,Nelia Da Costa,1.0
Jensen Ackles,0.6666666666666666,Acting,Jensen Ackles,1.0
Jim Carrey,0.6666666666666666,Acting,Jim Carrey,1.0
Clint Eastwood,0.6666666666666666,Acting,Clint Eastwood,1.0
Daveed Diggs,0.6666666666666666,Acting,Daveed Diggs,1.0
Keiko Kitagawa,0.3333333333333333,Acting,北川景子,1.0
Jude Law,0.6666666666666666,Acting,Jude Law,1.0
Akshay Kumar,0.6666666666666666,Acting,अक्षय कुमार,1.0
Jennifer Connelly,0.3333333333333333,Acting,Jennifer Connelly,1.0
Kim Na-Mi,0.3333333333333333,Acting,김나미,1.0
Michele Morrone,0.6666666666666666,Acting,Michele Morrone,1.0
Mayte Rodríguez,0.3333333333333333,Acting,Mayte Rodríguez,1.0
Emily Blunt,0.3333333333333333,Acting,Emily Blunt,1.0
Emma Elle Paterson,0.3333333333333333,Acting,Emma Elle Paterson,1.0
Emma Roberts,0.3333333333333333,Acting,Emma Roberts,1.0
Jack Black,0.6666666666666666,Acting,Jack Black,1.0
Pierce Brosnan,0.6666666666666666,Acting,Pierce Brosnan,1.0
Truman Hanks,0.6666666666666666,Acting,Truman Hanks,1.0
Sandra Bullock,0.3333333333333333,Acting,Sandra Bullock,1.0
Pedro Pascal,0.6666666666666666,Acting,Pedro Pascal,1.0
Stephanie Cayo,0.3333333333333333,Acting,Stephanie Cayo,1.0
Zhao Lusi,0.3333333333333333,Acting,赵露思,1.0
Mel Gibson,0.6666666666666666,Acting,Mel Gibson,1.0
Song Weilong,0.6666666666666666,Acting,宋威龙,1.0
Johnny Depp,0.6666666666666666,Acting,Johnny Depp,1.0
Aline Mineiro,0.3333333333333333,Acting,Aline Mineiro,1.0
Odeya Rush,0.3333333333333333,Acting,Odeya Rush,1.0
Noah Fearnley,0.6666666666666666,Acting,Noah Fearnley,1.0
Go Youn-Jung,0.3333333333333333,Acting,고윤정,1.0
Colman Domingo,0.6666666666666666,Acting,Colman Domingo,1.0
Daniel Radcliffe,0.6666666666666666,Acting,Daniel Radcliffe,1.0
Dakota Johnson,0.3333333333333333,Acting,Dakota Johnson,1.0
Cecilia Cheung,0.3333333333333333,Acting,張柏芝,1.0
Kei Fubuki,0.3333333333333333,Acting,風吹ケイ,1.0
Shad Moss,0.6666666666666666,Acting,Shad Moss,1.0
İbrahim Çelikkol,0.6666666666666666,Acting,İbrahim Çelikkol,1.0
Halle Berry,0.3333333333333333,Acting,Halle Berry,1.0
Sylvester Stallone,0.6666666666666666,Acting,Sylvester Stallone,1.0
Zendaya,0.3333333333333333,Acting,Zendaya,1.0
Ai Kayano,0.3333333333333333,Acting,茅野愛衣,1.0
Luis Tosar,0.6666666666666666,Acting,Luis Tosar,1.0
Maisie Williams,0.3333333333333333,Acting,Maisie Williams,1.0
Nicolas Cage,0.6666666666666666,Acting,Nicolas Cage,1.0
Timothée Chalamet,0.6666666666666666,Acting,Timothée Chalamet,1.0
Tony Leung Chiu-Wai,0.6666666666666666,Acting,梁朝偉,1.0
Garry Pankhurst,0.6666666666666666,Acting,Garry Pankhurst,1.0
Yda Manzano,0.3333333333333333,Acting,Yda Manzano,1.0
Antony Starr,0.6666666666666666,Acting,Antony Starr,1.0
Kate Hudson,0.3333333333333333,Acting,Kate Hudson,1.0
Drew Barrymore,0.3333333333333333,Acting,Drew Barrymore,1.0
Raghava Lawrence,0.6666666666666666,Acting,Raghava Lawrence,1.0
Jeremy Strong,0.6666666666666666,Acting,Jeremy Strong,1.0
Joaquin Phoenix,0.6666666666666666,Acting,Joaquin Phoenix,1.0
Adam Sandler,0.6666666666666666,Acting,Adam Sandler,1.0
Mckenna Grace,0.3333333333333333,Acting,Mckenna Grace,1.0
Jamie Lee Curtis,0.3333333333333333,Acting,Jamie Lee Curtis,1.0
Kirsten Dunst,0.3333333333333333,Acting,Kirsten Dunst,1.0
Emin Günenç,0.6666666666666666,Acting,Emin Günenç,1.0
Giulio Berruti,0.6666666666666666,Acting,Giulio Berruti,1.0
Milla Jovovich,0.3333333333333333,Acting,Milla Jovovich,1.0
David Corenswet,0.6666666666666666,Acting,David Corenswet,1.0
Demi Moore,0.3333333333333333,Acting,Demi Moore,1.0
Dwayne Johnson,0.6666666666666666,Acting,Dwayne Johnson,1.0
Kim Do-Hee,0.3333333333333333,Acting,Kim Do-hee,1.0
Alejandro Trejo,0.6666666666666666,Acting,Alejandro Trejo,1.0
Fabrizio Guido,0.6666666666666666,Acting,Fabrizio Guido,1.0
Verónica Castro,0.3333333333333333,Acting,Verónica Castro,1.0
Zeynep Atılgan,0.3333333333333333,Acting,Zeynep Atılgan,1.0
Kaley Cuoco,0.3333333333333333,Acting,Kaley Cuoco,1.0
Robert De Niro,0.6666666666666666,Acting,Robert De Niro,1.0
Samuel L. Jackson,0.6666666666666666,Acting,Samuel L. Jackson,1.0
Stuart Campbell,0.6666666666666666,Acting,Stuart Campbell,1.0
Sophie Rundle,0.3333333333333333,Acting,Sophie Rundle,1.0
Jaime Pressly,0.3333333333333333,Acting,Jaime Pressly,1.0
Yu Aoi,0.3333333333333333,Acting,蒼井優,1.0
Sadie Sink,0.3333333333333333,Acting,Sadie Sink,1.0
Tom Holland,0.6666666666666666,Acting,Tom Holland,1.0
Will Smith,0.6666666666666666,Acting,Will Smith,1.0
Michael Douglas,0.6666666666666666,Acting,Michael Douglas,1.0
Jurnee Smollett,0.3333333333333333,Acting,Jurnee Smollett,1.0
Ali Larter,0.3333333333333333,Acting,Ali Larter,1.0
Cillian Murphy,0.6666666666666666,Acting,Cillian Murphy,1.0
Darshana Rajendran,0.3333333333333333,Acting,Darshana Rajendran,1.0
Jet Li,0.6666666666666666,Acting,李连杰,1.0
Mirtha Legrand,0.3333333333333333,Acting,Mirtha Legrand,1.0
Martha Roth,0.3333333333333333,Acting,Martha Roth,0.9739440868034609
Suppakarn Jirachotikul,0.6666666666666666,Acting,ศุภการ จิรโชติกุล,1.0
Chris Pratt,0.6666666666666666,Acting,Chris Pratt,1.0
Daniel Tinayre,0.6666666666666666,Directing,Daniel Tinayre,1.0
Claudia Doumit,0.3333333333333333,Acting,Claudia Doumit,1.0
Robert Downey Jr.,0.6666666666666666,Acting,Robert Downey Jr.,1.0
Channing Tatum,0.6666666666666666,Acting,Channing Tatum,1.0
Eva De Dominici,0.3333333333333333,Acting,Eva De Dominici,1.0
Gabriel Guevara,0.6666666666666666,Acting,Gabriel Guevara,1.0
Eiza González,0.3333333333333333,Acting,Eiza González,1.0
Chris Evans,0.6666666666666666,Acting,Chris Evans,1.0
Maruthi Dasari,0.6666666666666666,Directing,Maruthi Dasari,1.0
Tyriq Withers,0.6666666666666666,Acting,Tyriq Withers,1.0
Madelyn Cline,0.3333333333333333,Acting,Madelyn Cline,1.0
Cemre Baysel,0.3333333333333333,Acting,Cemre Baysel,1.0
Diane Lane,0.3333333333333333,Acting,Diane Lane,1.0
Adan Canto,0.6666666666666666,Acting,Adan Canto,1.0
Ethan Hawke,0.6666666666666666,Acting,Ethan Hawke,1.0
Joey King,0.3333333333333333,Acting,Joey King,1.0
Harold Perrineau,0.6666666666666666,Acting,Harold Perrineau,1.0
Jenn Rosa,0.3333333333333333,Acting,Jenn Rosa,1.0
David Harbour,0.6666666666666666,Acting,David Harbour,1.0
Seol In-A,0.3333333333333333,Acting,설인아,1.0
Samantha Brown,0.3333333333333333,Acting,Samantha Brown,1.0
Ushasi Ray,0.3333333333333333,Acting,Ushasi Ray,1.0
Alessandro Genovesi,0.6666666666666666,Directing,Alessandro Genovesi,1.0
Miles Teller,0.6666666666666666,Acting,Miles Teller,1.0
Kate Winslet,0.3333333333333333,Acting,Kate Winslet,1.0
Chen Zheyuan,0.6666666666666666,Acting,陈哲远,1.0
Nina Van Pallandt,0.3333333333333333,Acting,Nina van Pallandt,1.0
Kim Woo-Bin,0.6666666666666666,Acting,김우빈,1.0
Afra Saraçoğlu,0.3333333333333333,Acting,Afra Saraçoğlu,1.0
Jennifer Lawrence,0.3333333333333333,Acting,Jennifer Lawrence,1.0
Kevin Costner,0.6666666666666666,Acting,Kevin Costner,1.0
Pedro Infante,0.6666666666666666,Acting,Pedro Infante,1.0
Emma Watson,0.3333333333333333,Acting,Emma Watson,1.0
Jason Momoa,0.6666666666666666,Acting,Jason Momoa,1.0
Erdem Şanlı,0.6666666666666666,Acting,Erdem Şanlı,1.0
Asa Butterfield,0.6666666666666666,Acting,Asa Butterfield,1.0
Bryan Cranston,0.6666666666666666,Acting,Bryan Cranston,1.0
Andy Serkis,0.6666666666666666,Acting,Andy Serkis,1.0
Judi Dench,0.3333333333333333,Acting,Judi Dench,1.0
Kim Ji-Ah,0.3333333333333333,Acting,김지아,1.0
Tao Tsuchiya,0.3333333333333333,Acting,土屋太鳳,1.0
Jeffrey Dean Morgan,0.6666666666666666,Acting,Jeffrey Dean Morgan,1.0
Linda Cardellini,0.3333333333333333,Acting,Linda Cardellini,1.0
Angelica Hart,0.3333333333333333,Acting,Angelica Hart,1.0
Emilia Clarke,0.3333333333333333,Acting,Emilia Clarke,1.0
Benjamin Bratt,0.6666666666666666,Acting,Benjamin Bratt,1.0
Lauren Cohan,0.3333333333333333,Acting,Lauren Cohan,1.0
Tinto Brass,0.6666666666666666,Directing,Tinto Brass,1.0
Sam Claflin,0.6666666666666666,Acting,Sam Claflin,1.0
Ha Yoon-Kyung,0.3333333333333333,Acting,하윤경,1.0
Hande Erçel,0.3333333333333333,Acting,Hande Erçel,1.0
Josh Brolin,0.6666666666666666,Acting,Josh Brolin,1.0
Jamie Mcguire,0.0,Acting,Jamie McGuire,1.0
Han Seo-Ah,0.3333333333333333,Acting,Han Seo-ah,1.0
Tetsuya Takeuchi,0.6666666666666666,Visual Effects,竹内哲也,1.0
Margaret Qualley,0.3333333333333333,Acting,Margaret Qualley,1.0
Simon Webster,0.6666666666666666,Acting,Simon Webster,1.0
Michael B. Jordan,0.6666666666666666,Acting,Michael B. Jordan,1.0
Giancarlo Esposito,0.6666666666666666,Acting,Giancarlo Esposito,1.0
Annabelle Wallis,0.3333333333333333,Acting,Annabelle Wallis,1.0
Brigitte Nielsen,0.3333333333333333,Acting,Brigitte Nielsen,1.0
Shinobu Terajima,0.3333333333333333,Acting,寺島しのぶ,1.0
Zoe Saldaña,0.3333333333333333,Acting,Zoe Saldaña,1.0
Kasumi Arimura,0.3333333333333333,Acting,有村架純,1.0
Karen Fukuhara,0.3333333333333333,Acting,Karen Fukuhara,1.0
Cameron Diaz,0.3333333333333333,Acting,Cameron Diaz,1.0
Jack Nicholson,0.6666666666666666,Acting,Jack Nicholson,1.0
Shawn Hatosy,0.6666666666666666,Acting,Shawn Hatosy,1.0
Diana Bracho,0.3333333333333333,Acting,Diana Bracho,1.0
Kristen Stewart,0.3333333333333333,Acting,Kristen Stewart,1.0
Verónica Lozano,0.3333333333333333,Acting,Verónica Lozano,1.0
Sebastian Klussmann,0.6666666666666666,Acting,Sebastian Klussmann,1.0
Kristy Mcnichol,0.3333333333333333,Acting,Kristy McNichol,1.0
Robin Tunney,0.3333333333333333,Acting,Robin Tunney,1.0
Mio Imada,0.3333333333333333,Acting,今田美桜,1.0
Joo Ye-Bin,0.3333333333333333,Acting,Joo Ye-bin,1.0
William Daniels,0.6666666666666666,Acting,William Daniels,1.0
John Cena,0.6666666666666666,Acting,John Cena,1.0
Aaron Taylor-Johnson,0.6666666666666666,Acting,Aaron Taylor-Johnson,1.0
Cate Blanchett,0.3333333333333333,Acting,Cate Blanchett,1.0
Sam Elliott,0.6666666666666666,Acting,Sam Elliott,1.0
Emma Thompson,0.3333333333333333,Acting,Emma Thompson,1.0
Nathan Fillion,0.6666666666666666,Acting,Nathan Fillion,1.0
Elizabeth Banks,0.3333333333333333,Acting,Elizabeth Banks,1.0
Simon Baker,0.6666666666666666,Acting,Simon Baker,1.0
Zhu Zhu,0.3333333333333333,Acting,朱珠,1.0
John Travolta,0.6666666666666666,Acting,John Travolta,1.0
Emma Myers,0.3333333333333333,Acting,Emma Myers,1.0
Cole Hauser,0.6666666666666666,Acting,Cole Hauser,1.0
Theo James,0.6666666666666666,Acting,Theo James,1.0
Meryl Streep,0.3333333333333333,Acting,Meryl Streep,1.0
Aidan Gillen,0.6666666666666666,Acting,Aidan Gillen,1.0
Elisha Cuthbert,0.3333333333333333,Acting,Elisha Cuthbert,1.0
Jon Bernthal,0.6666666666666666,Acting,Jon Bernthal,1.0
Luz Jiménez,0.3333333333333333,Acting,Luz Jiménez,1.0
Luz Jiménez,0.3333333333333333,Acting,Luz Jiménez,1.0
Baek Se-Ri,0.3333333333333333,Acting,Baek Se-ri,1.0
Woo Yeol,0.6666666666666666,Acting,우열,1.0
Hailee Steinfeld,0.3333333333333333,Acting,Hailee Steinfeld,1.0
Coco Legrand,0.6666666666666666,Acting,Coco Legrand,1.0
Paola Nuñez,0.3333333333333333,Acting,Paola Nuñez,1.0
Kate Beckinsale,0.3333333333333333,Acting,Kate Beckinsale,1.0
Jessica Alba,0.3333333333333333,Acting,Jessica Alba,1.0
John Krasinski,0.6666666666666666,Acting,John Krasinski,1.0
Woo Do-Hwan,0.6666666666666666,Acting,우도환,1.0
Jennifer Aniston,0.3333333333333333,Acting,Jennifer Aniston,1.0
Jin Joo,0.3333333333333333,Acting,진주,1.0
Arnold Schwarzenegger,0.6666666666666666,Acting,Arnold Schwarzenegger,1.0
Kevin Bacon,0.6666666666666666,Acting,Kevin Bacon,1.0
David Wilcock,0.6666666666666666,Acting,David Wilcock,1.0
Keegan-Michael Key,0.6666666666666666,Acting,Keegan-Michael Key,1.0
Jessie Buckley,0.3333333333333333,Acting,Jessie Buckley,1.0
Sacha Baron Cohen,0.6666666666666666,Acting,Sacha Baron Cohen,1.0
Christopher Nolan,0.6666666666666666,Directing,Christopher Nolan,1.0
Josh Hutcherson,0.6666666666666666,Acting,Josh Hutcherson,1.0
Tom Selleck,0.6666666666666666,Acting,Tom Selleck,1.0
Ahn So-Hee,0.3333333333333333,Acting,Ahn So-hee,1.0
Rebecca Ferguson,0.3333333333333333,Acting,Rebecca Ferguson,1.0
Deko Akao,0.3333333333333333,Writing,赤尾でこ,1.0
Natalie Portman,0.3333333333333333,Acting,Natalie Portman,1.0
Matilda De Angelis,0.3333333333333333,Acting,Matilda De Angelis,1.0
Idris Elba,0.6666666666666666,Acting,Idris Elba,1.0
Wei Xiao,0.3333333333333333,Acting,Wei Xiao,1.0
Divine Villareal,0.3333333333333333,Acting,Divine Villareal,1.0
Rosamund Pike,0.3333333333333333,Acting,Rosamund Pike,1.0
Maite Perroni,0.3333333333333333,Acting,Maite Perroni,1.0
Terrence Howard,0.6666666666666666,Acting,Terrence Howard,1.0
Eric Bana,0.6666666666666666,Acting,Eric Bana,1.0
Tim Curry,0.6666666666666666,Acting,Tim Curry,1.0
Elisabeth Shue,0.3333333333333333,Acting,Elisabeth Shue,1.0
Ella Purnell,0.3333333333333333,Acting,Ella Purnell,1.0
Chermarn Boonyasak,0.3333333333333333,Acting,เฌอมาลย์ บุญยศักดิ์,1.0
Subhashree Ganguly,0.3333333333333333,Acting,Subhashree Ganguly,1.0
Beren Saat,0.3333333333333333,Acting,Beren Saat,1.0
Kurt Russell,0.6666666666666666,Acting,Kurt Russell,1.0
Romina Power,0.3333333333333333,Acting,Romina Power,1.0
Sarah Shahi,0.3333333333333333,Acting,Sarah Shahi,1.0
Ozan Akbaba,0.6666666666666666,Acting,Ozan Akbaba,1.0
John Cho,0.6666666666666666,Acting,John Cho,1.0
Park Ji-Hoon,0.6666666666666666,Acting,박지훈,1.0
Christopher Nolan,0.6666666666666666,Directing,Christopher Nolan,1.0
Amy Adams,0.3333333333333333,Acting,Amy Adams,1.0
Tae Hee,0.3333333333333333,Acting,태희,1.0
Teresa Blasco,0.0,Acting,Teresa Blasco,0.415142675338198
Han Yi-Seul,0.3333333333333333,Acting,한이슬,1.0
Abhishek Bachchan,0.6666666666666666,Acting,अभिषेक बच्चन,1.0
Kim Go-Eun,0.3333333333333333,Acting,김고은,1.0
Wang Yibo,0.6666666666666666,Acting,王一博,1.0
Shōji Sakai,0.6666666666666666,Editing,酒井正次,1.0
Hu Jun,0.6666666666666666,Acting,胡军,1.0
Shantel Vansanten,0.3333333333333333,Acting,Shantel VanSanten,1.0
Marisa Tomei,0.3333333333333333,Acting,Marisa Tomei,1.0
Jennifer Jason Leigh,0.3333333333333333,Acting,Jennifer Jason Leigh,1.0
Quentin Tarantino,0.6666666666666666,Directing,Quentin Tarantino,1.0
Julianne Moore,0.3333333333333333,Acting,Julianne Moore,1.0
Matthew Mcconaughey,0.6666666666666666,Acting,Matthew McConaughey,1.0
Nicholas Hoult,0.6666666666666666,Acting,Nicholas Hoult,1.0
Christian Bale,0.6666666666666666,Acting,Christian Bale,1.0
Keira Knightley,0.3333333333333333,Acting,Keira Knightley,1.0
Robert Pattinson,0.6666666666666666,Acting,Robert Pattinson,1.0
Natalie Dormer,0.3333333333333333,Acting,Natalie Dormer,1.0
Jean Reno,0.6666666666666666,Acting,Jean Reno,1.0
Eva Green,0.3333333333333333,Acting,Eva Green,1.0
Moemi Katayama,0.3333333333333333,Acting,片山萌美,1.0
Akio Otsuka,0.6666666666666666,Acting,大塚明夫,1.0
Anna Faris,0.3333333333333333,Acting,Anna Faris,1.0
Taylor Ortega,0.3333333333333333,Acting,Taylor Ortega,1.0
Rachel Mcadams,0.3333333333333333,Acting,Rachel McAdams,1.0
Travis Fimmel,0.6666666666666666,Acting,Travis Fimmel,1.0
Susan Shaw Yam-Yam,0.3333333333333333,Acting,邵音音,1.0
Katie Holmes,0.3333333333333333,Acting,Katie Holmes,1.0
Lana Condor,0.3333333333333333,Acting,Lana Condor,1.0
Adrien Brody,0.6666666666666666,Acting,Adrien Brody,1.0
Peyton List,0.3333333333333333,Acting,Peyton List,1.0
Isabel May,0.3333333333333333,Acting,Isabel May,1.0
Krisma Fajardo,0.3333333333333333,Production,Krisma Fajardo,1.0
Gillian Anderson,0.3333333333333333,Acting,Gillian Anderson,1.0
James Spader,0.6666666666666666,Acting,James Spader,1.0
Nia Long,0.3333333333333333,Acting,Nia Long,1.0
Trisha Krishnan,0.3333333333333333,Acting,Trisha Krishnan,1.0
Heather Locklear,0.3333333333333333,Acting,Heather Locklear,1.0
Barış Arduç,0.6666666666666666,Acting,Barış Arduç,1.0
Bridget Regan,0.3333333333333333,Acting,Bridget Regan,1.0
Do Hee,0.3333333333333333,Acting,Do Hee,1.0
Stellan Skarsgård,0.6666666666666666,Acting,Stellan Skarsgård,1.0
Jennifer Coolidge,0.3333333333333333,Acting,Jennifer Coolidge,1.0
Melissa O'Neil,0.3333333333333333,Acting,Melissa O'Neil,1.0
Samara Weaving,0.3333333333333333,Acting,Samara Weaving,1.0
Jon Hamm,0.6666666666666666,Acting,Jon Hamm,1.0
Zoë Kravitz,0.3333333333333333,Acting,Zoë Kravitz,1.0
Scott Adkins,0.6666666666666666,Acting,Scott Adkins,1.0
Andy Day,0.0,Lighting,Andy Day,1.0
Laz Alonso,0.6666666666666666,Acting,Laz Alonso,1.0
Taylor Dearden,0.3333333333333333,Acting,Taylor Dearden,0.9387731491046121
Sergio Sendel,0.6666666666666666,Acting,Sergio Sendel,1.0
Bradley Cooper,0.6666666666666666,Acting,Bradley Cooper,1.0
Lee Do-Hyun,0.6666666666666666,Acting,이도현,1.0
Steven Spielberg,0.6666666666666666,Directing,Steven Spielberg,1.0
Edward Norton,0.6666666666666666,Acting,Edward Norton,1.0
Gal Gadot,0.3333333333333333,Acting,גל גדות,1.0
Diana Bracho,0.3333333333333333,Acting,Diana Bracho,1.0
Ji Eun-Seo,0.3333333333333333,Acting,지은서,1.0
Seth Rogen,0.6666666666666666,Acting,Seth Rogen,1.0
Andy Samberg,0.6666666666666666,Acting,Andy Samberg,1.0
Lee Majors,0.6666666666666666,Acting,Lee Majors,1.0
Shiena Yu,0.3333333333333333,Acting,Shiena Yu,1.0
Joseph Gordon-Levitt,0.6666666666666666,Acting,Joseph Gordon-Levitt,1.0
Annette O'Toole,0.3333333333333333,Acting,Annette O'Toole,1.0
Molly Windsor,0.3333333333333333,Acting,Molly Windsor,1.0
Bryant Wood,0.6666666666666666,Acting,Bryant Wood,1.0
Javier Solís,0.6666666666666666,Acting,Javier Solís,1.0
Jami Gertz,0.3333333333333333,Acting,Jami Gertz,1.0
Amirah J,0.3333333333333333,Acting,Amirah J,1.0
Felipe Birriel,0.6666666666666666,Acting,Felipe Birriel,1.0
Milly Alcock,0.3333333333333333,Acting,Milly Alcock,1.0
Kerem Bürsin,0.6666666666666666,Acting,Kerem Bürsin,1.0
Angeline Aril,0.3333333333333333,Acting,Angeline Aril,1.0
Elijah Wood,0.6666666666666666,Acting,Elijah Wood,1.0
Sofía Vergara,0.3333333333333333,Acting,Sofía Vergara,1.0
Julia Doyle,0.3333333333333333,Acting,Julia Doyle,1.0
Lena Headey,0.3333333333333333,Acting,Lena Headey,1.0
Robin Nedwell,0.6666666666666666,Acting,Robin Nedwell,0.6309282780619623
Kwon Eun-Bi,0.3333333333333333,Acting,권은비,1.0
Sophie Marceau,0.3333333333333333,Acting,Sophie Marceau,1.0
Shah Rukh Khan,0.6666666666666666,Acting,शाहरुख़ ख़ान,1.0
Hiroshi Abe,0.6666666666666666,Acting,阿部寛,1.0
Jesse Plemons,0.6666666666666666,Acting,Jesse Plemons,1.0
Ralph Fiennes,0.6666666666666666,Acting,Ralph Fiennes,1.0
Satomi Ishihara,0.3333333333333333,Acting,石原さとみ,1.0
Satomi Ishihara,0.3333333333333333,Acting,石原さとみ,1.0
Shiena Yu,0.3333333333333333,Acting,Shiena Yu,1.0
Michelle Pfeiffer,0.3333333333333333,Acting,Michelle Pfeiffer,1.0
Ji Eun-Seo,0.3333333333333333,Acting,지은서,1.0
Molly Windsor,0.3333333333333333,Acting,Molly Windsor,1.0
A.J. Simmons,0.6666666666666666,Acting,A.J. Simmons,1.0
Bryant Wood,0.6666666666666666,Acting,Bryant Wood,1.0
Shannon Elizabeth,0.3333333333333333,Acting,Shannon Elizabeth,1.0
Lizze Broadway,0.3333333333333333,Acting,Lizze Broadway,1.0
Kate Mara,0.3333333333333333,Acting,Kate Mara,1.0
Noah Centineo,0.6666666666666666,Acting,Noah Centineo,1.0
Aliya Raymundo,0.3333333333333333,Acting,Aliya Raymundo,1.0
Ben Kingsley,0.6666666666666666,Acting,Ben Kingsley,1.0
Tom Welling,0.6666666666666666,Acting,Tom Welling,1.0
Daniela Melchior,0.3333333333333333,Acting,Daniela Melchior,1.0
Chikako Aoyama,0.3333333333333333,Acting,青山知可子,1.0
Sabrina Carpenter,0.3333333333333333,Acting,Sabrina Carpenter,1.0
Andy Lau,0.6666666666666666,Acting,劉德華,1.0
John Cho,0.6666666666666666,Acting,John Cho,1.0
Park Ha-Yan,0.3333333333333333,Acting,Park Ha-yan,1.0
Takuya Kimura,0.6666666666666666,Acting,木村拓哉,1.0
Aditya Dhar,0.6666666666666666,Writing,Aditya Dhar,1.0
Elizabeth Olsen,0.3333333333333333,Acting,Elizabeth Olsen,1.0
Bill Skarsgård,0.6666666666666666,Acting,Bill Skarsgård,1.0
Bong Joon Ho,0.6666666666666666,Directing,봉준호,1.0
Chloë Grace Moretz,0.3333333333333333,Acting,Chloë Grace Moretz,1.0
Winona Ryder,0.3333333333333333,Acting,Winona Ryder,1.0
Yoo Ji-Hyun,0.3333333333333333,Acting,유지현,1.0
Hrithik Roshan,0.6666666666666666,Acting,ऋतिक रोशन,1.0
Rain,0.6666666666666666,Acting,비,1.0
Lee Soo,0.3333333333333333,Acting,이수,1.0
Ridley Scott,0.6666666666666666,Directing,Ridley Scott,1.0
Asena Keskinci,0.3333333333333333,Acting,Asena Keskinci,1.0
Claire Danes,0.3333333333333333,Acting,Claire Danes,1.0
Hannah Einbinder,0.3333333333333333,Acting,Hannah Einbinder,1.0
Olivia Wilde,0.3333333333333333,Acting,Olivia Wilde,1.0
Mariska Hargitay,0.3333333333333333,Acting,Mariska Hargitay,1.0
Zooey Deschanel,0.3333333333333333,Acting,Zooey Deschanel,1.0
Sean Penn,0.6666666666666666,Acting,Sean Penn,1.0
Skye Gonzaga,0.3333333333333333,Acting,Skye Gonzaga,1.0
Yuko Tanaka,0.3333333333333333,Acting,田中裕子,1.0
Chris Tucker,0.6666666666666666,Acting,Chris Tucker,1.0
Aston Mcauley,0.6666666666666666,Acting,Aston McAuley,1.0
Samantha De Martin,0.3333333333333333,Acting,Samantha De Martin,1.0
Chik King-Man,0.3333333333333333,Acting,植敬雯,1.0
Sabrina Carpenter,0.3333333333333333,Acting,Sabrina Carpenter,1.0
Reese Witherspoon,0.3333333333333333,Acting,Reese Witherspoon,1.0
Sean Astin,0.6666666666666666,Acting,Sean Astin,1.0
Nathalie Emmanuel,0.3333333333333333,Acting,Nathalie Emmanuel,1.0
Daniel Vegas,0.6666666666666666,Acting,Даниэль Вегас,1.0
Daisy Edgar-Jones,0.3333333333333333,Acting,Daisy Edgar-Jones,1.0
Apple Dy,0.3333333333333333,Acting,Apple Dy,1.0
Jon Favreau,0.6666666666666666,Acting,Jon Favreau,1.0
Hayao Miyazaki,0.6666666666666666,Directing,宮崎駿,1.0
Radikaa Sarathkumar,0.3333333333333333,Acting,Radhika Sarathkumar,1.0
Mary Elizabeth Winstead,0.3333333333333333,Acting,Mary Elizabeth Winstead,1.0
Deniz Can Aktaş,0.6666666666666666,Acting,Deniz Can Aktaş,1.0
Amandla Stenberg,1.0,Acting,Amandla Stenberg,1.0
Rob Estes,0.6666666666666666,Acting,Rob Estes,1.0
Taika Waititi,0.6666666666666666,Directing,Taika Waititi,1.0
Azi Acosta,0.3333333333333333,Acting,Azi Acosta,1.0
Jennifer Morrison,0.3333333333333333,Acting,Jennifer Morrison,1.0
Miles Wei,0.6666666666666666,Acting,魏哲鸣,1.0
Lucy Black,0.3333333333333333,Acting,Lucy Black,1.0
Eric Winter,0.6666666666666666,Acting,Eric Winter,1.0
Steve Carell,0.6666666666666666,Acting,Steve Carell,1.0
Andy On Chi-Kit,0.6666666666666666,Acting,安志傑,1.0
Choi Min-Yeong,0.6666666666666666,Acting,최민영,1.0
Lee Min-Ho,0.6666666666666666,Acting,이민호,1.0
Robert Gilbert,0.6666666666666666,Acting,Robert Gilbert,0.9482931021659547
Elvis Tsui Kam-Kong,0.6666666666666666,Acting,徐錦江,1.0
Charlie Murphy,0.3333333333333333,Acting,Charlie Murphy,1.0
Olivia Morandin,0.0,Acting,Olivia Morandin,0.9572511135535374
Charithra Chandran,0.3333333333333333,Acting,Charithra Chandran,0.930939021064549
Natalia Sánchez,0.3333333333333333,Acting,Natalia Sánchez,1.0
Anthony Hopkins,0.6666666666666666,Acting,Anthony Hopkins,1.0
Saori Hayami,0.3333333333333333,Acting,早見沙織,1.0
Ester Expósito,0.3333333333333333,Acting,Ester Expósito,1.0
Lee Chae-Dam,0.3333333333333333,Acting,Lee Chae-dam,1.0
Joel Kinnaman,0.6666666666666666,Acting,Joel Kinnaman,1.0
Mamitha Baiju,0.3333333333333333,Acting,Mamitha Baiju,1.0
Alicia Silverstone,0.3333333333333333,Acting,Alicia Silverstone,1.0
Carmen Salinas,0.3333333333333333,Acting,Carmen Salinas,1.0
Heinz Hoenig,0.6666666666666666,Acting,Heinz Hoenig,1.0
Aayushi Jaiswal,0.3333333333333333,Acting,Aayushi Jaiswal,1.0
Sumire Morohoshi,0.3333333333333333,Acting,諸星すみれ,1.0
Christina Ricci,0.3333333333333333,Acting,Christina Ricci,1.0
Audrey Avila,0.3333333333333333,Acting,Audrey Avila,1.0
Paola Nuñez,0.3333333333333333,Acting,Paola Nuñez,1.0
Zosia Mamet,0.3333333333333333,Acting,Zosia Mamet,1.0
Kenneth Branagh,0.6666666666666666,Acting,Kenneth Branagh,1.0
Jennifer Runyon,0.3333333333333333,Acting,Jennifer Runyon,1.0
Billy Bob Thornton,0.6666666666666666,Acting,Billy Bob Thornton,1.0
He Yanzhao,0.6666666666666666,Acting,何衍朝,1.0
Daniela Melchior,0.3333333333333333,Acting,Daniela Melchior,1.0
Fan Bingbing,0.3333333333333333,Acting,范冰冰,1.0
Stacy Keach,0.6666666666666666,Acting,Stacy Keach,0.9753654686841476
Sophia Lillis,0.3333333333333333,Acting,Sophia Lillis,1.0
Alp Navruz,0.6666666666666666,Acting,Alp Navruz,1.0
Lewis Pullman,0.6666666666666666,Acting,Lewis Pullman,0.9458470031154708
Eddie Murphy,0.6666666666666666,Acting,Eddie Murphy,1.0
Melanie Griffith,0.3333333333333333,Acting,Melanie Griffith,1.0
Chad Michael Murray,0.6666666666666666,Acting,Chad Michael Murray,1.0
Florence Hunt,0.3333333333333333,Acting,Florence Hunt,1.0
Steven Yeun,0.6666666666666666,Acting,Steven Yeun,0.9991653513375041
Talia Shire,0.3333333333333333,Acting,Talia Shire,0.993876488525647
Eliza Dushku,0.3333333333333333,Acting,Eliza Dushku,0.9859101389152872
Lee Jong-Suk,0.6666666666666666,Acting,이종석,1.0
Milana Vayntrub,0.3333333333333333,Acting,Milana Vayntrub,1.0
Aj Raval,0.3333333333333333,Acting,AJ Raval,1.0
Minori Terada,0.6666666666666666,Acting,寺田農,0.9237329454833939
Sophia Loren,0.3333333333333333,Acting,Sophia Loren,0.9792990604004662
Neal Mcdonough,0.6666666666666666,Acting,Neal McDonough,1.0
Clancy Brown,0.6666666666666666,Acting,Clancy Brown,1.0
Liza Weil,0.3333333333333333,Acting,Liza Weil,1.0
Michelle Rodriguez,0.3333333333333333,Acting,Michelle Rodriguez,1.0
Oscar Nuñez,0.6666666666666666,Acting,Oscar Nuñez,1.0
He Yu,0.6666666666666666,Acting,何与,1.0
Ian Somerhalder,0.6666666666666666,Acting,Ian Somerhalder,1.0
Isabela Merced,0.3333333333333333,Acting,Isabela Merced,1.0
Engin Akyürek,0.6666666666666666,Acting,Engin Akyürek,0.9515986414233653
Astrid Lee,0.3333333333333333,Acting,Astrid Lee,1.0
Tiina Björkman,0.3333333333333333,Acting,Tiina Björkman,0.9605566528109479
Mao Ichimichi,0.3333333333333333,Acting,市道真央,1.0
Mao Ichimichi,0.3333333333333333,Acting,市道真央,1.0
Kevin Hart,0.6666666666666666,Acting,Kevin Hart,1.0
Mun Ka-Young,0.3333333333333333,Acting,문가영,1.0
Leighton Meester,0.3333333333333333,Acting,Leighton Meester,1.0
Don Lee,0.6666666666666666,Acting,마동석,1.0
Mamitha Baiju,0.3333333333333333,Acting,Mamitha Baiju,1.0
Cole Sprouse,0.6666666666666666,Acting,Cole Sprouse,1.0
Han Ga-Hee,0.3333333333333333,Acting,Han Ga-hee,1.0
Elliot Page,1.0,Acting,Elliot Page,1.0
Fra Fee,0.6666666666666666,Acting,Fra Fee,1.0
Ian Mckellen,0.6666666666666666,Acting,Ian McKellen,0.9905709492682362
Kristin Kreuk,0.3333333333333333,Acting,Kristin Kreuk,1.0
Steve Buscemi,0.6666666666666666,Acting,Steve Buscemi,1.0
Harrison Ford,0.6666666666666666,Acting,Harrison Ford,0.9982398003454288
Andy On Chi-Kit,0.6666666666666666,Acting,安志傑,1.0
Sean Connery,0.6666666666666666,Acting,Sean Connery,0.9312695749902902
Zazie Beetz,0.3333333333333333,Acting,Zazie Beetz,1.0
Yuki Kaji,0.6666666666666666,Acting,梶裕貴,1.0
Déborah Révy,0.3333333333333333,Acting,Déborah Révy,1.0
Cote De Pablo,0.3333333333333333,Acting,Cote De Pablo,1.0
Divya Khossla,0.3333333333333333,Production,Divya Khosla Kumar,0.8621838045104083
David Thewlis,0.6666666666666666,Acting,David Thewlis,1.0
Luna Gallego,0.0,Acting,Luna Gallego,0.7705542562949864
Meg Foster,0.3333333333333333,Acting,Meg Foster,1.0
Sarah Wayne Callies,0.3333333333333333,Acting,Sarah Wayne Callies,1.0
Ewan Mcgregor,0.6666666666666666,Acting,Ewan McGregor,1.0
Kim Kardashian,0.3333333333333333,Acting,Kim Kardashian,0.9930501037112942
Dheekshith Shetty,0.6666666666666666,Acting,Dheekshith Shetty,1.0
Bai Jingting,0.6666666666666666,Acting,白敬亭,1.0
Taylor Sheridan,0.6666666666666666,Writing,Taylor Sheridan,1.0
Jennifer Tilly,0.3333333333333333,Acting,Jennifer Tilly,0.9600608219223363
Claire Forlani,0.3333333333333333,Acting,Claire Forlani,1.0
Rami Malek,0.6666666666666666,Acting,Rami Malek,1.0
Yash Daasguptaa,0.6666666666666666,Acting,Yash Daasguptaa,1.0
Lee Jun-Young,0.6666666666666666,Acting,이준영,1.0
Ayane Sakura,0.3333333333333333,Acting,佐倉綾音,1.0
Catherine Zeta-Jones,0.3333333333333333,Acting,Catherine Zeta-Jones,1.0
Antonio Banderas,0.6666666666666666,Acting,Antonio Banderas,1.0
Supoj Janjareonborn,0.6666666666666666,Acting,สุพจน์ จันทร์เจริญ,1.0
Andy Garcia,0.6666666666666666,Acting,Andy Garcia,0.998537298878596
Gwyneth Paltrow,0.3333333333333333,Acting,Gwyneth Paltrow,1.0
Byeon Woo-Seok,0.6666666666666666,Acting,변우석,1.0
Yoshitsugu Matsuoka,0.6666666666666666,Acting,松岡禎丞,1.0
Tessa Thompson,0.3333333333333333,Acting,Tessa Thompson,0.8986769579122215
Priya Mishra,0.3333333333333333,Acting,Priya Mishra,0.8784140022642944
Pegah Ghafoori,0.3333333333333333,Acting,Pegah Ghafoori,1.0
Amy Yip Chi-Mei,0.3333333333333333,Acting,葉子楣,1.0
Kang Eun-Hye,0.3333333333333333,Acting,Kang Eun-hye,1.0
Catherine O'Hara,0.3333333333333333,Acting,Catherine O'Hara,0.8815873199514086
Buster Keaton,0.6666666666666666,Directing,Buster Keaton,0.9355006652397756
Mark Hamill,0.6666666666666666,Acting,Mark Hamill,1.0
Jonah Hill,0.6666666666666666,Acting,Jonah Hill,0.9532183556594965
Tim Daly,0.6666666666666666,Acting,Tim Daly,1.0
Vanessa Kirby,0.3333333333333333,Acting,Vanessa Kirby,0.9616144253733192
Verónica Orozco,0.3333333333333333,Acting,Verónica Orozco,1.0
Curry Barker,0.6666666666666666,Directing,Curry Barker,0.9806873868885786
Justin Long,0.6666666666666666,Acting,Justin Long,0.9474336619590279
Dennis Quaid,0.6666666666666666,Acting,Dennis Quaid,1.0
Tom Hiddleston,0.6666666666666666,Acting,Tom Hiddleston,1.0
Hilary Duff,0.3333333333333333,Acting,Hilary Duff,1.0
Piper Perabo,0.3333333333333333,Acting,Piper Perabo,1.0
Naina Chhabra,0.0,Acting,Naina Chhabra,1.0
Jenna Dewan,0.3333333333333333,Acting,Jenna Dewan,1.0
Hugh Jackman,0.6666666666666666,Acting,Hugh Jackman,1.0
Myanna Buring,0.3333333333333333,Acting,MyAnna Buring,1.0
Kendall Jenner,0.3333333333333333,Acting,Kendall Jenner,1.0
Li Bingbing,0.3333333333333333,Acting,李冰冰,1.0
Asia Argento,0.3333333333333333,Acting,Asia Argento,1.0
Veronika Zhuravleva,0.3333333333333333,Acting,Вероника Журавлёва,1.0
Michael Caine,0.6666666666666666,Acting,Michael Caine,1.0
Cote De Pablo,0.3333333333333333,Acting,Cote De Pablo,1.0
Yoko Mitsuya,0.3333333333333333,Acting,三津谷葉子,1.0
Milena Vukotić,0.3333333333333333,Acting,Milena Vukotić,0.9486236560916956
Nihal Nizam,0.6666666666666666,Acting,Nihal Nizam,0.9169896453982761
Odessa A'Zion,0.3333333333333333,Acting,Odessa A'zion,1.0
Micaela Brandoni,0.0,Acting,Micaela Brandoni,0.5911626407953128
Serena Grandi,0.3333333333333333,Acting,Serena Grandi,0.9332528985447363
Sarah Gadon,0.3333333333333333,Acting,Sarah Gadon,0.8719682007123438
Lisa Ann Walter,0.3333333333333333,Acting,Lisa Ann Walter,0.895999471113719
Masayoshi Nogami,0.6666666666666666,Acting,野上正義,0.8519035774198616
Sushmita Sen,0.3333333333333333,Acting,Sushmita Sen,0.5388028989579288
Nobuhiko Okamoto,0.6666666666666666,Acting,岡本信彦,0.8265170359229479
Tommy Lee Jones,0.6666666666666666,Acting,Tommy Lee Jones,1.0
James Mcavoy,0.6666666666666666,Acting,James McAvoy,1.0
Alfred Hitchcock,0.6666666666666666,Directing,Alfred Hitchcock,0.9562263963837402
Sam Worthington,0.6666666666666666,Acting,Sam Worthington,1.0
Shawn Ashmore,0.6666666666666666,Acting,Shawn Ashmore,0.9612508160550044
Juno Temple,0.3333333333333333,Acting,Juno Temple,0.9129899428968092
Arielle Kebbel,0.3333333333333333,Acting,Arielle Kebbel,1.0
Miriam Leone,0.3333333333333333,Acting,Miriam Leone,0.863274632465354
Song Kang,0.6666666666666666,Acting,송강,0.8977514069201463
Sora Amamiya,0.3333333333333333,Acting,雨宮天,1.0
Park Hee-Soon,0.6666666666666666,Acting,박희순,0.9740763083737572
Minka Kelly,0.3333333333333333,Acting,Minka Kelly,1.0
Anri Suzuki,0.3333333333333333,Acting,鈴木杏里,0.9132543860374024
Stephen Chow,0.6666666666666666,Acting,周星馳,1.0
Paul Rudd,0.6666666666666666,Acting,Paul Rudd,1.0
Phoebe Dynevor,0.3333333333333333,Acting,Phoebe Dynevor,0.9212207356477619
Hiroyuki Sanada,0.6666666666666666,Acting,真田広之,1.0
Alyssa Diaz,0.3333333333333333,Acting,Alyssa Diaz,0.8525316298787695
Famke Janssen,0.3333333333333333,Acting,Famke Janssen,1.0
Sasha Alexander,0.3333333333333333,Acting,Sasha Alexander,0.8280706393739308
Carey Mulligan,0.3333333333333333,Acting,Carey Mulligan,0.8973547422092572
Simone Ashley,0.3333333333333333,Acting,Simone Ashley,0.895371418654811
Dylan O'Brien,0.6666666666666666,Acting,Dylan O'Brien,1.0
Léa Seydoux,0.3333333333333333,Acting,Léa Seydoux,0.9952317596211852
Michael Peña,0.6666666666666666,Acting,Michael Peña,0.9588708277896687
Callum Turner,0.6666666666666666,Acting,Callum Turner,1.0
Kathryn Newton,0.3333333333333333,Acting,Kathryn Newton,1.0
Charlie Cho Cha-Lee,0.6666666666666666,Acting,曹查理,1.0
Nina Dobrev,0.3333333333333333,Acting,Nina Dobrev,0.9337487294333479
Ed Harris,0.6666666666666666,Acting,Ed Harris,1.0
Yumiri Hanamori,0.3333333333333333,Acting,花守ゆみり,1.0
Sneha,0.3333333333333333,Acting,Sneha,0.9947689841251479
Alice Eve,0.3333333333333333,Acting,Alice Eve,1.0
Shameik Moore,0.6666666666666666,Acting,Shameik Moore,1.0
Brandon Sklenar,0.6666666666666666,Acting,Brandon Sklenar,1.0
Kim Yoo-Jung,0.3333333333333333,Acting,김유정,1.0
Jordana Brewster,0.3333333333333333,Acting,Jordana Brewster,0.9171879777537209
Micheál Richardson,0.6666666666666666,Acting,Micheál Richardson,0.8528621838045104
Rachel Brosnahan,0.3333333333333333,Acting,Rachel Brosnahan,0.8396069713822939
Hikaru Wakana,0.3333333333333333,Acting,若菜ひかる,1.0
Richard Donat,0.6666666666666666,Acting,Richard Donat,0.7278797444818155
John Noble,0.6666666666666666,Acting,John Noble,1.0
Renée Zellweger,0.3333333333333333,Acting,Renée Zellweger,0.9824393226950062
Sam Neill,0.6666666666666666,Acting,Sam Neill,1.0
Natascha Mcelhone,0.3333333333333333,Acting,Natascha McElhone,0.9168904792205538
Owen Wilson,0.6666666666666666,Acting,Owen Wilson,1.0
Gary Oldman,0.6666666666666666,Acting,Gary Oldman,1.0
Masiela Lusha,0.3333333333333333,Acting,Masiela Lusha,1.0
Dave Franco,0.6666666666666666,Acting,Dave Franco,1.0
Joseph Zeng,0.6666666666666666,Acting,曾舜晞,0.8815873199514086
María Fernanda Yepes,0.3333333333333333,Acting,María Fernanda Yepes,0.7853300167756118
Kajol,0.3333333333333333,Acting,Kajol,1.0
Hiro Shimono,0.6666666666666666,Acting,下野紘,0.8381194787164591
Jack O'Connell,0.6666666666666666,Acting,Jack O'Connell,0.8945780892330322
Zhou Ye,0.3333333333333333,Acting,周也,1.0
Sophie Turner,0.3333333333333333,Acting,Sophie Turner,1.0
Noah Wyle,0.6666666666666666,Acting,Noah Wyle,0.9903395615202174
Amrish Puri,0.6666666666666666,Acting,Amrish Puri,0.9768860167425565
Eddie Cibrian,0.6666666666666666,Acting,Eddie Cibrian,0.9343437264996819
Michael Jai White,0.6666666666666666,Acting,Michael Jai White,0.9145766017403665
Daniel Craig,0.6666666666666666,Acting,Daniel Craig,1.0
Naveen Andrews,0.6666666666666666,Acting,Naveen Andrews,0.9316331843086051
Fang Jin,0.3333333333333333,Acting,方瑾,1.0
Ciarán Hinds,0.6666666666666666,Acting,Ciarán Hinds,1.0
Alec Baldwin,0.6666666666666666,Acting,Alec Baldwin,0.8457883297936517
Bai Lu,0.3333333333333333,Acting,白鹿,0.9982728557380028
Amy Sedaris,0.3333333333333333,Acting,Amy Sedaris,0.9307737441016786
Brendan Fraser,0.6666666666666666,Acting,Brendan Fraser,0.9965539753241496
Fairouz Ai,0.3333333333333333,Acting,ファイルーズあい,0.9011230569627052
Linda Hamilton,0.3333333333333333,Acting,Linda Hamilton,1.0
Laura Dern,0.3333333333333333,Acting,Laura Dern,1.0
Nikolaj Coster-Waldau,0.6666666666666666,Acting,Nikolaj Coster-Waldau,1.0
Tian Xuning,0.6666666666666666,Acting,田栩宁,1.0
Ajith Kumar,0.6666666666666666,Acting,Ajith Kumar,0.9343437264996819
Peter Dinklage,0.6666666666666666,Acting,Peter Dinklage,1.0
Jena Malone,0.3333333333333333,Acting,Jena Malone,1.0
Chow Yun-Fat,0.6666666666666666,Acting,周潤發,1.0
Christoph Waltz,0.6666666666666666,Acting,Christoph Waltz,1.0
Kat Dennings,0.3333333333333333,Acting,Kat Dennings,1.0
Tim Roth,0.6666666666666666,Acting,Tim Roth,1.0
Samyuktha,0.3333333333333333,Acting,Samyuktha,1.0
Matt Dillon,0.6666666666666666,Acting,Matt Dillon,0.8333264467932138
Danny Trejo,0.6666666666666666,Acting,Danny Trejo,0.9316331843086051
Colin Farrell,0.6666666666666666,Acting,Colin Farrell,0.9699774396945683
Billy Crudup,0.6666666666666666,Acting,Billy Crudup,0.7038484740804403
William Fichtner,0.6666666666666666,Acting,William Fichtner,1.0
Bill Nighy,0.6666666666666666,Acting,Bill Nighy,1.0
Yu Shuxin,0.3333333333333333,Acting,虞书欣,1.0
Aytek Şayan,0.6666666666666666,Acting,Aytek Şayan,0.8736870811261971
Xie Miao,0.6666666666666666,Acting,谢苗,1.0
Geena Davis,0.3333333333333333,Acting,Geena Davis,0.822484278028907
Laura San Giacomo,0.3333333333333333,Acting,Laura San Giacomo,1.0
Robert Duvall,0.6666666666666666,Acting,Robert Duvall,0.9897776198464577
Roch Voisine,0.6666666666666666,Acting,Roch Voisine,1.0
Yui Ishikawa,0.3333333333333333,Acting,石川由依,0.8444991694832616
Kenjiro Tsuda,0.6666666666666666,Acting,津田健次郎,0.9476650497070467
Javier Bardem,0.6666666666666666,Acting,Javier Bardem,0.992058441934071
Kaoru Mizuki,0.3333333333333333,Acting,水木薫,0.7825533637993869
Ulaş Tuna Astepe,0.6666666666666666,Acting,Ulaş Tuna Astepe,0.8588452098604238
Zack Snyder,0.6666666666666666,Directing,Zack Snyder,1.0
David Tennant,0.6666666666666666,Acting,David Tennant,0.8040724243651299
Emily Rudd,0.3333333333333333,Acting,Emily Rudd,1.0
Peter Jackson,0.6666666666666666,Directing,Peter Jackson,0.750192134469337
Chen Heyi,0.6666666666666666,Acting,陈鹤一,0.9523258600599956
Helena Bonham Carter,0.3333333333333333,Acting,Helena Bonham Carter,1.0
Annabel O'Hagan,0.3333333333333333,Acting,Annabel O'Hagan,0.8884958969993968
Kumiko Aso,0.3333333333333333,Acting,麻生久美子,1.0
Hannah Waddingham,0.3333333333333333,Acting,Hannah Waddingham,1.0
Cary Guffey,0.6666666666666666,Acting,Cary Guffey,0.8576221603351818
Tian Jiarui,0.6666666666666666,Acting,田嘉瑞,0.8571593848391441
Wang Xuan,0.6666666666666666,Acting,Wang Xuan,0.9799271128593742
Martin Lawrence,0.6666666666666666,Acting,Martin Lawrence,0.8316075663793602
Johnny Huang,0.6666666666666666,Acting,黄景瑜,0.9994628498706708
Marion Cotillard,0.3333333333333333,Acting,Marion Cotillard,1.0
Helen Mirren,0.3333333333333333,Acting,Helen Mirren,0.9280962573031757
Gino Cervi,0.6666666666666666,Acting,Gino Cervi,0.5504053417514401
Tilda Swinton,0.3333333333333333,Acting,Tilda Swinton,0.7975935674206049
Xu Kai,0.6666666666666666,Acting,许凯,0.9884554041434936
Ayaka Miyoshi,0.3333333333333333,Acting,三吉彩花,0.9042302638646713
Damián Alcázar,0.6666666666666666,Acting,Damián Alcázar,0.6661322711533854
Mari Somei,0.3333333333333333,Acting,染井真理,0.9004288937186491
Colin Firth,0.6666666666666666,Acting,Colin Firth,0.9524580816302921
Cole Sprouse,0.6666666666666666,Acting,Cole Sprouse,0.9797948912890778
Michael Miu Kiu-Wai,0.6666666666666666,Acting,苗僑偉,0.9794973927559106
Burak Özçivit,0.6666666666666666,Acting,Burak Özçivit,0.9465742217521012
Kim In-Ae,0.3333333333333333,Acting,김인애,1.0
Eric Dane,0.6666666666666666,Acting,Eric Dane,0.9781090662677981
Brian Cox,0.6666666666666666,Acting,Brian Cox,0.9747704716178136
Abigail Spencer,0.3333333333333333,Acting,Abigail Spencer,0.9743407515143501
Forest Whitaker,0.6666666666666666,Acting,Forest Whitaker,0.974274640729202
Tania Raymonde,0.3333333333333333,Acting,Tania Raymonde,0.9733160343445528
Ian Mcshane,0.6666666666666666,Acting,Ian McShane,0.97305159120396
Lily James,0.3333333333333333,Acting,Lily James,0.9720929848193112
Koo Kyo-Hwan,0.6666666666666666,Acting,구교환,0.96491996463073
Bryce Dallas Howard,0.3333333333333333,Acting,Bryce Dallas Howard,0.9644902445272665
Amber Heard,0.3333333333333333,Acting,Amber Heard,0.963696915105488
Gianna Jun,0.3333333333333333,Acting,전지현,1.0
Tan Songyun,0.3333333333333333,Acting,谭松韵,0.9430042393540977
Kathryn Bernardo,0.3333333333333333,Acting,Kathryn Bernardo,1.0
Robin Williams,0.6666666666666666,Acting,Robin Williams,0.8440363939872241
Tetsushi Tanaka,0.6666666666666666,Acting,田中哲司,1.0
Renato Godinho,0.6666666666666666,Acting,Renato Godinho,1.0
Sinem Ünsal,0.3333333333333333,Acting,Sinem Ünsal,0.8374914262575511
Jennifer Lopez,0.3333333333333333,Acting,Jennifer Lopez,0.8422183473956484
Ron Perlman,0.6666666666666666,Acting,Ron Perlman,1.0
Josh Duhamel,0.6666666666666666,Acting,Josh Duhamel,0.8126337710418234
Heath Ledger,0.6666666666666666,Acting,Heath Ledger,1.0
Shota Sometani,0.6666666666666666,Acting,染谷将太,1.0
Haley Lu Richardson,0.3333333333333333,Acting,Haley Lu Richardson,1.0
Simon Pegg,0.6666666666666666,Acting,Simon Pegg,0.8918675470419557
Kim Ju-Eun,0.3333333333333333,Acting,Kim Ju-eun,1.0
Yoo Su-Bin,0.6666666666666666,Acting,유수빈,1.0
Megumi Hayashibara,0.3333333333333333,Acting,林原めぐみ,0.8784470576568685
Mackenyu,0.6666666666666666,Acting,新田真剣佑,1.0
T.K. Carter,0.6666666666666666,Acting,T.K. Carter,1.0
Sam Rockwell,0.6666666666666666,Acting,Sam Rockwell,0.99857035427117
Rachel Weisz,0.3333333333333333,Acting,Rachel Weisz,0.9557305654951286
Kevin James,0.6666666666666666,Acting,Kevin James,0.9554330669619614
Ryeoun,0.6666666666666666,Acting,려운,0.9400623094150021
Kathryn Bernardo,0.3333333333333333,Acting,Kathryn Bernardo,0.952755580163459
Gianna Jun,0.3333333333333333,Acting,전지현,0.9525241924154402
Gene Wilder,0.6666666666666666,Acting,Gene Wilder,0.9516316968159393
Natalia Dyer,0.3333333333333333,Acting,Natalia Dyer,0.9479956036327876
Caitríona Balfe,0.3333333333333333,Acting,Caitríona Balfe,0.9477311604921947
Yen Renee Durano,0.3333333333333333,Acting,Yen Renee Durano,0.8479369303109686
Juri Kimura,0.3333333333333333,Acting,木村珠莉,0.8128651587898422
Yui Tatsumi,0.3333333333333333,Acting,辰巳ゆい,0.7755125651811022
Denise Richards,0.3333333333333333,Acting,Denise Richards,0.8010313282483122
Maitreyi Ramakrishnan,0.3333333333333333,Acting,Maitreyi Ramakrishnan,0.9966531415018719
Nithya Menen,0.3333333333333333,Acting,Nithya Menen,0.9958598120800932
Katherine Lanasa,0.3333333333333333,Acting,Katherine LaNasa,0.9955623135469264
Lisseth Chavez,0.3333333333333333,Acting,Lisseth Chavez,0.8843639729276335
Michelle Yeoh,0.3333333333333333,Acting,Michelle Yeoh,0.7664884430083715
Anthony Mackie,0.6666666666666666,Acting,Anthony Mackie,0.9578130552272971
Anton Batyrev,0.6666666666666666,Acting,Антон Батырев,0.9944714855919807
Jay Harrington,0.6666666666666666,Acting,Jay Harrington,0.9944053748068327
Bobby Cannavale,0.6666666666666666,Acting,Bobby Cannavale,0.9573172243386855
Martha Millan,0.3333333333333333,Acting,Martha Millan,0.9932153806741647
Akira Kurosawa,0.6666666666666666,Directing,黒澤明,0.8938178152038277
Dylan Sprouse,0.6666666666666666,Acting,Dylan Sprouse,0.9924551066449603
İrem Helvacıoğlu,0.3333333333333333,Acting,İrem Helvacıoğlu,0.9919262203637746
Cobie Smulders,0.3333333333333333,Acting,Cobie Smulders,0.9915956664380334
Aya Asahina,0.3333333333333333,Acting,朝比奈彩,0.9910337247642738
Tim Matheson,0.6666666666666666,Acting,Tim Matheson,1.0
Oona Chaplin,0.3333333333333333,Acting,Oona Chaplin,0.9906040046608106
William H. Macy,0.6666666666666666,Acting,William H. Macy,0.8917353254716592
Ben Stiller,0.6666666666666666,Acting,Ben Stiller,1.0
Joseph Quinn,0.6666666666666666,Acting,Joseph Quinn,0.9273029278813972
Claudia Cardinale,0.3333333333333333,Acting,Claudia Cardinale,0.8886942293548415
Sofia Carson,0.3333333333333333,Acting,Sofia Carson,0.8968258559280715
Reina Ueda,0.3333333333333333,Acting,上田麗奈,0.8587129882901273
F. Murray Abraham,0.6666666666666666,Acting,F. Murray Abraham,0.8201373451561453
Mamoru Miyano,0.6666666666666666,Acting,宮野真守,0.8551099504995496
Diora Baird,0.3333333333333333,Acting,Diora Baird,0.7463907643233149
Charles Bronson,0.6666666666666666,Acting,Charles Bronson,0.829624242824914
Wang Haozhen,0.6666666666666666,Acting,王皓祯,1.0
Siobhan Finneran,0.3333333333333333,Acting,Siobhan Finneran,1.0
Vivian Hsu,0.3333333333333333,Acting,徐若瑄,0.9604244312406516
Meghann Fahy,0.3333333333333333,Acting,Meghann Fahy,0.9129899428968092
Liu Yuning,0.6666666666666666,Acting,刘宇宁,0.9930170483187202
Thomas Brodie-Sangster,0.6666666666666666,Acting,Thomas Brodie-Sangster,0.9388062044971861
Riz Ahmed,0.6666666666666666,Acting,Riz Ahmed,0.8436066738837609
Lauren German,0.3333333333333333,Acting,Lauren German,1.0
Clara Stack,0.3333333333333333,Acting,Clara Stack,0.9196010214116306
Akira Ishida,0.6666666666666666,Acting,石田彰,0.9119982811195864
John Leguizamo,0.6666666666666666,Acting,John Leguizamo,0.8693237693064153
Takehito Koyasu,0.6666666666666666,Sound,子安武人,0.8631093555024831
Genesis Rodriguez,0.3333333333333333,Acting,Genesis Rodriguez,0.8096587857101538
Neve Campbell,0.3333333333333333,Acting,Neve Campbell,0.8541843995074748
Ntora Anagnostopoulou,0.3333333333333333,Acting,Ντόρα Αναγνωστοπούλου,0.49526894693783113
Ronda Rousey,0.3333333333333333,Acting,Ronda Rousey,0.4266459519539869
Terrence J,0.6666666666666666,Acting,Terrence J,0.6480509714153493
Amy Schumer,0.3333333333333333,Acting,Amy Schumer,0.7555471080663423
Guan Tingna,0.3333333333333333,Acting,关婷娜,0.8210298407556462
Charlotte Riley,0.3333333333333333,Acting,Charlotte Riley,1.0
Eva Longoria,0.3333333333333333,Acting,Eva Longoria,0.8314753448090637
Heiko Ruprecht,0.6666666666666666,Acting,Heiko Ruprecht,1.0
Kim Bum,0.6666666666666666,Acting,김범,1.0
Richard T. Jones,0.6666666666666666,Acting,Richard T. Jones,0.6875521655414061
Paul Bettany,0.6666666666666666,Acting,Paul Bettany,0.9811501623846162
Sally Field,0.3333333333333333,Acting,Sally Field,0.8859836871637647
Rikako Aikawa,0.3333333333333333,Acting,愛河里花子,0.7461924319678701
Vincent D'Onofrio,0.6666666666666666,Acting,Vincent D'Onofrio,0.8936194828483833
Jamie Foxx,0.6666666666666666,Acting,Jamie Foxx,0.8905122759464172
Rieko Miura,0.3333333333333333,Acting,三浦理恵子,0.9419795221843005
Sam Lee,0.6666666666666666,Acting,李燦森,0.6908246494062426
Téa Leoni,0.3333333333333333,Acting,Téa Leoni,0.875141518399458
Wen Zhicheng,0.6666666666666666,Acting,Wen Zhicheng,0.9855795849895463
Ananya Panday,0.3333333333333333,Acting,Ananya Panday,0.8518044112421391
Ajay Devgn,0.6666666666666666,Acting,Ajay Devgan,0.8227817765620739
Jim Caviezel,0.6666666666666666,Acting,Jim Caviezel,0.955829731672851
Kazuya Nakai,0.6666666666666666,Acting,中井和哉,0.7778925534464379
Vincent Cassel,0.6666666666666666,Acting,Vincent Cassel,0.8319050649125272
Brendan Gleeson,0.6666666666666666,Acting,Brendan Gleeson,0.9008255584295384
Maggie Cheung,0.3333333333333333,Acting,張曼玉,0.8831078680098174
Jonathan Bailey,0.6666666666666666,Acting,Jonathan Bailey,0.8952722524770885
Jared Leto,0.6666666666666666,Acting,Jared Leto,0.9968845292498905
Jameela Jamil,0.3333333333333333,Acting,Jameela Jamil,0.7895611070250974
Yoon Se-Na,0.3333333333333333,Acting,Yoon Se-na,0.9043955408275417
James Caan,0.6666666666666666,Acting,James Caan,0.824434546190779
Tony Leung Ka-Fai,0.6666666666666666,Acting,梁家輝,0.858018825046071
Deborah Ann Woll,0.3333333333333333,Acting,Deborah Ann Woll,0.882380649373187
Emmanuelle Chriqui,0.3333333333333333,Acting,Emmanuelle Chriqui,0.9092216281433614
Oniroku Dan,0.6666666666666666,Writing,団鬼六,0.9248237734383392
Topher Grace,0.6666666666666666,Acting,Topher Grace,0.9128577213265128
Brenda Song,0.3333333333333333,Acting,Brenda Song,0.9187746365972779
Tobey Maguire,0.6666666666666666,Acting,Tobey Maguire,0.9169896453982761
Chace Crawford,0.6666666666666666,Acting,Chace Crawford,0.8447305572312804
Danny Devito,0.6666666666666666,Acting,Danny DeVito,0.8781165037311276
Valeria Nemchenko,0.3333333333333333,Acting,Valeria Nemchenko,0.9514333644604949
Wang Xingyue,0.6666666666666666,Acting,王星越,0.7595798659603833
Dana Delany,0.3333333333333333,Acting,Dana Delany,0.9105438438463255
Yuriko Yoshitaka,0.3333333333333333,Acting,吉高由里子,0.7572329330876216
Antonio Prieto,0.6666666666666666,Acting,Antonio Prieto,0.7738267401598229
Laurence Fishburne,0.6666666666666666,Acting,Laurence Fishburne,0.9302118024279186
Ming-Na Wen,0.3333333333333333,Acting,Ming-Na Wen,0.9415167466882629
Zeynep Parla,0.3333333333333333,Acting,Zeynep Parla,0.7720748043533953
Jennifer Esposito,0.3333333333333333,Acting,Jennifer Esposito,1.0
James Gunn,0.6666666666666666,Writing,James Gunn,0.8079068499037261
Lucía Méndez,0.3333333333333333,Acting,Lucía Méndez,0.5631316678924708
Steven Seagal,0.6666666666666666,Acting,Steven Seagal,0.9138163277111621
Arthur Chen,0.6666666666666666,Acting,陈飞宇,0.8721334776752142
Holly Cattle,0.3333333333333333,Acting,Holly Cattle,0.8733895825930302
Bruna Marquezine,0.3333333333333333,Acting,Bruna Marquezine,0.8069812989116513
Colby Minifie,0.3333333333333333,Acting,Colby Minifie,0.8700509879430457
Tom Blyth,0.6666666666666666,Acting,Tom Blyth,1.0
Gökhan Alkan,0.6666666666666666,Acting,Gökhan Alkan,0.6051450718541597
Steve Zahn,0.6666666666666666,Acting,Steve Zahn,0.8689932153806742
Jack Martin,0.6666666666666666,Acting,Jack Martin,0.873654025733623
Maria Bello,0.3333333333333333,Acting,Maria Bello,0.9026766604136884
Paul Walter Hauser,0.6666666666666666,Acting,Paul Walter Hauser,0.7941888619854721
Zach Mcgowan,0.6666666666666666,Acting,Zach McGowan,0.7551834987480271
Shin Hye-Sun,0.3333333333333333,Acting,신혜선,1.0
Kalyani Priyadarshan,0.3333333333333333,Acting,കല്യാണി പ്രിയദർശൻ,0.9479956036327876
Abigail Breslin,0.3333333333333333,Acting,Abigail Breslin,0.8859175763786167
Ken Watanabe,0.6666666666666666,Acting,渡辺謙,0.8858184102008942
Jaime Murray,0.3333333333333333,Acting,Jaime Murray,0.8982472378087579
Walker Scobell,0.6666666666666666,Acting,Walker Scobell,0.8820500954474462
Alanna Ubach,0.3333333333333333,Acting,Alanna Ubach,0.881719541521705
Yeung Fan,0.3333333333333333,Acting,楊梵,0.8809923228850746
Leslie Nielsen,0.6666666666666666,Acting,Leslie Nielsen,0.8801659380707221
Haruka Tomatsu,0.3333333333333333,Acting,戸松遥,0.9733821451297012
Orlando Bloom,0.6666666666666666,Acting,Orlando Bloom,0.8782156699088497
Mary Mcdonnell,0.3333333333333333,Acting,Mary McDonnell,0.8780173375534052
Cho Yeo-Jeong,0.3333333333333333,Acting,조여정,0.9189068581675742
Christian Slater,0.6666666666666666,Acting,Christian Slater,0.8458213851862257
Philip Seymour Hoffman,0.6666666666666666,Acting,Philip Seymour Hoffman,0.6855027312018116
Meng Ziyi,0.3333333333333333,Acting,孟子义,0.9877942962920113
Rikiya Koyama,0.6666666666666666,Acting,小山力也,0.7484071432703353
Asuka Saito,0.3333333333333333,Acting,齋藤飛鳥,0.8327645051194541
Cameron Crovetti,0.6666666666666666,Acting,Cameron Crovetti,0.8889917278880084
Shae Marks,0.3333333333333333,Acting,Shae Marks,0.7521093472386351
Jessica Biel,0.3333333333333333,Acting,Jessica Biel,0.9798940574668001
Raffaella Carrà,0.3333333333333333,Acting,Raffaella Carrà,0.5917245824690726
Aamir Khan,0.6666666666666666,Acting,Aamir Khan,0.820005123585849
Christopher Lloyd,0.6666666666666666,Acting,Christopher Lloyd,0.7433496682064972
Cara Buono,0.3333333333333333,Acting,Cara Buono,0.9042633192572453
Kristen Bell,0.3333333333333333,Acting,Kristen Bell,0.895437529439959
Hugh Laurie,0.6666666666666666,Acting,Hugh Laurie,0.8349461610293449
María Valverde,0.3333333333333333,Acting,María Valverde,0.9134527183928468
Kappei Yamaguchi,0.6666666666666666,Acting,山口勝平,0.8902147774132504
Mayumi Tanaka,0.3333333333333333,Acting,田中真弓,0.7870488971894654
Toshihiko Seki,0.6666666666666666,Acting,関俊彦,0.685701063557256
Joey Wong,0.3333333333333333,Acting,王祖賢,0.8744142997628275
Mark Harmon,0.6666666666666666,Acting,Mark Harmon,0.8743481889776795
Valeria Nemchenko,0.3333333333333333,Acting,Valeria Nemchenko,0.8739515242667902
Yoko Hikasa,0.3333333333333333,Acting,日笠陽子,0.7453991025460917
Ke Huy Quan,0.6666666666666666,Acting,Ke Huy Quan,0.8728276409192706
Mickey Rourke,0.6666666666666666,Acting,Mickey Rourke,0.8725631977786777
Ayumi Ito,0.3333333333333333,Acting,伊藤歩,0.8724970869935295
Justin Theroux,0.6666666666666666,Acting,Justin Theroux,0.8721665330677882
Lee Sang-Yi,0.6666666666666666,Acting,이상이,0.9563255625614623
Nicola Coughlan,0.3333333333333333,Acting,Nicola Coughlan,0.7605715277376065
Lin Yun,0.3333333333333333,Acting,林允,0.8711748712905654
Junko Takeuchi,0.3333333333333333,Acting,竹内順子,0.8696212678395822
Andrew Garfield,0.6666666666666666,Acting,Andrew Garfield,0.8691254369509706
Yuichi Nakamura,0.6666666666666666,Acting,中村悠一,0.7441760530208497
Christina Hendricks,0.3333333333333333,Acting,Christina Hendricks,0.8683982183143402
Jeremy Renner,0.6666666666666666,Acting,Jeremy Renner,0.8242692692279087
Nguyễn Phan Linh Đan,0.3333333333333333,Camera,Nguyễn Phan Linh Đan,1.0
Yvonne Yung Hung,0.3333333333333333,Acting,翁虹,0.8754390169326248
Keeley Hawes,0.3333333333333333,Acting,Keeley Hawes,0.8675057227148393
Lochlyn Munro,0.6666666666666666,Acting,Lochlyn Munro,0.8389789189233859
Zhou Yiran,0.6666666666666666,Acting,周翊然,0.7507210207505226
Tina Fey,0.3333333333333333,Acting,Tina Fey,0.7765703377434738
Gustaf Skarsgård,0.6666666666666666,Acting,Gustaf Skarsgård,0.7499276913287442
Keith David,0.6666666666666666,Acting,Keith David,0.8337231115041029
Kit Harington,0.6666666666666666,Acting,Kit Harington,0.7893958300622267
吴 梦梦,0.3333333333333333,Acting,吴 梦梦,0.9019824971696321
Leslie Bibb,0.3333333333333333,Acting,Leslie Bibb,0.8132287681081574
Danielle Panabaker,0.3333333333333333,Acting,Danielle Panabaker,0.9611185944847079
Ángela Contreras,0.3333333333333333,Acting,Ángela Contreras,1.0
Amitabh Bachchan,0.6666666666666666,Acting,Amitabh Bachchan,0.7311191729540779
Finn Cole,0.6666666666666666,Acting,Finn Cole,0.9043294300423936
Simon Yam,0.6666666666666666,Acting,任達華,0.7917427629349884
Ryan Cheng,0.6666666666666666,Acting,丞磊,0.771083142576172
Hao Lei,0.3333333333333333,Acting,郝蕾,0.7195497855531408
Atsuko Takahata,0.3333333333333333,Acting,高畑淳子,0.731747225412986
Johnny Dorelli,0.6666666666666666,Acting,Johnny Dorelli,0.6640828368137909
Suzy,0.3333333333333333,Acting,수지,0.9188076919898521
Lee Pace,0.6666666666666666,Acting,Lee Pace,0.7344908229966365
Kim Hye-Yoon,0.3333333333333333,Acting,김혜윤,0.9285920881917873
Katee Sackhoff,0.3333333333333333,Acting,Katee Sackhoff,0.8475733209926535
Whoopi Goldberg,0.3333333333333333,Acting,Whoopi Goldberg,0.9220471204621143
Barry Keoghan,0.6666666666666666,Acting,Barry Keoghan,0.763844011602443
Naomi Watts,0.3333333333333333,Acting,Naomi Watts,0.8491269244436366
Thandiwe Newton,0.3333333333333333,Acting,Thandiwe Newton,0.8931897627449198
Odette Annable,0.3333333333333333,Acting,Odette Annable,0.8440363939872241
Yoo Yeon-Seok,0.6666666666666666,Acting,유연석,0.8435075077060384
Anna Kendrick,0.3333333333333333,Acting,Anna Kendrick,0.9194357444487602
Joaquim De Almeida,0.6666666666666666,Acting,Joaquim de Almeida,0.74490327165748
Seth Macfarlane,0.6666666666666666,Acting,Seth MacFarlane,0.8340867208224182
Asami Mizukawa,0.3333333333333333,Acting,水川あさみ,0.906676362915155
Judith Hoersch,0.3333333333333333,Acting,Judith Hoersch,0.5782379822988374
Benicio Del Toro,0.6666666666666666,Acting,Benicio del Toro,0.8022213223809799
Blake Lively,0.3333333333333333,Acting,Blake Lively,0.7982546752720874
Lee El,0.3333333333333333,Acting,이엘,0.731185283739226
Ishaan Khatter,0.6666666666666666,Acting,ईशान खट्टर,0.9151715988067004
Sophie Nélisse,0.3333333333333333,Acting,Sophie Nélisse,0.9329884554041434
Ving Rhames,0.6666666666666666,Acting,Ving Rhames,0.8260873158194847
Oliver Platt,0.6666666666666666,Acting,Oliver Platt,0.7553818311034716
Seth Green,0.6666666666666666,Acting,Seth Green,0.8010643836408863
Prabhas,0.6666666666666666,Acting,Prabhas,0.8216248378219801
Adam Dimarco,0.6666666666666666,Acting,Adam DiMarco,0.8554405044252908
Maggie Q,0.3333333333333333,Acting,Maggie Q,0.854614119610938
Keke Palmer,0.3333333333333333,Acting,Keke Palmer,0.7727028568123033
Lilián García,0.3333333333333333,Acting,Lilián García,0.2881438570684825
Joko Anwar,0.6666666666666666,Directing,Joko Anwar,0.6131775322496673
Sophia Crawford,0.3333333333333333,Acting,Sophia Crawford,0.32529811832177774
Gong Yoo,0.6666666666666666,Acting,공유,0.846184994504541
Macaulay Culkin,0.6666666666666666,Acting,Macaulay Culkin,0.8308142369575817
Renee Rea,0.3333333333333333,Acting,Renee Rea,0.8970902990686643
Hayden Panettiere,0.3333333333333333,Acting,Hayden Panettiere,0.8371608723318102
Caleb Mclaughlin,0.6666666666666666,Acting,Caleb McLaughlin,0.8369625399763655
Alexander Ludwig,0.6666666666666666,Acting,Alexander Ludwig,0.8369294845837915
Bob Odenkirk,0.6666666666666666,Acting,Bob Odenkirk,0.8366319860506243
Alona Tal,0.3333333333333333,Acting,Alona Tal,0.835574213488253
Honor Blackman,0.3333333333333333,Acting,Honor Blackman,0.8354089365253826
Mert Ramazan Demir,0.6666666666666666,Acting,Mert Ramazan Demir,0.7954449669032881
Manuel Luís Goucha,0.6666666666666666,Acting,Manuel Luís Goucha,0.5729160640944062
Shota Sometani,0.6666666666666666,Acting,染谷将太,0.8319381203051013
Tuba Büyüküstün,0.3333333333333333,Acting,Tuba Büyüküstün,0.8317397879496565
Kang Min-Woo,0.6666666666666666,Acting,Kang Min-woo,0.7315819484501151
Danny Ramirez,0.6666666666666666,Acting,Danny Ramirez,0.6416051698633987
Xiao Zhan,0.6666666666666666,Acting,肖战,0.764538174846499
Chris Pine,0.6666666666666666,Acting,Chris Pine,0.7539935046153591
Rashmika Mandanna,0.3333333333333333,Acting,Rashmika Mandanna,0.7063937393086464
Joe Pesci,0.6666666666666666,Acting,Joe Pesci,0.8033782611210736
Jeremy Davies,0.6666666666666666,Acting,Jeremy Davies,1.0
Samantha Morton,0.3333333333333333,Acting,Samantha Morton,0.6413076713302317
Liu Haocun,0.3333333333333333,Acting,刘浩存,0.6972373955656191
Hayley Atwell,0.3333333333333333,Acting,Hayley Atwell,0.7890322207439115
Norman Reedus,0.6666666666666666,Acting,Norman Reedus,0.7581254286871224
Sela Ward,0.3333333333333333,Acting,Sela Ward,0.7695295391251892
Francis Ng Chun-Yu,0.6666666666666666,Acting,吳鎮宇,0.6650414431984397
Louis Koo,0.6666666666666666,Acting,古天樂,0.9167913130428317
Rajat Bedi,0.6666666666666666,Acting,Rajat Bedi,0.31177846275896837
Diego Luna,0.6666666666666666,Acting,Diego Luna,0.7081126197225
Riho Yoshioka,0.3333333333333333,Acting,吉岡里帆,0.7080795643299259
Lee Yuet-Sin,0.3333333333333333,Acting,李月仙,0.95992860035204
Abbie Cornish,0.3333333333333333,Acting,Abbie Cornish,0.7607368047004769
Susana Giménez,0.3333333333333333,Acting,Susana Giménez,1.0
Ayanna Misola,0.3333333333333333,Acting,Ayanna Misola,0.9878604070771596
Ha Ji-Won,0.3333333333333333,Acting,하지원,0.8299878521432292
Gloria Lam Suk-Yan,0.3333333333333333,Acting,Gloria Lam Suk-Yan,0.4206298705054996
Kareena Kapoor Khan,0.3333333333333333,Acting,करीना कपूर खान,0.7878091712186698
Dhanush,0.6666666666666666,Acting,Dhanush,0.9143452139923477
Romi Park,0.3333333333333333,Acting,朴璐美,0.757993207116826
Parker Posey,0.3333333333333333,Acting,Parker Posey,0.9111057855200855
Ikue Otani,0.3333333333333333,Acting,大谷育江,0.7299622342139842
Camila Morrone,0.3333333333333333,Acting,Camila Morrone,0.8115098876943038
Justin Berfield,0.6666666666666666,Acting,Justin Berfield,0.7191200654496772
Will Ferrell,0.6666666666666666,Acting,Will Ferrell,0.7659595567271855
Tricia Helfer,0.3333333333333333,Acting,Tricia Helfer,0.6992537745126397
Evan Peters,0.6666666666666666,Acting,Evan Peters,0.8566966093431069
Saoirse Ronan,0.3333333333333333,Acting,Saoirse Ronan,0.7675462155707428
Ahn Hyo-Seop,0.6666666666666666,Acting,안효섭,0.8139890421373619
Satoshi Hino,0.6666666666666666,Acting,日野聡,0.6875852209339801
Dominique Mcelligott,0.3333333333333333,Acting,Dominique McElligott,0.8257237065011694
Lee Cronin,0.6666666666666666,Directing,Lee Cronin,0.661306183837566
Jonathan Banks,0.6666666666666666,Acting,Jonathan Banks,0.7486715864109281
Indira Varma,0.3333333333333333,Acting,Indira Varma,0.7340941582857473
Jodi Lyn O'Keefe,0.3333333333333333,Acting,Jodi Lyn O'Keefe,0.7472502045302416
Francesca Manzini,0.3333333333333333,Acting,Francesca Manzini,0.6251766397540679
Guillermo Del Toro,0.6666666666666666,Directing,Guillermo del Toro,0.6773711046285813
Alida Valli,0.3333333333333333,Acting,Alida Valli,0.3490980009751341
Kaya Scodelario,0.3333333333333333,Acting,Kaya Scodelario,0.7473163153153897
Farrah Fawcett,0.3333333333333333,Acting,Farrah Fawcett,0.7809005941706816
Wilson Bethel,0.6666666666666666,Acting,Wilson Bethel,0.7651001165202587
Gemma Arterton,0.3333333333333333,Acting,Gemma Arterton,1.0
Takeru Satoh,0.6666666666666666,Acting,佐藤健,0.8246989893313722
Krista Allen,0.3333333333333333,Acting,Krista Allen,0.7252022576833129
Philippe Leroy,0.6666666666666666,Acting,Philippe Leroy,0.8067829665562065
Felicity Jones,0.3333333333333333,Acting,Felicity Jones,0.8063201910601692
Martha Millan,0.3333333333333333,Acting,Martha Millan,0.8056590832086868
Cary Elwes,0.6666666666666666,Acting,Cary Elwes,0.8049649199646308
Matt Clark,0.6666666666666666,Acting,Matt Clark,0.8038740920096852
Lauren Lapkus,0.3333333333333333,Acting,Lauren Lapkus,0.8038410366171111
Nell Fisher,0.3333333333333333,Acting,Nell Fisher,0.8037749258319627
John Wayne,0.6666666666666666,Acting,John Wayne,0.801890768455239
Priyanka Chopra Jonas,0.3333333333333333,Acting,Priyanka Chopra Jonas,0.8015932699220719
Jun Shison,0.6666666666666666,Acting,志尊淳,0.6706939153286119
Wioleta Przystarz,0.3333333333333333,Acting,Wioleta Przystarz,0.2511218173854837
Susan Heyward,0.3333333333333333,Acting,Susan Heyward,0.6796849821087687
John Hurt,0.6666666666666666,Acting,John Hurt,0.8003371650042559
Olivia Colman,0.3333333333333333,Acting,Olivia Colman,0.7995768909750515
Barış Baktaş,0.6666666666666666,Acting,Barış Baktaş,0.7368708112619722
Carrie Coon,0.3333333333333333,Acting,Carrie Coon,0.8670760026113761
Leslie Mann,0.3333333333333333,Acting,Leslie Mann,0.7924038707864703
Yumi Yoshiyuki,0.3333333333333333,Acting,吉行由実,1.0
Ryotaro Okiayu,0.6666666666666666,Acting,置鮎龍太郎,0.7231858787362925
Jennifer Garner,0.3333333333333333,Acting,Jennifer Garner,0.8668115594707833
Charlton Heston,0.6666666666666666,Acting,Charlton Heston,0.7962382963250668
Stephen Lang,0.6666666666666666,Acting,Stephen Lang,0.8404994669817948
Alexandra Breckenridge,0.3333333333333333,Acting,Alexandra Breckenridge,0.6901635415547606
Miyu Irino,0.6666666666666666,Acting,入野自由,0.7073854010858696
Gigi Proietti,0.6666666666666666,Acting,Gigi Proietti,0.6234908147327884
Tomokazu Seki,0.6666666666666666,Acting,関智一,0.7724053582791361
Konomi Suzuki,0.3333333333333333,Sound,鈴木このみ,0.5368195754034824
Hochu Otsuka,0.6666666666666666,Acting,大塚芳忠,0.7316150038426895
Santiago Cabrera,0.6666666666666666,Acting,Santiago Cabrera,0.7073854010858696
Aaron Paul,0.6666666666666666,Acting,Aaron Paul,0.7821897544810716
Liam Hemsworth,0.6666666666666666,Acting,Liam Hemsworth,0.7921724830384516
Apphle Celso,0.0,Acting,Apphle Celso,0.7919741506830071
Marina Ruy Barbosa,0.3333333333333333,Acting,Marina Ruy Barbosa,0.7919410952904331
Shen Yue,0.3333333333333333,Acting,沈月,0.6642150583840872
Horst Buchholz,0.6666666666666666,Acting,Horst Buchholz,0.7907180457651911
Alexander Skarsgård,0.6666666666666666,Acting,Alexander Skarsgård,0.7906519349800427
Matt Bomer,0.6666666666666666,Acting,Matt Bomer,0.7894619408473751
Nico Locco,0.6666666666666666,Acting,Nico Locco,0.7886686114255966
Ko Shibasaki,0.3333333333333333,Acting,柴咲コウ,0.7886355560330223
Billy Burke,0.6666666666666666,Acting,Billy Burke,0.7884041682850035
Risa Mizuno,0.3333333333333333,Acting,水野理紗,0.7879744481815403
Keith Carradine,0.6666666666666666,Acting,Keith Carradine,0.7879744481815403
Gordon Tootoosis,0.6666666666666666,Acting,Gordon Tootoosis,0.7878422266112438
Shohreh Aghdashloo,0.3333333333333333,Acting,Shohreh Aghdashloo,0.7497954697584478
Rupert Friend,0.6666666666666666,Acting,Rupert Friend,0.7713806411093389
Tomokazu Sugita,0.6666666666666666,Acting,杉田智和,0.7009065441413449
Ruth Gemmell,0.3333333333333333,Acting,Ruth Gemmell,0.780437818674644
Michael Keaton,0.6666666666666666,Acting,Michael Keaton,0.8099893396358949
Yukari Tamura,0.3333333333333333,Acting,田村ゆかり,0.72179755224818
Judy Greer,0.3333333333333333,Acting,Judy Greer,0.7335322166119876
Matthew Lillard,0.6666666666666666,Acting,Matthew Lillard,0.8881983984662299
Dónal Finn,0.6666666666666666,Acting,Dónal Finn,0.6112933748729434
Titus Welliver,0.6666666666666666,Acting,Titus Welliver,0.6802138683899546
Colin Hanks,0.6666666666666666,Acting,Colin Hanks,0.9424092422877638
Adrianne Palicki,0.3333333333333333,Acting,Adrianne Palicki,0.7328049979753573
Katy O'Brian,0.3333333333333333,Acting,Katy O'Brian,0.825922038856614
Amy Smart,0.3333333333333333,Acting,Amy Smart,0.8462841606822633
Maggie Gyllenhaal,0.3333333333333333,Acting,Maggie Gyllenhaal,0.7060631853829055
Luke Grimes,0.6666666666666666,Acting,Luke Grimes,0.8138237651744911
Kıvanç Tatlıtuğ,0.6666666666666666,Acting,Kıvanç Tatlıtuğ,0.8173276367873464
Saula Benavente,0.0,Production,Saula Benavente,0.33534695766430594
Nao Toyama,0.3333333333333333,Acting,東山奈央,0.7546215570742671
Evangeline Lilly,0.3333333333333333,Acting,Evangeline Lilly,0.8101215612061914
Henry Winkler,0.6666666666666666,Acting,Henry Winkler,0.7066251270566651
Yoshimasa Hosoya,0.6666666666666666,Acting,細谷佳正,0.7496632481881513
Park Bo-Gum,0.6666666666666666,Acting,박보검,0.8170301382541796
Alejandro Speitzer,0.6666666666666666,Acting,Alejandro Speitzer,0.6378037997173763
Wallace Chung,0.6666666666666666,Acting,鍾漢良,0.8721004222826402
Penélope Cruz,0.3333333333333333,Acting,Penélope Cruz,0.8206001206521829
Natsuko Takahashi,0.3333333333333333,Writing,高橋ナツコ,0.5972448330289484
Maaya Uchida,0.3333333333333333,Acting,内田真礼,0.8424827905362412
Regé-Jean Page,0.6666666666666666,Acting,Regé-Jean Page,0.702757646125495
Shin-Ichiro Miki,0.6666666666666666,Acting,三木眞一郎,0.6685783702038691
Sophie Ngan Chin-Man,0.3333333333333333,Acting,顏仟汶,0.7403746828748274
Malin Åkerman,0.3333333333333333,Acting,Malin Åkerman,0.741432455437199
Sena Natsuki,0.3333333333333333,Acting,奈月セナ,1.0
Song Yuqi,0.3333333333333333,Acting,宋雨琦,0.7638109562098686
Miryam Gallego,0.3333333333333333,Acting,Miryam Gallego,0.7198142286937336
Eva Mendes,0.3333333333333333,Acting,Eva Mendes,0.7795453230751431
C. Thomas Howell,0.6666666666666666,Acting,C. Thomas Howell,0.7192192316273995
Ah Ri,0.3333333333333333,Acting,Ah Ri,0.8258889834640399
Allison Janney,0.3333333333333333,Acting,Allison Janney,0.7631829037509607
Tom Wlaschiha,0.6666666666666666,Acting,Tom Wlaschiha,0.7642406763133321
Jeremy Piven,0.6666666666666666,Acting,Jeremy Piven,0.7247725375798494
Linda Evans,0.3333333333333333,Acting,Linda Evans,0.7787189382607906
Kaitlyn Dever,0.3333333333333333,Acting,Kaitlyn Dever,0.6901965969473346
Patrick Schwarzenegger,0.6666666666666666,Acting,Patrick Schwarzenegger,0.8084687915774861
Peter Stormare,0.6666666666666666,Acting,Peter Stormare,0.6669256005751638
Rie Kugimiya,0.3333333333333333,Acting,釘宮理恵,0.5898073696997743
Oliver Hudson,0.6666666666666666,Acting,Oliver Hudson,0.7406391260154203
Yu Rongguang,0.6666666666666666,Acting,于荣光,0.8600682593856654
Kim Ji-Won,0.3333333333333333,Acting,김지원,0.7233511556991629
Daniel Day-Lewis,0.6666666666666666,Acting,Daniel Day-Lewis,0.7498285251510218
Peter Gardiner,0.6666666666666666,Acting,Peter Gardiner,0.7687031543108364
Michael J. Fox,0.6666666666666666,Acting,Michael J. Fox,0.768603988133114
Liev Schreiber,0.6666666666666666,Acting,Liev Schreiber,0.7681081572445024
Ülkü Hilal Çiftçi,0.3333333333333333,Acting,Ülkü Hilal Çiftçi,0.6604797990232131
Tatiana Maslany,0.3333333333333333,Acting,Tatiana Maslany,0.767314827822724
John Lithgow,0.6666666666666666,Acting,John Lithgow,0.7672817724301499
Kate Del Castillo,0.3333333333333333,Acting,Kate del Castillo,0.7651001165202587
Mariya Ise,0.3333333333333333,Acting,伊瀬茉莉也,0.6562156533811535
Maaya Sakamoto,0.3333333333333333,Acting,坂本真綾,0.763910122387591
Sterling K. Brown,0.6666666666666666,Acting,Sterling K. Brown,0.6930393607087075
Gina Gershon,0.3333333333333333,Acting,Gina Gershon,0.7623895743291822
Rosario Dawson,0.3333333333333333,Acting,Rosario Dawson,0.7622242973663117
Alan Cumming,0.6666666666666666,Acting,Alan Cumming,0.7288714062590387
Amanda Tapping,0.3333333333333333,Acting,Amanda Tapping,0.5468023039608625
Michael Rapaport,0.6666666666666666,Acting,Michael Rapaport,0.6555214901370973
Rie Takahashi,0.3333333333333333,Acting,高橋李依,0.7126081531125785
Kris Van Damme,0.6666666666666666,Acting,Kris Van Damme,0.7539273938302111
Dawn Olivieri,0.3333333333333333,Acting,Dawn Olivieri,0.7157484154071186
Mary-Louise Parker,0.3333333333333333,Acting,Mary-Louise Parker,0.6907254832285202
Cindy Yip Sin-Yi,0.3333333333333333,Acting,葉先兒,0.7605054169524581
Tomer Capone,0.6666666666666666,Acting,תומר קאפון,0.7185250683833435
Vic Armstrong,0.6666666666666666,Crew,Vic Armstrong,0.22120668710591776
Angela Bassett,0.3333333333333333,Acting,Angela Bassett,0.7780247750167343
Wang Xingchen,0.3333333333333333,Acting,王星辰,0.6761811104959137
Kerry Washington,0.3333333333333333,Acting,Kerry Washington,0.646695700319811
Hakan Çelebi,0.6666666666666666,Acting,Hakan Çelebi,0.7522085134163574
Dustin Hoffman,0.6666666666666666,Acting,Dustin Hoffman,1.0
Lisa Kudrow,0.3333333333333333,Acting,Lisa Kudrow,0.719351453197696
Amanda Righetti,0.3333333333333333,Acting,Amanda Righetti,0.64765430670446
Taka Katou,0.6666666666666666,Acting,加藤鷹,0.7930319232453784
Will Poulter,0.6666666666666666,Acting,Will Poulter,0.7563073820955467
Ninh Dương Lan Ngọc,0.3333333333333333,Acting,Ninh Dương Lan Ngọc,1.0
Bill Pullman,0.6666666666666666,Acting,Bill Pullman,0.7560098835623796
Toshirō Mifune,0.6666666666666666,Acting,三船敏郎,0.7558115512069351
Yasuko Tomita,0.3333333333333333,Acting,富田靖子,0.568486641489476
Skyler Gisondo,0.6666666666666666,Acting,Skyler Gisondo,0.7551834987480271
Gugu Mbatha-Raw,0.3333333333333333,Acting,Gugu Mbatha-Raw,0.7995438355824774
Bob Burns,0.6666666666666666,Acting,Bob Burns,0.7544893355039708
James Remar,0.6666666666666666,Acting,James Remar,0.7540596154005075
Mädchen Amick,0.3333333333333333,Acting,Mädchen Amick,0.7537621168673403
Paul Giamatti,0.6666666666666666,Acting,Paul Giamatti,0.7537621168673403
David Alpay,0.6666666666666666,Acting,David Alpay,0.7535637845118959
Paty Cofré,0.3333333333333333,Acting,Paty Cofré,0.28728441686155576
Jason Lee,0.6666666666666666,Acting,Jason Lee,0.7526051781272467
Ayana Taketatsu,0.3333333333333333,Acting,竹達彩奈,0.7522085134163574
Peter Svatek,0.6666666666666666,Directing,Peter Svatek,0.751448239387153
Jamie Campbell Bower,0.6666666666666666,Acting,Jamie Campbell Bower,0.7513490732094307
Tsutomu Yamazaki,0.6666666666666666,Acting,山崎努,0.7508532423208191
Ju Jingyi,0.3333333333333333,Acting,鞠婧祎,0.7502913006470594
Diane Kruger,0.3333333333333333,Acting,Diane Kruger,0.7499938021138925
Bill Hader,0.6666666666666666,Acting,Bill Hader,0.7494318604401325
Yui Aragaki,0.3333333333333333,Acting,新垣結衣,0.7493326942624102
Megan Boone,0.3333333333333333,Acting,Megan Boone,0.7490351957292434
Chiaki Kobayashi,0.6666666666666666,Acting,小林千晃,0.7488368633737985
Park Seo-Jun,0.6666666666666666,Acting,박서준,0.7245742052244049
Keiko Toda,0.3333333333333333,Acting,戸田恵子,0.7486054756257801
Kenichi Suzumura,0.6666666666666666,Acting,鈴村健一,0.6409440620119164
Elizabeth Perkins,0.3333333333333333,Acting,Elizabeth Perkins,0.7138973134229686
Melissa Mccarthy,0.3333333333333333,Acting,Melissa McCarthy,0.7004107132527333
Adah Sharma,0.3333333333333333,Acting,Adah Sharma,0.6836846846102356
Bruno Ganz,0.6666666666666666,Acting,Bruno Ganz,0.7616293002999778
Octavia Spencer,0.3333333333333333,Acting,Octavia Spencer,0.6847424571726072
Chadwick Boseman,0.6666666666666666,Acting,Chadwick Boseman,0.6682478162781282
Ginnifer Goodwin,0.3333333333333333,Acting,Ginnifer Goodwin,0.7044104157542003
John Cleese,0.6666666666666666,Acting,John Cleese,0.702195704451735
Yuma Uchida,0.6666666666666666,Acting,内田雄馬,0.6991546083349173
Yu Kobayashi,0.3333333333333333,Acting,小林ゆう,0.6398201786643968
Liana Liberato,0.3333333333333333,Acting,Liana Liberato,0.6763794428513581
Austin Butler,0.6666666666666666,Acting,Austin Butler,0.7837764133246289
Amanda Schull,0.3333333333333333,Acting,Amanda Schull,0.733697493574858
Annasophia Robb,0.3333333333333333,Acting,AnnaSophia Robb,0.6971382293878968
Kōji Wakamatsu,0.6666666666666666,Directing,若松孝二,0.6084836665041443
Michael C. Hall,0.6666666666666666,Acting,Michael C. Hall,0.6291432868629606
Ariana Grande,0.3333333333333333,Acting,Ariana Grande,0.6313249427728517
Maddie Ziegler,0.3333333333333333,Acting,Maddie Ziegler,0.7404077382674015
Mackenzie Davis,0.3333333333333333,Acting,Mackenzie Davis,0.7403416274822534
Rachanun Mahawan,0.3333333333333333,Acting,รชานันท์ มหาวรรณ์,0.7400771843416606
Jean Smart,0.3333333333333333,Acting,Jean Smart,0.7400771843416606
Misaki Kuno,0.3333333333333333,Acting,久野美咲,0.7400441289490866
Lee Sul-Ah,0.3333333333333333,Acting,이설아,0.7399119073787902
Huh Joon-Ho,0.6666666666666666,Acting,허준호,0.7397466304159195
Kathy Bates,0.3333333333333333,Acting,Kathy Bates,0.739647464238197
Christopher Lee,0.6666666666666666,Acting,Christopher Lee,0.7393499657050302
Rufus Sewell,0.6666666666666666,Acting,Rufus Sewell,0.7388541348164186
Brahmanandam,0.6666666666666666,Acting,Brahmanandam,0.7386227470683998
Haruka Ayase,0.3333333333333333,Acting,綾瀬はるか,0.7385235808906777
Avery Konrad,0.3333333333333333,Acting,Avery Konrad,0.7379285838243438
Tom Ellis,0.6666666666666666,Acting,Tom Ellis,0.7377963622540473
Minnie Driver,0.3333333333333333,Acting,Minnie Driver,0.7377963622540473
Roselyn Sánchez,0.3333333333333333,Acting,Roselyn Sánchez,0.7364741465510829
Marlon Brando,0.6666666666666666,Acting,Marlon Brando,0.7364741465510829
Zhan Xuan,0.6666666666666666,Acting,展轩,0.7358791494847492
Jimmy Karz,0.6666666666666666,Acting,Jimmy Karz,0.27155004999628124
Michael Shannon,0.6666666666666666,Acting,Michael Shannon,0.8087001793255049
Yuko Oshima,0.3333333333333333,Acting,大島優子,0.8173276367873464
Paul Newman,0.6666666666666666,Acting,Paul Newman,0.6987248882314541
Luis Guzmán,0.6666666666666666,Acting,Luis Guzmán,0.7257311439644986
Agnes Naomi,0.3333333333333333,Acting,Agnes Naomi,0.18530853077043857
Arnold Vosloo,0.6666666666666666,Acting,Arnold Vosloo,0.6613722946227141
Kim Seon-Ho,0.6666666666666666,Acting,김선호,0.7245080944392566
Mary Marquet,0.3333333333333333,Acting,Mary Marquet,0.225338611177681
Adam Scott,0.6666666666666666,Acting,Adam Scott,0.8255914849308731
Zhang Ziyi,0.3333333333333333,Acting,章子怡,0.7446718839094613
Sai Tamhankar,0.3333333333333333,Acting,Sai Tamhankar,0.7796114338602915
Sung Yeon,0.3333333333333333,Acting,Sung Yeon,0.8678693320331545
Dylan Minnette,0.6666666666666666,Acting,Dylan Minnette,0.779181713756828
Takumi Saitoh,0.6666666666666666,Acting,斎藤工,0.6019386987744714
Lee Jin-Uk,0.6666666666666666,Acting,이진욱,0.7756117313588246
Dina Meyer,0.3333333333333333,Acting,Dina Meyer,0.6381343536431175
Sophie Thatcher,0.3333333333333333,Acting,Sophie Thatcher,0.7160789693328594
Robert Sean Leonard,0.6666666666666666,Acting,Robert Sean Leonard,0.5883859878190879
Zhang Miaoyi,0.3333333333333333,Acting,張淼怡,0.6960804568255256
Zhao Liying,0.3333333333333333,Acting,赵丽颖,0.8240378814798899
Barbara Anderson,0.3333333333333333,Acting,Barbara Anderson,0.6899982645918898
Lana Rhodes,0.3333333333333333,Acting,Lana Rhodes,0.719979505656604
Hazal Subaşı,0.3333333333333333,Acting,Hazal Subaşı,0.9300465254650482
John Higgins,0.6666666666666666,Acting,John Higgins,0.17906106157393256
Ayumu Murase,0.6666666666666666,Acting,村瀬歩,0.6818996934112339
Toshiyuki Morikawa,0.6666666666666666,Acting,森川智之,0.6225652637407136
Bridget Moynahan,0.3333333333333333,Acting,Bridget Moynahan,0.8970241882835163
Juliette Binoche,0.3333333333333333,Acting,Juliette Binoche,0.6999148823641217
Peter Weller,0.6666666666666666,Acting,Peter Weller,0.7098315001363537
Yusuke Kobayashi,0.6666666666666666,Acting,小林裕介,0.6233585931624921
Pinky Cheung Man-Chi,0.3333333333333333,Acting,張文慈,0.7256980885719245
Jenna Coleman,0.3333333333333333,Acting,Jenna Coleman,0.916923534613128
Zhang Ruonan,0.3333333333333333,Acting,章若楠,0.7357138725218785
Yeo Yann Yann,0.3333333333333333,Acting,楊雁雁,0.47427877265327373
Shemar Moore,0.6666666666666666,Acting,Shemar Moore,0.6462329248237734
Nick Nolte,0.6666666666666666,Acting,Nick Nolte,0.6548934376781893
Rebecca Hall,0.3333333333333333,Acting,Rebecca Hall,0.6380021320728211
Lisa Edelstein,0.3333333333333333,Acting,Lisa Edelstein,0.759216256642068
Bonnie Somerville,0.3333333333333333,Acting,Bonnie Somerville,0.5762877141369651
Nana Mizuki,0.3333333333333333,Acting,水樹奈々,0.7135998148898017
Catarina Gonçalves,0.3333333333333333,Directing,Catarina Gonçalves,0.8102868381690618
Mikako Komatsu,0.3333333333333333,Acting,小松未可子,0.6551578808187821
Heather Feeney,0.3333333333333333,Acting,Heather Feeney,0.21072812765992613
Casey Affleck,0.6666666666666666,Acting,Casey Affleck,0.7438454990951088
Karl Willetts,0.6666666666666666,Acting,Karl Willetts,0.6893702121329818
Sarah Michelle Gellar,0.3333333333333333,Acting,Sarah Michelle Gellar,0.555099207496963
Nick Zano,0.6666666666666666,Acting,Nick Zano,0.7279458552669638
Hazuki Kimura,0.3333333333333333,Acting,木村葉月,0.7278797444818155
Yang Yang,0.6666666666666666,Acting,杨洋,0.7278466890892414
James Wan,0.6666666666666666,Directing,James Wan,0.727780578304093
Gaten Matarazzo,0.6666666666666666,Acting,Gaten Matarazzo,0.7276153013412227
Nao Saejima,0.3333333333333333,Acting,冴島奈緒,0.7273178028080558
Marcie Ulin,0.0,Writing,Marcie Ulin,0.15688089315670734
Li Xiaoran,0.3333333333333333,Acting,李小冉,0.7261608640679618
Anjali,0.3333333333333333,Acting,Anjali,0.7257311439644986
Aya Cash,0.3333333333333333,Acting,Aya Cash,0.7252022576833129
Narges Takesh,0.0,Writing,Narges Takesh,0.20781925311340482
Kevin Leslie,0.6666666666666666,Acting,Kevin Leslie,0.7245742052244049
Stan Lee,0.6666666666666666,Writing,Stan Lee,0.724012263550645
Michael Fassbender,0.6666666666666666,Acting,Michael Fassbender,0.7238469865877745
Satomi Arai,0.3333333333333333,Acting,新井里美,0.7235825434471816
Amy Acker,0.3333333333333333,Acting,Amy Acker,0.8110801675908402
Jared Harris,0.6666666666666666,Acting,Jared Harris,0.6388285168871738
Mahershala Ali,0.6666666666666666,Acting,Mahershala Ali,0.5638588865291011
Monica Barbaro,0.3333333333333333,Acting,Monica Barbaro,0.7631167929658126
Baltasar Kormákur,0.6666666666666666,Directing,Baltasar Kormákur,0.6158880744407442
Bryan Leung Kar-Yan,0.6666666666666666,Acting,梁家仁,0.6410101727970646
Hania Aamir,0.3333333333333333,Acting,Hania Aamir,0.6793874835756019
Ren Jialun,0.6666666666666666,Acting,任嘉伦,0.8413919625812956
Ding Yuxi,0.6666666666666666,Acting,丁禹兮,0.8617210290143708
Patrick Wilson,0.6666666666666666,Acting,Patrick Wilson,0.5646191605583056
Martin Freeman,0.6666666666666666,Acting,Martin Freeman,0.6769413845251181
Marina Ruy Barbosa,0.3333333333333333,Acting,Marina Ruy Barbosa,0.7610012478410697
Rhea Seehorn,0.3333333333333333,Acting,Rhea Seehorn,0.695650736722062
Angela Morena,0.3333333333333333,Acting,Angela Morena,0.7026915353403466
Donal Logue,0.6666666666666666,Acting,Donal Logue,0.6589592509648042
Wu Jing,0.6666666666666666,Acting,吴京,0.7433166128139231
Sarah Jessica Parker,0.3333333333333333,Acting,Sarah Jessica Parker,0.9024122172730953
Ahmed El Awadi,0.6666666666666666,Acting,أحمد العوضي,0.634564371245114
Rashida Jones,0.3333333333333333,Acting,Rashida Jones,0.7767686700989183
Aishwarya Rai Bachchan,0.3333333333333333,Acting,Aishwarya Rai Bachchan,0.6159211298333181
John Copeman,0.0,Crew,John Copeman,0.19525820393524448
Ashley Judd,0.3333333333333333,Acting,Ashley Judd,0.651720119991075
Luo Yunxi,0.6666666666666666,Acting,罗云熙,0.6543314960044295
Cristin Milioti,0.3333333333333333,Acting,Cristin Milioti,0.69627878918097
Common,0.6666666666666666,Acting,Common,0.6959482352552291
Julian Dennison,0.6666666666666666,Acting,Julian Dennison,0.6259038583906983
Rhona Mitra,0.3333333333333333,Acting,Rhona Mitra,0.6914857572577247
Guy Ritchie,0.6666666666666666,Directing,Guy Ritchie,0.6656033848721997
Kevin Alejandro,0.6666666666666666,Acting,Kevin Alejandro,0.6851391218834963
Melissa Roxburgh,0.3333333333333333,Acting,Melissa Roxburgh,0.7057656868497384
Ricardo De Pascual,0.6666666666666666,Acting,Ricardo de Pascual,0.47031212554438095
Daisuke Namikawa,0.6666666666666666,Acting,浪川大輔,0.6623309010073632
Emile Hirsch,0.6666666666666666,Acting,Emile Hirsch,0.7069226255898323
Brittany Snow,0.3333333333333333,Acting,Brittany Snow,0.7063606839160723
Lee Jung-Jae,0.6666666666666666,Acting,이정재,0.706228462345776
Melinda Clarke,0.3333333333333333,Acting,Melinda Clarke,0.7060631853829055
Alison Brie,0.3333333333333333,Acting,Alison Brie,0.7058317976348867
Elit İşcan,0.3333333333333333,Acting,Elit İşcan,0.7056995760645903
Ewa Piaskowska,0.3333333333333333,Production,Ewa Piaskowska,0.7053359667462751
Merel Ek,0.3333333333333333,Acting,Merel Ek,0.705269855961127
Tim Burton,0.6666666666666666,Directing,Tim Burton,0.705269855961127
Tong Liya,0.3333333333333333,Acting,佟丽娅,0.7051706897834047
Ellen Barkin,0.3333333333333333,Acting,Ellen Barkin,0.7051376343908303
Kathleen Robertson,0.3333333333333333,Acting,Kathleen Robertson,0.7050715236056823
Ceren Benderlioğlu,0.3333333333333333,Acting,Ceren Benderlioğlu,0.7050384682131082
Jag Patel,0.6666666666666666,Acting,Jag Patel,0.7045426373244966
Ella Bruccoleri,0.3333333333333333,Acting,Ella Bruccoleri,0.8516060788866944
Sue Prado,0.3333333333333333,Acting,Sue Prado,0.5073341652273798
Chisato Kawamura,0.3333333333333333,Acting,川村千里,0.7175003512135463
Aika Yukihira,0.3333333333333333,Acting,行平あい佳,0.6525134494128536
Ruby Rose,1.0,Acting,Ruby Rose,0.6882463287854621
Song Hye-Kyo,0.3333333333333333,Acting,송혜교,0.8189473510234776
Arnaldo Berríos,0.6666666666666666,Acting,Arnaldo Berríos,0.7041459726136075
Palito Ortega,0.6666666666666666,Acting,Palito Ortega,0.6568767612326356
Michelle Williams,0.3333333333333333,Acting,Michelle Williams,0.7413332892594766
Laura Linney,0.3333333333333333,Acting,Laura Linney,0.8137245989967687
Marina Zasimova,0.3333333333333333,Acting,Marina Zasimova,0.7454321579386657
Troy Yorke,0.6666666666666666,Acting,Troy Yorke,0.17377219876207559
Bruce Greenwood,0.6666666666666666,Acting,Bruce Greenwood,0.8999991736151856
Waise Lee Chi-Hung,0.6666666666666666,Acting,李子雄,0.6257716368204017
Josh O'Connor,0.6666666666666666,Acting,Josh O'Connor,0.6029634159442686
Ryunosuke Kamiki,0.6666666666666666,Acting,神木隆之介,0.6146319695229281
Mélanie Laurent,0.3333333333333333,Acting,Mélanie Laurent,0.6643472799543837
Isa Briones,0.3333333333333333,Acting,Isa Briones,0.5843862853176209
Alyssa Milano,0.3333333333333333,Acting,Alyssa Milano,0.6044178532175293
John David Washington,0.6666666666666666,Acting,John David Washington,0.7430852250659044
Damson Idris,0.6666666666666666,Acting,Damson Idris,0.7425563387847187
Suen Tong,0.3333333333333333,Acting,宣彤,0.7425563387847187
Veronica Cartwright,0.3333333333333333,Acting,Veronica Cartwright,0.5021444685932452
Ricky Gervais,0.6666666666666666,Acting,Ricky Gervais,0.5725855101686652
Lindsay Lohan,0.3333333333333333,Acting,Lindsay Lohan,0.6964440661438405
Esra Bilgiç,0.3333333333333333,Acting,Esra Bilgiç,0.7410357907263095
Gwendoline Christie,0.3333333333333333,Acting,Gwendoline Christie,0.7409696799411615
Daniel Wu,0.6666666666666666,Acting,吳彥祖,0.6920146435389103
Janet Leigh,0.3333333333333333,Acting,Janet Leigh,0.7290366832219091
Sion Sono,0.6666666666666666,Directing,園子温,0.7291027940070575
Hannah John-Kamen,0.3333333333333333,Acting,Hannah John-Kamen,0.7404077382674015
Katey Sagal,0.3333333333333333,Acting,Katey Sagal,0.7175664619986943
Alice Ozawa,0.3333333333333333,Acting,小沢アリス,0.6044509086101034
Deb Macatumpag,0.3333333333333333,Crew,Deb Macatumpag,0.7399449627713642
Shun Oguri,0.6666666666666666,Acting,小栗旬,0.7304580651025956
Nobuo Tobita,0.6666666666666666,Acting,飛田展男,0.5586030791098183
Eric Schoonover,0.6666666666666666,Art,Eric Schoonover,0.16775611731358828
Zhang Li,0.3333333333333333,Acting,张俪,0.5844523961027692
Aimee Lou Wood,0.3333333333333333,Acting,Aimee Lou Wood,0.7002454362898629
Esra Bilgiç,0.3333333333333333,Acting,Esra Bilgiç,0.7002454362898629
Jaden Smith,0.6666666666666666,Acting,Jaden Smith,0.6997826607938253
Josephine Langford,0.3333333333333333,Acting,Josephine Langford,0.6996173838309548
Isabelle Huppert,0.3333333333333333,Acting,Isabelle Huppert,0.6990884975497689
Maggie Grace,0.3333333333333333,Acting,Maggie Grace,0.6990223867646208
Deniz Işın,0.3333333333333333,Acting,Deniz Işın,0.6989893313720469
Joe Cole,0.6666666666666666,Acting,Joe Cole,0.698790999016602
Elfriede Kuzmany,0.3333333333333333,Acting,Elfriede Kuzmany,0.15972365691808052
Maya Hawke,0.3333333333333333,Acting,Maya Hawke,0.7864208447305574
Cody Chhun,0.0,Acting,Cody Chhun,0.6980307249873976
Aming Sugandhi,0.6666666666666666,Acting,Aming Sugandhi,0.6978985034171012
Sumire Uesaka,0.3333333333333333,Acting,上坂すみれ,0.6519515077390938
Michelle Dockery,0.3333333333333333,Acting,Michelle Dockery,0.6152930773744102
Bina Rai,0.3333333333333333,Acting,Bina Rai,0.22183473956482577
Zhang Xincheng,0.6666666666666666,Acting,張新成,0.5955590080076689
Xia Meng,0.3333333333333333,Acting,夏梦,0.5749985538265748
Son Ye-Jin,0.3333333333333333,Acting,손예진,0.6406796188713236
America Ferrera,0.3333333333333333,Acting,America Ferrera,0.46955185151517653
Jean-Pierre Mocky,0.6666666666666666,Directing,Jean-Pierre Mocky,0.6209124941120082
Aya Endo,0.3333333333333333,Acting,遠藤綾,0.5498434000776802
Regina King,0.3333333333333333,Acting,Regina King,1.0
Kumi Takiuchi,0.3333333333333333,Acting,瀧内公美,0.793494698741416
Jessica Lange,0.3333333333333333,Acting,Jessica Lange,0.5151021824822947
Michael Rooker,0.6666666666666666,Acting,Michael Rooker,0.7464899305010372
Joel Brooks,0.6666666666666666,Acting,Joel Brooks,0.3931608392764175
Miku Ito,0.3333333333333333,Acting,伊藤美来,0.7308877852060591
Philip Hubert,0.0,Acting,Philip Hubert,0.14660066606616037
Carina Lau,0.3333333333333333,Acting,劉嘉玲,0.5865348858349378
Constance Zimmer,0.3333333333333333,Acting,Constance Zimmer,0.740837458370865
Justin Hartley,0.6666666666666666,Acting,Justin Hartley,0.69812989116512
Justin Hartley,0.6666666666666666,Acting,Justin Hartley,0.7300944557842807
Li Qin,0.3333333333333333,Acting,李沁,0.7296316802882431
Daryl Hannah,0.3333333333333333,Acting,Daryl Hannah,0.7295325141105207
Adel Emam,0.6666666666666666,Acting,عادل إمام,0.7294002925402243
Billy Zane,0.6666666666666666,Acting,Billy Zane,0.7293341817550762
Kelly Connell,0.6666666666666666,Acting,Kelly Connell,0.7291689047922055
Brittany Snow,0.3333333333333333,Acting,Brittany Snow,0.7288383508664646
Christine Nguyen,0.3333333333333333,Acting,Christine Nguyen,0.7286730739035939
Rachael Harris,0.3333333333333333,Acting,Rachael Harris,0.7285739077258718
Cheryl Hines,0.3333333333333333,Acting,Cheryl Hines,0.7283094645852787
Anthony Gilbert,0.0,Writing,Anthony Gilbert,0.7282764091927046
Amanda Peet,0.3333333333333333,Acting,Amanda Peet,0.7281772430149823
Billy Burke,0.6666666666666666,Acting,Billy Burke,0.7279458552669638
Jennifer Carpenter,0.3333333333333333,Acting,Jennifer Carpenter,0.7272516920229074
Michael Stuhlbarg,0.6666666666666666,Acting,Michael Stuhlbarg,0.7270533596674627
Elliott Woods,0.3333333333333333,Acting,Elliott Woods,0.7269211380971662
Marcie Ulin,0.0,Writing,Marcie Ulin,0.7269211380971662
Charles Dance,0.6666666666666666,Acting,Charles Dance,0.7268880827045923
Stephen Graham,0.6666666666666666,Acting,Stephen Graham,0.7268880827045923
Kenta Miyake,0.6666666666666666,Acting,三宅健太,0.7268550273120182
Sek Kin,0.6666666666666666,Acting,石堅,0.7187895115239363
Michael Kloft,0.6666666666666666,Directing,Michael Kloft,0.16124420497648936
Mayu Matsuoka,0.3333333333333333,Acting,松岡茉優,0.6181027857432092
Yui Horie,0.3333333333333333,Acting,堀江由衣,0.6388285168871738
Lee Sun-Kyun,0.6666666666666666,Acting,이선균,0.6125164243981853
Avantika,0.3333333333333333,Acting,Avantika,0.9149071556661076
Patricia Heaton,0.3333333333333333,Acting,Patricia Heaton,0.7604723615598841
Franco Nero,0.6666666666666666,Acting,Franco Nero,0.6205819401862671
Marina Inoue,0.3333333333333333,Acting,井上麻里奈,0.6270277417382177
Emily Browning,0.3333333333333333,Acting,Emily Browning,0.7419282863258106
Riteish Deshmukh,0.6666666666666666,Acting,रितेश देशमुख,0.6394565693460817
Julianne Nicholson,0.3333333333333333,Acting,Julianne Nicholson,0.6642481137766613
Francis Ford Coppola,0.6666666666666666,Directing,Francis Ford Coppola,0.6206811063639895
Makoto Shinkai,0.6666666666666666,Directing,新海誠,0.6922460312869291
Alfred Molina,0.6666666666666666,Acting,Alfred Molina,0.6240527564065482
James Brolin,0.6666666666666666,Acting,James Brolin,0.6231602608070475
Frances Mcdormand,0.3333333333333333,Acting,Frances McDormand,0.6514556768504822
Emily Watson,0.3333333333333333,Acting,Emily Watson,0.6543314960044295
Taketoshi Sado,0.0,Directing,Taketoshi Sado,0.19879513094067383
Ian Weinreich,0.6666666666666666,Writing,Ian Weinreich,0.15767422257848587
Shani Wallis,0.3333333333333333,Acting,Shani Wallis,0.6643803353469577
Julian Harvey,0.0,Writing,Julian Harvey,0.14597261360725236
Jack Reynor,0.6666666666666666,Acting,Jack Reynor,0.5364229106925932
Aimee Garcia,0.3333333333333333,Acting,Aimee Garcia,0.6215405465709162
Han So-Hee,0.3333333333333333,Acting,한소희,0.6053103488170303
Drew Gulak,0.6666666666666666,Acting,Drew Gulak,0.149906205323571
Park Ji-Hyun,0.3333333333333333,Acting,박지현,0.733036385723376
Anna Sawai,0.3333333333333333,Acting,Anna Sawai,0.7026915353403466
Asami Seto,0.3333333333333333,Acting,瀬戸麻沙美,0.5411167764381162
Elisabeth Moss,0.3333333333333333,Acting,Elisabeth Moss,0.65634787495145
Alicia Vikander,0.3333333333333333,Acting,Alicia Vikander,0.6187969489872654
Sam Levinson,0.6666666666666666,Directing,Sam Levinson,0.7303258435322991
Miki Takakura,0.3333333333333333,Acting,高倉美貴,0.6263335784941616
Ameara Lavey,0.3333333333333333,Acting,Ameara Lavey,0.5931790197423332
Masako Nozawa,0.3333333333333333,Acting,野沢雅子,0.6366799163698569
Ross Clydesdale,0.6666666666666666,Production,Ross Clydesdale,0.19998512507334165
Steve Lee Ka-Ting,0.6666666666666666,Acting,李家鼎,0.604946739498715
Ang Lee,0.6666666666666666,Directing,李安,0.6451090414762538
Annie Shizuka Inoh,0.3333333333333333,Acting,伊能靜,0.7861564015899646
Carlos Estrada,0.6666666666666666,Acting,Carlos Estrada,0.23856076820732344
Lance Henriksen,0.6666666666666666,Acting,Lance Henriksen,0.5637927757439529
Li Yitong,0.3333333333333333,Acting,李一桐,0.6531415018717617
Park Sung-Woong,0.6666666666666666,Acting,박성웅,0.5743043905825186
Nobunaga Shimazaki,0.6666666666666666,Acting,島﨑信長,0.6054756257799007
Jared Padalecki,0.6666666666666666,Acting,Jared Padalecki,0.6606450759860837
Reg Glass,0.0,Crew,Reg Glass,0.13678321447165087
David Zayas,0.6666666666666666,Acting,David Zayas,0.7148559198076178
Elizabeth Mitchell,0.3333333333333333,Acting,Elizabeth Mitchell,0.5749985538265748
Joshua Jackson,0.6666666666666666,Acting,Joshua Jackson,0.6751894487186905
Cedric The Entertainer,0.6666666666666666,Acting,Cedric the Entertainer,0.6209786048971564
Rose Leslie,0.3333333333333333,Acting,Rose Leslie,0.6992868299052136
Ezra Dagan,0.6666666666666666,Acting,Ezra Dagan,0.6650414431984397
Colin Tierney,0.6666666666666666,Acting,Colin Tierney,0.7462254873604444
Mamoru Kambe,0.0,Creator,Mamoru Kambe,0.14160930178747033
Victoria Pedretti,0.3333333333333333,Acting,Victoria Pedretti,0.6561164872034312
Sherilyn Fenn,0.3333333333333333,Acting,Sherilyn Fenn,0.6569428720177838
Barry Wong Ping-Yiu,0.6666666666666666,Writing,黃炳耀,0.604946739498715
Élie Semoun,0.6666666666666666,Acting,Élie Semoun,0.6641489475989389
Sonoya Mizuno,0.3333333333333333,Acting,Sonoya Mizuno,0.7453991025460917
Melissa Moore,0.3333333333333333,Acting,Melissa Moore,0.5756266062854829
Emmy Rossum,0.3333333333333333,Acting,Emmy Rossum,0.7464238197158889
Nicole Sudhaus,0.0,Acting,Nicole Sudhaus,0.15532728970572438
Mallika Sherawat,0.3333333333333333,Acting,Mallika Sherawat,0.5834607343255461
Aaron Ashmore,0.6666666666666666,Acting,Aaron Ashmore,0.6972373955656191
Ray Liotta,0.6666666666666666,Acting,Ray Liotta,0.6315893859134445
Denis Villeneuve,0.6666666666666666,Directing,Denis Villeneuve,0.6093431067110712
Steve Mclean,0.6666666666666666,Directing,Steve McLean,0.1596906015255064
Genneya Walton,0.3333333333333333,Acting,Genneya Walton,0.6599178573494534
Gong Li,0.3333333333333333,Acting,巩俐,0.6731069589865216
Megumi Han,0.3333333333333333,Acting,潘めぐみ,0.48627788015767426
Madeleine Lierck,0.3333333333333333,Acting,Madeleine Lierck,0.6501995719326662
Dan Crinnion,0.6666666666666666,Editing,Dan Crinnion,0.13820459635233745
Megumi Han,0.3333333333333333,Acting,潘めぐみ,0.7066581824492395
Charmaine Sheh Sze-Man,0.3333333333333333,Acting,佘詩曼,0.655124825426208
Dane Dehaan,0.6666666666666666,Acting,Dane DeHaan,0.4966572734259436
Hiroki Yasumoto,0.6666666666666666,Acting,安元洋貴,0.6873207777933873
Guy Pearce,0.6666666666666666,Acting,Guy Pearce,0.6565792626994688
Molly Ringwald,0.3333333333333333,Acting,Molly Ringwald,0.6534059450123545
Ryoka Yuzuki,0.3333333333333333,Acting,柚木涼香,0.5465048054276955
Lily-Rose Depp,0.3333333333333333,Acting,Lily-Rose Depp,0.7050054128205339
Stacey Dash,0.3333333333333333,Acting,Stacey Dash,0.5557603153484452
Jonathan Pryce,0.6666666666666666,Acting,Jonathan Pryce,0.5602227933459495
Kon Ichikawa,0.6666666666666666,Directing,市川崑,0.38324422150418563
Chen Haolan,0.3333333333333333,Acting,陈昊蓝,0.677271938450859
Anastasia Shestakova,0.3333333333333333,Acting,Anastasia Shestakova,0.586270442694345
Demet Özdemir,0.3333333333333333,Acting,Demet Özdemir,0.6384318521762844
Kajal Aggarwal,0.3333333333333333,Acting,Kajal Agarwal,0.6647770000578469
Yuumi Kawai,0.3333333333333333,Acting,河合優実,0.6646117230949765
Rupert Grint,0.6666666666666666,Acting,Rupert Grint,0.6646117230949765
Elsie Kelly,0.3333333333333333,Acting,Elsie Kelly,0.6643142245618093
Anna Torv,0.3333333333333333,Acting,Anna Torv,0.6641158922063649
Jing Tian,0.3333333333333333,Acting,景甜,0.6636200613177533
Jordan Peele,0.6666666666666666,Acting,Jordan Peele,0.6634217289623086
Kenneth Tsang,0.6666666666666666,Acting,曾江,0.6633556181771605
Akemi Okamura,0.3333333333333333,Acting,岡村明美,0.662925898073697
Satomi Oka,0.3333333333333333,Acting,丘さとみ,0.6628597872885489
Luke Thompson,0.6666666666666666,Acting,Luke Thompson,0.6617689593336032
Hayat Kamille,0.3333333333333333,Acting,Hayat Kamille,0.6616697931558808
Peter Grönlund,0.6666666666666666,Writing,Peter Grönlund,0.6612731284449916
Leo Woodall,0.6666666666666666,Acting,Leo Woodall,0.7110545496615953
Niken Anjani,0.3333333333333333,Acting,Niken Anjani,0.1615417035096563
Christopher Petrus,0.6666666666666666,Editing,Christopher Petrus,0.15479840342453866
Tom Skerritt,0.6666666666666666,Acting,Tom Skerritt,0.5857746118057334
Zdeněk Marek,0.6666666666666666,Editing,Zdeněk Marek,0.15248452594435127
Sanaa Lathan,0.3333333333333333,Acting,Sanaa Lathan,0.6122519812575925
Rhys Ifans,0.6666666666666666,Acting,Rhys Ifans,0.5360262459817039
Jon Voight,0.6666666666666666,Acting,Jon Voight,0.6198547215496367
John Goodman,0.6666666666666666,Acting,John Goodman,0.811278499946285
Izabela Chojnacka,0.3333333333333333,Acting,Izabela Chojnacka,0.23214802204794682
Kristin Scott Thomas,0.3333333333333333,Acting,Kristin Scott Thomas,0.6359526977332265
Ed Skrein,0.6666666666666666,Acting,Ed Skrein,0.6480840268079234
Chachi Hildén,0.3333333333333333,Acting,Chachi Hildén,0.6271599633085142
Iain Glen,0.6666666666666666,Acting,Iain Glen,0.5885182093893843
Ada Hermosa,0.3333333333333333,Acting,Ada Hermosa,0.530737383169847
Park Min-Young,0.3333333333333333,Acting,박민영,0.6993198852977877
David Dastmalchian,0.6666666666666666,Acting,David Dastmalchian,0.6683469824558503
Lori Petty,0.3333333333333333,Acting,Lori Petty,0.533249593005479
Roland Varno,0.6666666666666666,Acting,Roland Varno,0.14765843862853173
Aditya Roy Kapur,0.6666666666666666,Acting,Aditya Roy Kapur,1.0
Pooja Hegde,0.3333333333333333,Acting,Pooja Hegde,0.490277582659141
Xing Yu,0.6666666666666666,Acting,释行宇,0.714657587452173
Harvey Keitel,0.6666666666666666,Acting,Harvey Keitel,0.6075581155120693
Takeshi Kitano,0.6666666666666666,Directing,ビートたけし,0.7848011304944261
Cássia Kis,0.3333333333333333,Acting,Cássia Kis,0.6421340561445843
Paul Mescal,0.6666666666666666,Acting,Paul Mescal,0.5209529869679115
James Earl Jones,0.6666666666666666,Acting,James Earl Jones,0.7077490104041848
Emily Alatalo,0.3333333333333333,Acting,Emily Alatalo,0.650464015073259
Monika Baumgartner,0.3333333333333333,Acting,Monika Baumgartner,0.2702608896858911
Park Cho-Hyeon,0.3333333333333333,Acting,Park Cho-hyeon,0.6879488302522953
Wan Qian,0.3333333333333333,Acting,万茜,0.674429174689486
Tim Robbins,0.6666666666666666,Acting,Tim Robbins,0.6250774735763456
Roh Yoon-Seo,0.3333333333333333,Acting,노윤서,0.6213752696080458
Remo Girone,0.6666666666666666,Acting,Remo Girone,0.4628746622152071
Eva Amurri,0.3333333333333333,Acting,Eva Amurri,0.5944351246601492
Go Ayano,0.6666666666666666,Acting,綾野剛,0.7142278673487097
Courtney Eaton,0.3333333333333333,Acting,Courtney Eaton,0.5750316092191491
Yasushi Koshizaka,0.6666666666666666,Directing,越坂康史,0.5003594773942434
Zoe Lister-Jones,0.3333333333333333,Acting,Zoe Lister-Jones,0.6562156533811535
Miranda Cosgrove,0.3333333333333333,Acting,Miranda Cosgrove,0.7143270335264318
Burak Deniz,0.6666666666666666,Acting,Burak Deniz,0.5894768157740333
Yoo Sul-Young,0.3333333333333333,Acting,유설영,0.6657025510499218
Peyton List,0.3333333333333333,Acting,Peyton List,0.7702567577618192
Yuu Asakawa,0.3333333333333333,Acting,浅川悠,0.5802874166384319
Subaru Kimura,0.6666666666666666,Acting,木村昴,0.6141691940268905
Jeon Yeo-Been,0.3333333333333333,Acting,전여빈,0.6160533514036146
Pradeep Ranganathan,0.6666666666666666,Acting,Pradeep Ranganathan,0.6133097538199639
Barbara Eden,0.3333333333333333,Acting,Barbara Eden,0.9131221644671059
Lizzy Caplan,0.3333333333333333,Acting,Lizzy Caplan,0.6910229817616871
Li Keyi,0.3333333333333333,Acting,李柯以,0.6832549645067724
William Smith,0.6666666666666666,Sound,William Smith,0.14927815286466298
Kaori Momoi,0.3333333333333333,Acting,桃井かおり,0.5502731201811436
Val Kilmer,0.6666666666666666,Acting,Val Kilmer,0.5957903957556876
Yuki Kazamatsuri,0.3333333333333333,Acting,風祭ゆき,0.6697022535513887
Wi Ha-Jun,0.6666666666666666,Acting,위하준,0.6703633614028708
Joe Pantoliano,0.6666666666666666,Acting,Joe Pantoliano,0.49163285375467947
Anushka Shetty,0.3333333333333333,Acting,Anushka Shetty,0.5959887281111323
Li Yunrui,0.6666666666666666,Acting,李昀锐,0.6512573444950376
Jeremy Allen White,0.6666666666666666,Acting,Jeremy Allen White,0.6060375674536604
Aaron Eckhart,0.6666666666666666,Acting,Aaron Eckhart,0.733036385723376
Takuya Maruyama,0.6666666666666666,Directing,Takuya Maruyama,0.19261377252931602
Geoffrey Rush,0.6666666666666666,Acting,Geoffrey Rush,0.5251179664322488
Wendy Hallam Martin,0.3333333333333333,Editing,Wendy Hallam Martin,0.15202175044831376
Graham Greene,0.6666666666666666,Acting,Graham Greene,0.5573139187994283
Junya Enoki,0.6666666666666666,Acting,榎木淳弥,0.667950317744961
Laura Harrier,0.3333333333333333,Acting,Laura Harrier,0.5738416150864812
Mamiko Noto,0.3333333333333333,Acting,能登麻美子,0.7213017213595684
Chloe Van Landschoot,0.3333333333333333,Acting,Chloe Van Landschoot,0.6855357865943856
Ben Whishaw,0.6666666666666666,Acting,Ben Whishaw,0.6254410828946607
Sarah Peters,0.3333333333333333,Writing,Sarah Peters,0.14950954061268168
Yeon Hee,0.3333333333333333,Acting,연희,0.591559305506202
Anne Heche,0.3333333333333333,Acting,Anne Heche,0.6470923650307002
Alessia Sartor,0.3333333333333333,Acting,Alessia Sartor,0.6465304233569404
Chris Leben,0.6666666666666666,Acting,Chris Leben,0.646398201786644
Cameron Monaghan,0.6666666666666666,Acting,Cameron Monaghan,0.6463320910014958
Park Jeong-Min,0.6666666666666666,Acting,박정민,0.6461998694311994
David Morse,0.6666666666666666,Acting,David Morse,0.6461668140386252
Ui Mihara,0.3333333333333333,Acting,三原羽衣,0.6400846218049898
Helen Mccrory,0.3333333333333333,Acting,Helen McCrory,0.6460345924683288
Karena Dawn,0.3333333333333333,Acting,Karena Dawn,0.6456709831500136
Mari Yamamoto,0.3333333333333333,Acting,Mari Yamamoto,0.6455057061871432
Steve Sanghyun Noh,0.6666666666666666,Acting,노상현,0.5489839598707534
Eunice Black,0.3333333333333333,Acting,Eunice Black,0.6452743184391244
Norika Fujiwara,0.3333333333333333,Acting,藤原紀香,0.6447123767653645
Robert Ptáček,0.6666666666666666,Production,Robert Ptáček,0.6446132105876423
Iain Armitage,0.6666666666666666,Acting,Iain Armitage,0.7112859374096141
Song Yi,0.3333333333333333,Acting,宋轶,0.5530497731573685
Stockard Channing,0.3333333333333333,Acting,Stockard Channing,0.6302341148179061
Yu Menglong,0.6666666666666666,Acting,于朦朧,0.6328785462238345
Sunny Deol,0.6666666666666666,Acting,Sunny Deol,0.6134419753902604
Martin Henderson,0.6666666666666666,Acting,Martin Henderson,0.673867233015726
Federico Verardi,0.6666666666666666,Camera,Federico Verardi,0.37967423910618225
Alan Tudyk,0.6666666666666666,Acting,Alan Tudyk,0.5624044492558404
Jamal Henderson,0.6666666666666666,Acting,Jamal Henderson,0.21287672817724299
Adam Burr,0.6666666666666666,Editing,Adam Burr,0.613970861671446
John Cregan,0.6666666666666666,Editing,John Cregan,0.1504681469973308
Henry Golding,0.6666666666666666,Acting,Henry Golding,0.7157814707996927
Amie Donald,0.3333333333333333,Acting,Amie Donald,0.582502127940897
Damian Lewis,0.6666666666666666,Acting,Damian Lewis,0.5884851539968101
Theodora Remundová,0.3333333333333333,Directing,Theodora Remundová,0.14326207141617567
Olivia Cooke,0.3333333333333333,Acting,Olivia Cooke,0.5988314918725054
Lee You-Mi,0.3333333333333333,Acting,이유미,0.5601236271682272
Sarah Paulson,0.3333333333333333,Acting,Sarah Paulson,0.5632638894627673
Tatsuya Fujiwara,0.6666666666666666,Acting,藤原竜也,0.6346965928154105
Filippo Bisciglia,0.6666666666666666,Acting,Filippo Bisciglia,0.634564371245114
Wil Aime,0.0,Writing,Wil Aime,0.6344982604599658
Nick Kroll,0.6666666666666666,Acting,Nick Kroll,0.6342007619267989
Rosamund Kwan Chi-Lam,0.3333333333333333,Acting,關之琳,0.6336718756456132
David Donham,0.0,Acting,David Donham,0.633638820253039
Shawn Levy,0.6666666666666666,Directing,Shawn Levy,0.6335396540753168
Jeri Ryan,0.3333333333333333,Acting,Jeri Ryan,0.6334404878975944
Alexander Dreymon,0.6666666666666666,Acting,Alexander Dreymon,0.6333743771124462
Wataru Takagi,0.6666666666666666,Acting,高木渉,0.6332091001495758
Ha Jung-Woo,0.6666666666666666,Acting,하정우,0.6332091001495758
Freya Allan,0.3333333333333333,Acting,Freya Allan,0.6328785462238345
Rachael Leigh Cook,0.3333333333333333,Acting,Rachael Leigh Cook,0.6328454908312605
Logan Lerman,0.6666666666666666,Acting,Logan Lerman,0.6327793800461123
Nancy Carroll,0.3333333333333333,Acting,Nancy Carroll,0.6327132692609642
Jackie Earle Haley,0.6666666666666666,Acting,Jackie Earle Haley,0.6325479922980936
Gong Seung-Yeon,0.3333333333333333,Acting,공승연,0.6324818815129454
Tom Kenny,0.6666666666666666,Acting,Tom Kenny,0.6321843829797783
Konomi Kohara,0.3333333333333333,Acting,小原好美,0.6197555553719145
Nimrat Kaur,0.3333333333333333,Acting,Nimrat Kaur,0.5517606128469783
Eugenio Derbez,0.6666666666666666,Acting,Eugenio Derbez,0.6946921303374131
Satsuki Yukino,0.3333333333333333,Acting,ゆきのさつき,0.6395887909163782
Terry Crews,0.6666666666666666,Acting,Terry Crews,0.6433571056698263
Kang Mi-Na,0.3333333333333333,Acting,강미나,0.7244419836541085
Ryan Hurst,0.6666666666666666,Acting,Ryan Hurst,0.598401771769042
Jake Weber,0.6666666666666666,Acting,Jake Weber,0.684411903246866
Peter Sarsgaard,0.6666666666666666,Acting,Peter Sarsgaard,0.530770438562421
Fumihiko Tachiki,0.6666666666666666,Acting,立木文彦,0.6285152344040527
Kelly Brook,0.3333333333333333,Acting,Kelly Brook,0.6443487674470494
John Schneider,0.6666666666666666,Acting,John Schneider,0.5004916989645398
Rob Reiner,0.6666666666666666,Directing,Rob Reiner,0.6238213686585294
An-Ni,0.0,Acting,An-Ni,0.11704914510490955
Lucas Mongenie,0.6666666666666666,Acting,Lucas Mongenie,0.13681626986422496
Shabana Azmi,0.3333333333333333,Acting,शबाना आज़मी,0.6436546042029931
Wang Anyu,0.6666666666666666,Acting,王安宇,0.860497979489129
Daniel Kaluuya,0.6666666666666666,Acting,Daniel Kaluuya,0.703451809369551
Li Peien,0.6666666666666666,Acting,李沛恩,0.581246023023081
Michelle Randolph,0.3333333333333333,Acting,Michelle Randolph,0.4773529241626656
Daiki Yamashita,0.6666666666666666,Acting,山下大輝,0.5096480427075673
Abigail Tucker,0.0,Production,Abigail Tucker,0.5914270839359056
Iazua Larios,0.3333333333333333,Acting,Iazua Larios,0.5372492955069458
M. Night Shyamalan,0.6666666666666666,Directing,M. Night Shyamalan,0.5612144551231726
Rie Tanaka,0.3333333333333333,Acting,田中理恵,0.6596203588162864
Rina Sato,0.3333333333333333,Acting,佐藤利奈,0.5341090332124057
Liu Tao,0.3333333333333333,Acting,刘涛,0.5148377393417018
Omar Epps,0.6666666666666666,Acting,Omar Epps,0.5522233883430159
Noel Fisher,0.6666666666666666,Acting,Noel Fisher,0.7024601475923278
Yu Chengen,0.6666666666666666,Acting,余承恩,0.5838573990364353
Yumika Hayashi,0.3333333333333333,Acting,林由美香,0.4894181424522144
Jyothika,0.3333333333333333,Acting,Jyothika,0.6824616350849936
Aya Yonekura,0.3333333333333333,Acting,米倉あや,0.638597129139155
Ah Reum,0.3333333333333333,Acting,Ah Reum,0.8722987546380847
Yuliya Dzhulai,0.3333333333333333,Acting,Юлия Джулай,0.3775586939814394
Kyra Sedgwick,0.3333333333333333,Acting,Kyra Sedgwick,0.5170855060367411
Miguel Mihura,0.6666666666666666,Writing,Miguel Mihura,0.141510135609748
Nastassja Kinski,0.3333333333333333,Acting,Nastassja Kinski,0.6302010594253321
Diane Keaton,0.3333333333333333,Acting,Diane Keaton,0.5618755629746548
Chuck Norris,0.6666666666666666,Acting,Chuck Norris,0.584981282383955
Christian Convery,0.6666666666666666,Acting,Christian Convery,0.4619491112231322
Eric Aronson,0.6666666666666666,Writing,Eric Aronson,0.11817302845242914
Sílvia Munt,0.3333333333333333,Acting,Sílvia Munt,0.13678321447165087
Ray Lui,0.6666666666666666,Acting,呂良偉,0.5377120710029832
Koki Uchiyama,0.6666666666666666,Acting,内山昂輝,0.6509267905692966
Miwako Kakei,0.3333333333333333,Acting,筧美和子,0.6280524589080152
Takeo Otsuka,0.6666666666666666,Acting,大塚剛央,0.6619011809038997
Inori Minase,0.3333333333333333,Acting,水瀬いのり,0.61086365476948
Alice Braga,0.3333333333333333,Acting,Alice Braga,0.6490426331925725
Gregory Smith,0.6666666666666666,Acting,Gregory Smith,0.6489104116222761
Tim Allen,0.6666666666666666,Acting,Tim Allen,0.6486129130891091
Martin Sheen,0.6666666666666666,Acting,Martin Sheen,0.6486129130891091
Erina Miyai,0.3333333333333333,Acting,宮井えりな,0.5705360758290705
Tyler Scherer,0.6666666666666666,Acting,Tyler Scherer,0.5548347643563701
Grace Van Patten,0.3333333333333333,Acting,Grace Van Patten,0.6483154145559421
Ryota Suzuki,0.6666666666666666,Acting,鈴木崚汰,0.5296134998223273
Vasily Stepanov,0.6666666666666666,Acting,Василий Степанов,0.5636605541736565
Djimon Hounsou,0.6666666666666666,Acting,Djimon Hounsou,0.6479187498450528
Ariana Greenblatt,0.3333333333333333,Acting,Ariana Greenblatt,0.6038889669363436
Yoon Sul-Hee,0.3333333333333333,Acting,윤설희,0.5904023667661084
Gladys Unger,0.3333333333333333,Writing,Gladys Unger,0.149906205323571
Ti Lung,0.6666666666666666,Acting,狄龍,0.6816352502706411
Catherine Bell,0.3333333333333333,Acting,Catherine Bell,0.6654711633019033
Jeff Bennett,0.6666666666666666,Acting,Jeff Bennett,0.7122114884016892
Sutton Foster,0.3333333333333333,Acting,Sutton Foster,0.6412085051525094
Selahattin Paşalı,0.6666666666666666,Acting,Selahattin Paşalı,0.5261426836020462
James Woods,0.6666666666666666,Acting,James Woods,0.6178713979951904
Koji Yakusho,0.6666666666666666,Acting,役所広司,0.6280524589080152
Hannah Anaya,0.3333333333333333,Editing,Hannah Anaya,0.10987612491632855
Suzanne Mccormack,0.3333333333333333,Production,Suzanne McCormack,0.1292465849647547
David Schwimmer,0.6666666666666666,Acting,David Schwimmer,0.5380426249287243
Charlie Sheen,0.6666666666666666,Acting,Charlie Sheen,0.5745027229379632
Kim Dickens,0.3333333333333333,Acting,Kim Dickens,0.6278871819451446
Tom Rhys Harries,0.6666666666666666,Acting,Tom Rhys Harries,0.6074589493343471
Francesca Dellera,0.3333333333333333,Acting,Francesca Dellera,0.3257278384252411
Donald Sutherland,0.6666666666666666,Acting,Donald Sutherland,0.5774446528770587
Jane Fonda,0.3333333333333333,Acting,Jane Fonda,0.640183787982712
Navid Negahban,0.6666666666666666,Acting,Navid Negahban,0.5392656744539662
Pablo Schreiber,0.6666666666666666,Acting,Pablo Schreiber,0.7175664619986943
Zhang Jingyi,0.3333333333333333,Acting,張婧儀,0.6567775950549134
Carmen Electra,0.3333333333333333,Acting,Carmen Electra,0.5044583460734325
Maude Apatow,0.3333333333333333,Acting,Maude Apatow,0.6539678866861143
Harry Shum Jr.,0.6666666666666666,Acting,Harry Shum Jr.,0.6600170235271757
Maddie Phillips,0.3333333333333333,Acting,Maddie Phillips,0.7764711715657514
Rinko Kikuchi,0.3333333333333333,Acting,菊地凛子,0.5120941417580511
Son Suk-Ku,0.6666666666666666,Acting,손석구,0.6699997520845559
Tyler Collins,0.3333333333333333,Acting,Tyler Collins,0.11777636374153988
Alaa Morsy,0.6666666666666666,Acting,Alaa Morsy,0.5384062342470395
Hafsanur Sancaktutan,0.3333333333333333,Acting,Hafsanur Sancaktutan,0.5392326190613922
So Ra,0.3333333333333333,Acting,So Ra,0.6555214901370973
Emma Mackey,0.3333333333333333,Acting,Emma Mackey,0.6279532927302928
Lee Jung-Eun,0.3333333333333333,Acting,이정은,0.5122263633283476
Felicia Sağnak,0.3333333333333333,Acting,Felicia Sağnak,0.5484881289821418
Ayame Misaki,0.3333333333333333,Acting,水崎綾女,0.5512317265657927
Michael Beach,0.6666666666666666,Acting,Michael Beach,0.457222190085035
Jacob Tremblay,0.6666666666666666,Acting,Jacob Tremblay,0.5521242221652934
Vince Vaughn,0.6666666666666666,Acting,Vince Vaughn,0.5520911667727194
Mason Thames,0.6666666666666666,Acting,Mason Thames,0.5967490021403368
Elizabeth Debicki,0.3333333333333333,Acting,Elizabeth Debicki,0.5139782991347752
Tae Won-Seok,0.6666666666666666,Acting,태원석,0.6882132733928881
Simon Helberg,0.6666666666666666,Acting,Simon Helberg,0.5770810435587436
Domhnall Gleeson,0.6666666666666666,Acting,Domhnall Gleeson,0.5177135584956492
Takayuki Yamada,0.6666666666666666,Acting,山田孝之,0.5040286259699692
Marta Bianchi,0.3333333333333333,Acting,Marta Bianchi,0.30824153575353896
Angelababy,0.3333333333333333,Acting,杨颖,0.5158294011189251
Song Joong-Ki,0.6666666666666666,Acting,송중기,0.5489178490856051
Li Qing,0.6666666666666666,Acting,李卿,0.5780396499433927
Masaki Suda,0.6666666666666666,Acting,菅田将暉,0.5234982521961177
Greg Berg,0.6666666666666666,Acting,Greg Berg,0.12709798444743778
Yuya Takahashi,0.6666666666666666,Writing,高橋悠也,0.525779074283731
Choi Woo-Shik,0.6666666666666666,Acting,최우식,0.5412159426158385
Malcolm Mcdowell,0.6666666666666666,Acting,Malcolm McDowell,0.6123180920427407
Yoon Da-Hyeon,0.3333333333333333,Acting,윤다현,0.5680238659934386
Deng Lun,0.6666666666666666,Acting,邓伦,0.5473311902420481
Jessica Henwick,0.3333333333333333,Acting,Jessica Henwick,0.6368451933327273
Kazuyuki Okitsu,0.6666666666666666,Acting,興津和幸,0.4962275533224802
Laurie Magers,0.0,Acting,Laurie Magers,0.12174301085043261
Nandamuri Balakrishna,0.6666666666666666,Acting,Nandamuri Balakrishna,0.5707344081845153
Jessica Harmon,0.3333333333333333,Acting,Jessica Harmon,0.3878058656794123
Christina Applegate,0.3333333333333333,Acting,Christina Applegate,0.5819401862671373
John C. Mcginley,0.6666666666666666,Acting,John C. McGinley,0.5756927170706311
Kim Da-Mi,0.3333333333333333,Acting,김다미,0.5921212471799618
Wannakorn Reungrat,0.6666666666666666,Acting,วรรณกร เรืองรัตน์,0.6252758059317903
Aytaç Şaşmaz,0.6666666666666666,Acting,Aytaç Şaşmaz,0.5936417952383707
Necar Zadegan,0.3333333333333333,Acting,Necar Zadegan,0.5511325603880702
Taylor Lautner,0.6666666666666666,Acting,Taylor Lautner,0.6136733631382789
Ahmad Bedir,0.6666666666666666,Acting,أحمد بدير,0.47860902908048164
Aiko Garcia,0.3333333333333333,Acting,Aiko Garcia,0.6269616309530696
Edoardo Leo,0.6666666666666666,Acting,Edoardo Leo,0.4321992579064367
Rob Paglia,0.6666666666666666,Editing,Rob Paglia,0.11926385640737466
Tan Jianci,0.6666666666666666,Acting,檀健次,0.5874604368270129
Jung Yu-Mi,0.3333333333333333,Acting,정유미,0.49553339007842395
Shin Sae-Kyeong,0.3333333333333333,Acting,신세경,0.7479443677742977
Yang Chaoyue,0.3333333333333333,Acting,杨超越,0.6471915312084227
Sarah Peters,0.3333333333333333,Writing,Sarah Peters,0.6471584758158484
Yeon Hee,0.3333333333333333,Acting,연희,0.6471584758158484
Patrick Dempsey,0.6666666666666666,Acting,Patrick Dempsey,0.647026254245552
John Hanson,0.6666666666666666,Directing,John Hanson,0.646431257179218
Patrick Warburton,0.6666666666666666,Acting,Patrick Warburton,0.646398201786644
Mae Whitman,0.3333333333333333,Acting,Mae Whitman,0.6462990356089217
Yvonne Bryceland,0.0,Acting,Yvonne Bryceland,0.6462990356089217
Ui Mihara,0.3333333333333333,Acting,三原羽衣,0.646067647860903
Kathleen Robertson,0.3333333333333333,Acting,Kathleen Robertson,0.6460015370757548
Carolin Kebekus,0.3333333333333333,Acting,Carolin Kebekus,0.6453404292242726
Yuka Itaya,0.3333333333333333,Acting,板谷由夏,0.6453073738316986
Steve Sanghyun Noh,0.6666666666666666,Acting,노상현,0.6452743184391244
Tia Carrere,0.3333333333333333,Acting,Tia Carrere,0.6452743184391244
Lin Chi-Ling,0.3333333333333333,Acting,林志玲,0.6452082076539761
Tori Matsuzaka,0.6666666666666666,Acting,松坂桃李,0.645175152261402
Kerry Condon,0.3333333333333333,Acting,Kerry Condon,0.6449107091208092
Park Joo-Bin,0.3333333333333333,Acting,Park Joo-bin,0.6447454321579388
Vivica A. Fox,0.3333333333333333,Acting,Vivica A. Fox,0.6446793213727905
Cheryl Hines,0.3333333333333333,Acting,Cheryl Hines,0.6275235726268295
Teryl Rothery,0.3333333333333333,Acting,Teryl Rothery,0.48690593261658227
Alex Kameniczky,0.0,Art,Alex Kameniczky,0.6274574618416812
Debi Mazar,0.3333333333333333,Acting,Debi Mazar,0.6274574618416812
Anna Book,0.3333333333333333,Acting,Anna Book,0.12428827607863879
Til Schweiger,0.6666666666666666,Acting,Til Schweiger,0.6272591294862366
Josh Hartnett,0.6666666666666666,Acting,Josh Hartnett,0.6267632985976249
Giorgia Whigham,0.3333333333333333,Acting,Giorgia Whigham,0.5719244023171831
Gulnezer Bextiyar,0.3333333333333333,Acting,古力娜扎,0.6476212513118859
Takashi Ohara,0.6666666666666666,Acting,大原崇,0.896660578965201
Molly C. Quinn,0.3333333333333333,Acting,Molly C. Quinn,0.7143600889190062
Pierre Franckh,0.6666666666666666,Acting,Pierre Franckh,0.6254080275020867
Shigeru Chiba,0.6666666666666666,Acting,千葉繁,0.5496450677222355
Kaya Kiyohara,0.3333333333333333,Acting,清原果耶,0.5866340520126603
Billy Magnussen,0.6666666666666666,Acting,Billy Magnussen,0.5222421472783016
Mara Venier,0.3333333333333333,Acting,Mara Venier,0.43355452900197505
Drew Starkey,0.6666666666666666,Acting,Drew Starkey,0.5285557272599559
Irrfan Khan,0.6666666666666666,Acting,Irrfan Khan,0.678528043368675
Brandon Jay Mclaren,0.6666666666666666,Acting,Brandon Jay McLaren,0.6022361973076383
Wu Ma,0.6666666666666666,Acting,午馬,0.6247469196506045
Lin Muran,0.6666666666666666,Acting,林沐然,0.6281185696931634
Jemaine Clement,0.6666666666666666,Acting,Jemaine Clement,0.6391921262054889
Thomas Jane,0.6666666666666666,Acting,Thomas Jane,0.6245155319025857
"Meghan, Duchess Of Sussex",0.3333333333333333,Acting,"Meghan, Duchess of Sussex",0.5399598376980225
Catherine Deville,0.3333333333333333,Acting,Catherine Deville,0.13493211248750095
Paulo Avelino,0.6666666666666666,Acting,Paulo Avelino,0.6581659215430258
Daisuke Hirakawa,0.6666666666666666,Acting,平川大輔,0.5162921766149625
Frans Bauer,0.6666666666666666,Acting,Frans Bauer,0.11225611318166419
Xie Na,0.3333333333333333,Acting,谢娜,0.5208868761827633
Makoto Furukawa,0.6666666666666666,Acting,古川慎,0.4904098042294374
Ann Dowd,0.3333333333333333,Acting,Ann Dowd,0.495863944004165
Şükrü Özyıldız,0.6666666666666666,Acting,Şükrü Özyıldız,0.5568841986959648
Kento Yamazaki,0.6666666666666666,Acting,山﨑賢人,0.5910965300101646
Callina Liang,0.3333333333333333,Acting,Callina Liang,0.479038749183945
Marie Gomez,0.3333333333333333,Acting,Marie Gomez,0.5962201158591509
Scott Roberts,0.0,Art,Scott Roberts,0.5956251187928171
Jeremy Irons,0.6666666666666666,Acting,Jeremy Irons,0.5954928972225207
Nicole Santamaría,0.3333333333333333,Acting,Nicole Santamaría,0.5954598418299465
Kevin Smith,0.6666666666666666,Directing,Kevin Smith,0.5952284540819279
Kim So-Hyun,0.3333333333333333,Acting,김소현,0.5950301217264832
Piper Rubio,0.3333333333333333,Acting,Piper Rubio,0.5947987339784645
Yim Si-Wan,0.6666666666666666,Acting,임시완,0.5945342908378716
Katie Colwell,0.0,Lighting,Katie Colwell,0.5944681800527233
Gizem Sevim,0.3333333333333333,Acting,Gizem Sevim,0.5942698476972786
Lam Ching-Ying,0.6666666666666666,Acting,林正英,0.5942037369121305
Eason Hung Chun-Ga,0.6666666666666666,Acting,洪浚嘉,0.5938731829863895
Julianna Margulies,0.3333333333333333,Acting,Julianna Margulies,0.5938401275938153
Michael Sheen,0.6666666666666666,Acting,Michael Sheen,0.5938401275938153
Frank Grillo,0.6666666666666666,Acting,Frank Grillo,0.5938070722012413
Koyuki,0.3333333333333333,Acting,小雪,0.593774016808667
Matthias Schweighöfer,0.6666666666666666,Acting,Matthias Schweighöfer,0.6019717541670455
Wes Anderson,0.6666666666666666,Directing,Wes Anderson,0.6018395325967489
Sairi Ito,0.3333333333333333,Acting,伊藤沙莉,0.6016412002413043
Sara Norte,0.3333333333333333,Acting,Sara Norte,0.3556429687048071
Hélène Hendriks,0.3333333333333333,Acting,Hélène Hendriks,0.6010462031749705
Brendan Fletcher,0.6666666666666666,Acting,Brendan Fletcher,0.6010462031749705
Molly Parker,0.3333333333333333,Acting,Molly Parker,0.6010462031749705
Sam Raimi,0.6666666666666666,Directing,Sam Raimi,0.6003850953234883
Helen Hunt,0.3333333333333333,Acting,Helen Hunt,0.6002859291457661
Gong Xuehua,0.3333333333333333,Acting,宫雪花,0.5998231536497285
Tori Matsuzaka,0.6666666666666666,Acting,松坂桃李,0.5995587105091357
Michael Cera,0.6666666666666666,Acting,Michael Cera,0.5995587105091357
David Hasselhoff,0.6666666666666666,Acting,David Hasselhoff,0.599327322761117
Charlotte Rampling,0.3333333333333333,Acting,Charlotte Rampling,0.5992942673685429
Missi Pyle,0.3333333333333333,Acting,Missi Pyle,0.5991620457982464
Mone Kamishiraishi,0.3333333333333333,Acting,上白石萌音,0.483402061003727
Danish Taimoor,0.6666666666666666,Acting,دانش تیمور,0.6059714566685123
Keiji Fujiwara,0.6666666666666666,Acting,藤原啓治,0.5989306580502276
Junichi Suwabe,0.6666666666666666,Acting,諏訪部順一,0.5218785379599865
Bruce Dern,0.6666666666666666,Acting,Bruce Dern,0.5877909907527539
Robert Proulx,0.6666666666666666,Acting,Robert Proulx,0.6312588319877035
Alicia Witt,0.3333333333333333,Acting,Alicia Witt,0.6650414431984397
Jack Leather,0.0,Art,Jack Leather,0.10614086555545454
Mai Nakahara,0.3333333333333333,Acting,中原麻衣,0.6520506739168161
Alexa Davalos,0.3333333333333333,Acting,Alexa Davalos,0.5370840185440752
Francesca Del Fa,0.3333333333333333,Acting,Francesca Del Fa,0.47503904668247815
Greta Scacchi,0.3333333333333333,Acting,Greta Scacchi,0.6515878984207786
Kaelen Ohm,0.3333333333333333,Acting,Kaelen Ohm,0.6656364402647738
Saori Onishi,0.3333333333333333,Acting,大西沙織,0.5341420886049799
John Waters,0.6666666666666666,Directing,John Waters,0.5518928344172749
Juana Viale,0.3333333333333333,Acting,Juana Viale,1.0
Délfor,0.0,Acting,Délfor,0.18471353370410465
George Lucas,0.6666666666666666,Directing,George Lucas,0.6138386401011495
Chen Xingxu,0.6666666666666666,Acting,陈星旭,0.5656438777281029
Hideyoshi Kan,0.6666666666666666,Acting,Hideyoshi Kan,0.627986348122867
Mike Barr,0.6666666666666666,Acting,Mike Barr,0.5887165417448289
Alfonso Cuarón,0.6666666666666666,Directing,Alfonso Cuarón,0.5154988471931841
Alperen Duymaz,0.6666666666666666,Acting,Alperen Duymaz,0.7075837334413143
Satoshi Kon,0.6666666666666666,Writing,今敏,0.4314389838772323
Carrie-Anne Moss,0.3333333333333333,Acting,Carrie-Anne Moss,0.5187052202728724
Isabelle Adjani,0.3333333333333333,Acting,Isabelle Adjani,0.48198067912304055
Matthew Rhys,0.6666666666666666,Acting,Matthew Rhys,0.5929806873868886
Michael Rodriguez,0.6666666666666666,Writing,Michael Rodriguez,0.5929476319943144
Jillian Ward,0.3333333333333333,Acting,Jillian Ward,0.5923856903205547
Chung Su-Bin,0.3333333333333333,Acting,정수빈,0.5923195795354065
Ashton Chen,0.6666666666666666,Acting,释小龙,0.5922204133576842
Patrick Stewart,0.6666666666666666,Acting,Patrick Stewart,0.591856804039369
Kim Mi-Kyeong,0.3333333333333333,Acting,김미경,0.5913609731507574
James Norton,0.6666666666666666,Acting,James Norton,1.0
Benedict Wong,0.6666666666666666,Acting,Benedict Wong,0.5910965300101646
Matthew Goode,0.6666666666666666,Acting,Matthew Goode,0.5910965300101646
David Chiang Da-Wei,0.6666666666666666,Acting,姜大衞,0.5910634746175903
Deray Davis,0.6666666666666666,Acting,DeRay Davis,0.5907659760844235
Kentaro Ito,0.6666666666666666,Acting,伊藤健太郎,0.5904684775512565
Phutanate Hongmanop,0.6666666666666666,Acting,ภูธเนศ หงษ์มานพ,0.4748076589344595
Hikari Mitsushima,0.3333333333333333,Acting,満島ひかり,0.5903032005883859
Robin Wright,0.3333333333333333,Acting,Robin Wright,0.535761802841111
Julie Walters,0.3333333333333333,Acting,Julie Walters,0.5158294011189251
Aaron Kwok,0.6666666666666666,Acting,郭富城,0.7418291201480882
Ratchata Pichetshote,0.6666666666666666,Acting,รชต พิเชฐโชติ,0.5478931319158079
Chris Rock,0.6666666666666666,Acting,Chris Rock,0.5816096323413961
Dan Stevens,0.6666666666666666,Acting,Dan Stevens,0.5431331553851366
Tyler Hynes,0.6666666666666666,Acting,Tyler Hynes,0.4845920551363948
Neil Patrick Harris,0.6666666666666666,Acting,Neil Patrick Harris,0.5365881876554638
Aieisha Li,0.3333333333333333,Costume & Make-Up,Aieisha Li,0.10392615425298946
Bowie Lam Bo-Yee,0.6666666666666666,Acting,林保怡,0.555363650637556
Grace Edwards,0.3333333333333333,Writing,Grace Edwards,0.12613937806278872
Sunny Sandler,0.3333333333333333,Acting,Sunny Sandler,0.5797585303572462
Jang Hyuk,0.6666666666666666,Acting,장혁,0.578766868580023
Rachel Bilson,0.3333333333333333,Acting,Rachel Bilson,0.5874273814344388
Song Jia,0.3333333333333333,Acting,宋佳,0.64266294242577
Koichi Yamadera,0.6666666666666666,Acting,山寺宏一,0.5377451263955574
Sam Heughan,0.6666666666666666,Acting,Sam Heughan,0.5388028989579288
Dolly Madsen,0.0,Acting,Dolly Madsen,0.5621730615078218
Richard Thomas,0.6666666666666666,Acting,Richard Thomas,0.5571486418365577
Kayla Wallace,0.3333333333333333,Acting,Kayla Wallace,0.4852201075953029
Teri Hatcher,0.3333333333333333,Acting,Teri Hatcher,0.5766513234552803
Jonathan Sagall,0.6666666666666666,Acting,יהונתן סגל,0.49503755918981235
Yang Bingzhuo,0.6666666666666666,Acting,阳兵卓,0.4303481559222868
Mio Kudo,0.3333333333333333,Acting,工藤美桜,0.49999586807592833
Yuki Uchida,0.3333333333333333,Acting,内田有紀,0.494607839086349
Miray Daner,0.3333333333333333,Acting,Miray Daner,0.549182292226198
Tom Pelphrey,0.6666666666666666,Acting,Tom Pelphrey,0.45474303564197704
Roman Polanski,0.6666666666666666,Directing,Roman Polanski,0.5222752026708757
Angela Halili,0.3333333333333333,Acting,Angela Halili,0.16041782016213674
Tamar Ouziel,0.0,Costume & Make-Up,Tamar Ouziel,0.10167838755795024
Anna Chipovskaya,0.3333333333333333,Acting,Анна Чиповская,0.4410250477237231
Dai Gaozheng,0.6666666666666666,Acting,代高政,0.606202844416531
Danielle Aranda,0.3333333333333333,Crew,Danielle Aranda,0.5546694873934997
Park So-Dam,0.3333333333333333,Acting,박소담,0.5227379781669133
Jiang Zhinan,0.3333333333333333,Acting,姜之南,0.6078225586526621
Chris Columbus,0.6666666666666666,Directing,Chris Columbus,0.37365815765769494
Mami Koyama,0.3333333333333333,Acting,小山茉美,0.4872034311497491
Lukas Gage,0.6666666666666666,Acting,Lukas Gage,0.38142617491260983
Thanakorn Kuljarassombat,0.6666666666666666,Acting,บิ๊ก ธนกร กุลจรัสสมบัติ,0.9081969109735639
Peter Serafinowicz,0.6666666666666666,Acting,Peter Serafinowicz,0.5008883636754291
Roddy Mcdowall,0.6666666666666666,Acting,Roddy McDowall,0.5287210042228265
Rose Mcgowan,0.3333333333333333,Acting,Rose McGowan,0.5307043277772727
Dua Lipa,0.3333333333333333,Acting,Dua Lipa,0.7008073779636226
Jamie Chung,0.3333333333333333,Acting,Jamie Chung,0.63767157814708
Catherine Stroud,0.3333333333333333,Production,Catherine Stroud,0.5750316092191491
Nutthacha Padovan,0.3333333333333333,Acting,ณัฐชา พาโดวัน,0.6731400143790957
Nikola Pešková,0.3333333333333333,Acting,Nikola Pešková,0.3761042567081787
Alexis Bledel,0.3333333333333333,Acting,Alexis Bledel,0.496491996463073
Brandon Larracuente,0.6666666666666666,Acting,Brandon Larracuente,0.49678949499624003
Ryoma Takeuchi,0.6666666666666666,Acting,竹内涼真,0.6626283995405301
Evan Rachel Wood,0.3333333333333333,Acting,Evan Rachel Wood,0.6769744399176921
Lori Stewart,0.3333333333333333,Crew,Lori Stewart,0.12134634613954334
Claudia Jessie,0.3333333333333333,Acting,Claudia Jessie,0.5316298787693478
Kim Soo-Hyun,0.6666666666666666,Acting,김수현,0.5647513821286021
Brittany Murphy,0.3333333333333333,Acting,Brittany Murphy,0.7981224537017909
Cheng Yi,0.6666666666666666,Acting,成毅,0.5368526307960566
Charlie Cox,0.6666666666666666,Acting,Charlie Cox,0.5559586477038898
Vaibhavi Tandle,0.3333333333333333,Acting,Vaibhavi Tandle,0.6868580022973497
Kent Cheng Jak-Si,0.6666666666666666,Acting,鄭則仕,0.4753034898230711
Ryo Horikawa,0.6666666666666666,Acting,堀川りょう,0.49963225875761313
Natsumi Takamori,0.3333333333333333,Acting,高森奈津美,0.4324306456544555
Cui Yuxin,0.6666666666666666,Acting,崔雨鑫,0.6441173796990307
Taku Yashiro,0.6666666666666666,Acting,八代拓,0.5570825310514095
Bruce Mcgill,0.6666666666666666,Acting,Bruce McGill,0.46254410828946607
Richard Schiff,0.6666666666666666,Acting,Richard Schiff,0.4758323761042567
Virginia Madsen,0.3333333333333333,Acting,Virginia Madsen,0.5637927757439529
Paula Patton,0.3333333333333333,Acting,Paula Patton,0.6136072523531307
Gemma Chan,0.3333333333333333,Acting,Gemma Chan,0.6135411415679826
Ren Watabe,0.6666666666666666,Acting,Ren Watabe,0.6720822418167244
Christy Imperial,0.3333333333333333,Acting,Christy Imperial,0.7459279888272773
V,0.6666666666666666,Acting,뷔,0.613970861671446
Lynne Thigpen,0.3333333333333333,Acting,Lynne Thigpen,0.463767157814708
Jessy Schram,0.3333333333333333,Acting,Jessy Schram,0.49804559991405606
Naomi Scott,0.3333333333333333,Acting,Naomi Scott,0.5457775867910651
Susan Sarandon,0.3333333333333333,Acting,Susan Sarandon,0.6749250055780976
Eleanor Tomlinson,0.3333333333333333,Acting,Eleanor Tomlinson,0.6589923063573784
Esom,0.3333333333333333,Acting,이솜,0.5882868216413655
Beren Gençalp,0.3333333333333333,Acting,Beren Gençalp,0.5313323802361808
Giovanna Romo,0.3333333333333333,Acting,Giovanna Romo,0.5675941458899751
Robbie Amell,0.6666666666666666,Acting,Robbie Amell,0.5215810394268194
Joy Cooper,0.0,Acting,Joy Cooper,0.1037278218975448
Paul Wesley,0.6666666666666666,Acting,Paul Wesley,0.5984678825541903
Ice Cube,0.6666666666666666,Acting,Ice Cube,0.5356626366633888
Mary Steenburgen,0.3333333333333333,Acting,Mary Steenburgen,0.5888157079225513
Kelly Ripa,0.3333333333333333,Acting,Kelly Ripa,0.5276301762678809
Kazuhiro Yamaji,0.6666666666666666,Acting,山路和弘,0.6190613921278583
Emily Osment,0.3333333333333333,Acting,Emily Osment,0.5672966473568082
Alissa Yagi,0.3333333333333333,Acting,八木アリサ,0.6775363815914518
Rob Lowe,0.6666666666666666,Acting,Rob Lowe,0.5594625193167451
Seiji Nakamitsu,0.6666666666666666,Acting,なかみつせいじ,0.5450503681544349
Izïa Higelin,0.3333333333333333,Acting,Izïa Higelin,0.5289854473634193
Fabrice Luchini,0.6666666666666666,Acting,Fabrice Luchini,0.5255146311431381
Kotono Mitsuishi,0.3333333333333333,Acting,三石琴乃,0.556652810947946
Laura Haddock,0.3333333333333333,Acting,Laura Haddock,0.51361468981646
Yuya Yagira,0.6666666666666666,Acting,柳楽優弥,0.7574643208356404
Kosai Khauli,0.6666666666666666,Acting,قصي خولي,0.5489839598707534
Dennis Johnson,0.6666666666666666,Sound,Dennis Johnson,0.1004553380327083
Blaine Thurier,0.6666666666666666,Directing,Blaine Thurier,0.5703707988662001
Johnny Knoxville,0.6666666666666666,Acting,Johnny Knoxville,0.5698419125850143
Autumn Noel,0.3333333333333333,Acting,Autumn Noel,1.0
Haley Bennett,0.3333333333333333,Acting,Haley Bennett,0.5297126660000495
Eric Wan Tin-Chiu,0.6666666666666666,Acting,尹天照,0.48178234676759574
Lee Joon,0.6666666666666666,Acting,이준,0.5880884892859208
Sayumi Suzushiro,0.3333333333333333,Acting,鈴代紗弓,0.513019692750126
Aoi Koga,0.3333333333333333,Acting,古賀葵,0.417621829781256
Tom Hollander,0.6666666666666666,Acting,Tom Hollander,0.47973291242800126
Eri Kitamura,0.3333333333333333,Acting,喜多村英梨,0.531695989554496
William Shatner,0.6666666666666666,Acting,William Shatner,0.6087150542521631
Ron Howard,0.6666666666666666,Directing,Ron Howard,0.5635283326033601
Efrain Villa,0.0,Acting,Efrain Villa,0.16028559859184024
Park Bo-Young,0.3333333333333333,Acting,박보영,0.613045310679371
Manaka Iwami,0.3333333333333333,Acting,石見舞菜香,0.5798576965349684
Chase Infiniti,0.3333333333333333,Acting,Chase Infiniti,0.6884777165334809
Kaho,0.3333333333333333,Acting,夏帆,0.5369187415812048
Seiji Miyaguchi,0.6666666666666666,Acting,宮口精二,0.5181102232065383
Lee Myeong-Ro,0.6666666666666666,Acting,Lee Myeong-ro,0.5933442967052038
Shea Whigham,0.6666666666666666,Acting,Shea Whigham,0.5223743688485981
Mieko Harada,0.3333333333333333,Acting,原田美枝子,0.5283904502970853
Richard Harris,0.6666666666666666,Acting,Richard Harris,0.5873282152567164
Natalya Rudakova,0.3333333333333333,Acting,Natalya Rudakova,0.572816897916684
Sam Underwood,0.6666666666666666,Acting,Sam Underwood,0.5723871778132206
Toshio Furukawa,0.6666666666666666,Acting,古川登志夫,0.5723210670280724
Jeanne Tripplehorn,0.3333333333333333,Acting,Jeanne Tripplehorn,0.5722549562429241
Quinta Brunson,0.3333333333333333,Acting,Quinta Brunson,0.5721227346726278
Niecy Nash,0.3333333333333333,Acting,Niecy Nash,0.5719905131023313
Paddy Considine,0.6666666666666666,Acting,Paddy Considine,0.5715607929988679
Nick Frost,0.6666666666666666,Acting,Nick Frost,0.5713624606434233
Kristal Tin Yui-Nei,0.3333333333333333,Acting,田蕊妮,0.5711971836805527
Patrick Hunt,0.0,Art,Patrick Hunt,0.5702385772959037
Pruitt Taylor Vince,0.6666666666666666,Acting,Pruitt Taylor Vince,0.5702055219033295
Gwei Lun-Mei,0.3333333333333333,Acting,桂綸鎂,0.5700071895478849
Yuen Biao,0.6666666666666666,Acting,元彪,0.5695774694444214
Cha Hak-Yeon,0.6666666666666666,Acting,차학연,0.5691808047335323
Rena Takeda,0.3333333333333333,Acting,武田玲奈,0.5691808047335323
Luke Hemsworth,0.6666666666666666,Acting,Luke Hemsworth,0.4445950301217265
Mutsumi Tamura,0.3333333333333333,Acting,田村睦心,0.5274318439124362
Tetsuya Kakihara,0.6666666666666666,Acting,柿原徹也,0.5340098670346834
Jouji Nakata,0.6666666666666666,Acting,中田譲治,0.48925286548934377
Hero Fiennes Tiffin,0.6666666666666666,Acting,Hero Fiennes Tiffin,0.5632308340701933
Minako Kotobuki,0.3333333333333333,Acting,寿美菜子,0.5389020651356511
Kevin Zegers,0.6666666666666666,Acting,Kevin Zegers,0.5457114760059169
Wilbert Ross,0.6666666666666666,Acting,Wilbert Ross,0.5108380368402351
Ken Lo Wai-Kwong,0.6666666666666666,Acting,盧惠光,0.5225727012040426
Imogen Poots,0.3333333333333333,Acting,Imogen Poots,0.4806584634200763
Ioan Gruffudd,0.6666666666666666,Acting,Ioan Gruffudd,0.5668669272533448
Missy Peregrym,0.3333333333333333,Acting,Missy Peregrym,0.6182019519209315
Jennifer Ehle,0.3333333333333333,Acting,Jennifer Ehle,0.476559594740887
David Caruso,0.6666666666666666,Acting,David Caruso,0.40863076300109913
Tiffani-Amber Thiessen,0.3333333333333333,Acting,Tiffani-Amber Thiessen,0.6153922435521325
Ryohei Kimura,0.6666666666666666,Acting,木村良平,0.5590327992132818
Jimmi Simpson,0.6666666666666666,Acting,Jimmi Simpson,0.47553487757108975
Shirley Henderson,0.3333333333333333,Acting,Shirley Henderson,0.48601343701708144
Tony Shalhoub,0.6666666666666666,Acting,Tony Shalhoub,0.525151021824823
Taylour Paige,0.3333333333333333,Acting,Taylour Paige,0.5228040889520614
Karrueche Tran,0.3333333333333333,Acting,Karrueche Tran,0.6126817013610558
Jill Wagner,0.3333333333333333,Acting,Jill Wagner,0.5222421472783016
Julie Benz,0.3333333333333333,Acting,Julie Benz,0.6138386401011495
Samaire Armstrong,0.3333333333333333,Acting,Samaire Armstrong,0.48750092968291614
Willa Fitzgerald,0.3333333333333333,Acting,Willa Fitzgerald,0.5478600765232338
Matthew Modine,0.6666666666666666,Acting,Matthew Modine,0.5165896751481295
Ami Koshimizu,0.3333333333333333,Acting,小清水亜美,0.48515399681015464
Kenji Nojima,0.6666666666666666,Acting,野島健児,0.4602632862018528
Mizuki Yamamoto,0.3333333333333333,Acting,山本美月,0.54855423976729
Philip Keung Ho-Man,0.6666666666666666,Acting,姜皓文,0.6031286929071392
Tara Strong,0.3333333333333333,Acting,Tara Strong,0.5845515622804915
Alex Skuby,0.6666666666666666,Acting,Alex Skuby,0.48181540216016994
Zibby Allen,0.3333333333333333,Acting,Zibby Allen,0.531398491021329
Ashley Benson,0.3333333333333333,Acting,Ashley Benson,0.5467692485682883
Choi Min-Sik,0.6666666666666666,Acting,최민식,0.5202588237238552
Kit Connor,0.6666666666666666,Acting,Kit Connor,0.5313323802361808
Katya Santos,0.3333333333333333,Acting,Katya Santos,0.5666024841127519
Soumen Das,0.0,Visual Effects,Soumen Das,0.5629994463221745
Akira Kamiya,0.6666666666666666,Acting,神谷明,0.5628011139667298
Jim Creighton,0.0,Acting,Jim Creighton,0.5627680585741557
Bao Bei'Er,0.6666666666666666,Acting,包贝尔,0.4682626912047865
Yunjin Kim,0.3333333333333333,Acting,김윤진,0.5622061169003958
Kohsuke Toriumi,0.6666666666666666,Acting,鳥海浩輔,0.5617763967969325
Anya Chalotra,0.3333333333333333,Acting,Anya Chalotra,0.5617102860117842
Donnie Wahlberg,0.6666666666666666,Acting,Donnie Wahlberg,0.5610161227677279
Laurie Metcalf,0.3333333333333333,Acting,Laurie Metcalf,0.5609169565900057
Stephanie Beatriz,0.3333333333333333,Acting,Stephanie Beatriz,0.5608839011974316
Jaime Ray Newman,0.3333333333333333,Acting,Jaime Ray Newman,0.5606194580568388
Meagan Good,0.3333333333333333,Acting,Meagan Good,0.5604541810939682
Menglei Liu,0.0,Acting,Menglei Liu,0.08984455701642025
Stephanie Gangel,0.3333333333333333,Sound,Stephanie Gangel,0.5598922394202085
Brett Gelman,0.6666666666666666,Acting,Brett Gelman,0.5597600178499119
Kiersey Clemons,0.3333333333333333,Acting,Kiersey Clemons,0.4967233842110918
Simu Liu,0.6666666666666666,Acting,Simu Liu,0.5595616854944674
Tang Yan,0.3333333333333333,Acting,唐嫣,0.5595616854944674
Christopher Eccleston,0.6666666666666666,Acting,Christopher Eccleston,0.5595286301018934
Jessica Hecht,0.3333333333333333,Acting,Jessica Hecht,0.5594955747093191
Cloris Leachman,0.3333333333333333,Acting,Cloris Leachman,0.5593302977464487
John Carroll Lynch,0.6666666666666666,Acting,John Carroll Lynch,0.5593302977464487
Musa Torkizadeh,0.0,Acting,Musa Torkizadeh,0.5591980761761521
Hokuto Matsumura,0.6666666666666666,Acting,松村北斗,0.5171185614293151
Chiaki Takahashi,0.3333333333333333,Acting,たかはし智秋,0.4090604831045625
Eric Leisher,0.0,Crew,Eric Leisher,0.5583386359692255
Bao Shangen,0.3333333333333333,Acting,包上恩,0.5578758604731879
Bai Ling,0.3333333333333333,Acting,Bai Ling,0.5578428050806139
Yutaka Matsushige,0.6666666666666666,Acting,松重豊,0.5578428050806139
Lance Barber,0.6666666666666666,Acting,Lance Barber,0.4829723409002636
Aki Toyosaki,0.3333333333333333,Acting,豊崎愛生,0.5573139187994283
Carice Van Houten,0.3333333333333333,Acting,Carice van Houten,0.6812055301671778
Takako Honda,0.3333333333333333,Acting,本田貴子,0.5771802097364659
Kumail Nanjiani,0.6666666666666666,Acting,Kumail Nanjiani,0.508656380930344
Debra Wilson,0.3333333333333333,Acting,Debra Wilson,0.49761587981059263
Pran Sikand,0.6666666666666666,Acting,Pran Sikand,0.4627093852523366
Hilary Swank,0.3333333333333333,Acting,Hilary Swank,0.6368782487253015
Scud,0.6666666666666666,Directing,云翔,0.6105331008437388
Vilma Santos,0.3333333333333333,Acting,Vilma Santos,0.5868323843681048
Takeshi Kaneshiro,0.6666666666666666,Acting,金城武,0.47454321579386655
Mai Hashimoto,0.3333333333333333,Acting,橋本まい,0.5773454866993365
Gaite Jansen,0.3333333333333333,Acting,Gaite Jansen,0.6241188671916965
Shiori Izawa,0.3333333333333333,Acting,井澤詩織,0.35326298043947146
Angela Sarafyan,0.3333333333333333,Acting,Angela Sarafyan,0.46842796816765697
Charlie Day,0.6666666666666666,Acting,Charlie Day,0.4655190936211356
Sondra Locke,0.3333333333333333,Acting,Sondra Locke,0.43418258146088307
Jisoo,0.3333333333333333,Acting,지수,0.5188374418431687
Charlie Heaton,0.6666666666666666,Acting,Charlie Heaton,0.6129791998942227
Minami Tanaka,0.3333333333333333,Acting,田中みな実,0.6763794428513581
Vanessa Redgrave,0.3333333333333333,Acting,Vanessa Redgrave,0.483732614929468
Hikari Kabashima,0.3333333333333333,Acting,椛島光,0.5827996264740639
Eric Kripke,0.6666666666666666,Writing,Eric Kripke,0.4783115305473146
Noriko Hidaka,0.3333333333333333,Acting,日髙のり子,0.4926245155319027
Jose Coronado,0.6666666666666666,Acting,Jose Coronado,0.6188630597724137
Golshifteh Farahani,0.3333333333333333,Acting,گلشیفته فراهانی,0.5337454238940905
Andrea Riseborough,0.3333333333333333,Acting,Andrea Riseborough,0.483402061003727
Matt Smith,0.6666666666666666,Acting,Matt Smith,0.5459759191465099
Holliday Grainger,0.3333333333333333,Acting,Holliday Grainger,0.6398862894495452
Robin Givens,0.3333333333333333,Acting,Robin Givens,0.508953879463511
Bette Davis,0.3333333333333333,Acting,Bette Davis,0.669173367270203
Connie Britton,0.3333333333333333,Acting,Connie Britton,0.48465816592154304
Stephen Amell,0.6666666666666666,Acting,Stephen Amell,0.6131114214645191
Masaya Onosaka,0.6666666666666666,Acting,小野坂昌也,0.5339768116421093
Robin Givens,0.3333333333333333,Acting,Robin Givens,0.5906337545141271
Bette Davis,0.3333333333333333,Acting,Bette Davis,0.590567643728979
Phutanate Hongmanop,0.6666666666666666,Acting,ภูธเนศ หงษ์มานพ,0.5903693113735342
Connie Britton,0.3333333333333333,Acting,Connie Britton,0.5903362559809602
Stephen Amell,0.6666666666666666,Acting,Stephen Amell,0.5903032005883859
Masaya Onosaka,0.6666666666666666,Acting,小野坂昌也,0.5902370898032377
Keri Russell,0.3333333333333333,Acting,Keri Russell,0.5902370898032377
Renee Bella,0.0,Production,Renee Bella,0.5900387574477931
Cha Hak-Yeon,0.6666666666666666,Acting,차학연,0.5900387574477931
Cheng Yufeng,0.6666666666666666,Acting,程宇峰,0.5899395912700709
Lisa,0.3333333333333333,Acting,ลิซ่า,0.589675148129478
Stephanie Beatriz,0.3333333333333333,Acting,Stephanie Beatriz,0.5896090373443298
Joan Chen,0.3333333333333333,Acting,Joan Chen,0.5894437603814593
Kengo Kawanishi,0.6666666666666666,Acting,河西健吾,0.589344594203737
Lee Jae-Wook,0.6666666666666666,Acting,이재욱,0.5892454280260147
Paul Williams,0.6666666666666666,Sound,Paul Williams,0.5892123726334405
Lorraine Bracco,0.3333333333333333,Acting,Lorraine Bracco,0.5890470956705699
David Lynch,0.6666666666666666,Directing,David Lynch,0.5888818187076995
Patrick Pulido,0.0,Camera,Patrick Pulido,0.5885843201745324
Sophie Skelton,0.3333333333333333,Acting,Sophie Skelton,0.5884520986042361
Massimo Ranieri,0.6666666666666666,Acting,Massimo Ranieri,0.4594369013875001
Li Meng,0.3333333333333333,Acting,李梦,0.574403556760241
Shogo Sakata,0.6666666666666666,Acting,坂田将吾,0.5029047426224497
Ambra Angiolini,0.3333333333333333,Acting,Ambra Angiolini,0.4486277880157674
Devon Bostick,0.6666666666666666,Acting,Devon Bostick,0.4975828244180185
Jenna Elfman,0.3333333333333333,Acting,Jenna Elfman,0.49788032295118545
Sarah Hyland,0.3333333333333333,Acting,Sarah Hyland,0.6062689552016792
Bo Derek,0.3333333333333333,Acting,Bo Derek,0.5349023626341843
Terry O'Quinn,0.6666666666666666,Acting,Terry O'Quinn,0.4997975357204836
Catherine Deneuve,0.3333333333333333,Acting,Catherine Deneuve,0.4817492913750217
Kim Coates,0.6666666666666666,Acting,Kim Coates,0.5347040302787397
Rosanna Arquette,0.3333333333333333,Acting,Rosanna Arquette,0.5080613838640102
Brooke Shields,0.3333333333333333,Acting,Brooke Shields,0.7028898676957913
Brad Dourif,0.6666666666666666,Acting,Brad Dourif,0.6305977241362213
Gang Dong-Won,0.6666666666666666,Acting,강동원,0.4987067077655381
Wesley Snipes,0.6666666666666666,Acting,Wesley Snipes,0.6038559115437694
Sofia Boutella,0.3333333333333333,Acting,Sofia Boutella,0.5319273773025148
Rory Mccann,0.6666666666666666,Acting,Rory McCann,0.40066441339073955
Fan Zhixin,0.6666666666666666,Acting,樊治欣,0.6126817013610558
Laura Surrich,0.3333333333333333,Acting,Laura Surrich,0.5107388706625127
Wang Yinglu,0.3333333333333333,Acting,王影璐,0.5297126660000495
Pavel Göbl,0.6666666666666666,Directing,Pavel Göbl,0.13955986744787577
Vera Miles,0.3333333333333333,Acting,Vera Miles,0.5849151715988068
Poppy Montgomery,0.3333333333333333,Acting,Poppy Montgomery,0.5838243436438612
Steve Schirripa,0.6666666666666666,Acting,Steve Schirripa,0.36483236784040857
Tika Sumpter,0.3333333333333333,Acting,Tika Sumpter,0.4593377352097778
Christopher Meloni,0.6666666666666666,Acting,Christopher Meloni,0.45497442338999583
Maksim Drozd,0.6666666666666666,Acting,Максим Дрозд,0.41818377145501573
Toru Okawa,0.6666666666666666,Acting,大川透,0.4551397003528663
Soichiro Hoshi,0.6666666666666666,Acting,保志総一朗,0.479038749183945
Shizuka Ishigami,0.3333333333333333,Acting,石上静香,0.4482972340900264
Michaela Mcmanus,0.3333333333333333,Acting,Michaela McManus,0.4760637638522755
Chingmy Yau Suk-Ching,0.3333333333333333,Acting,邱淑貞,0.46204827740085447
Fran Walsh,0.3333333333333333,Writing,Fran Walsh,0.3465196803543538
Zachary Levi,0.6666666666666666,Acting,Zachary Levi,0.4925914601393285
Aylin Tezel,0.3333333333333333,Acting,Aylin Tezel,0.519564660479799
Gong Myoung,0.6666666666666666,Acting,공명,0.6486790238742572
Geordy Couturiau,0.0,Directing,Geordy Couturiau,0.13770876546372585
Lee Van Cleef,0.6666666666666666,Acting,Lee Van Cleef,0.5127221942169592
Shinya Takahashi,0.6666666666666666,Acting,高橋伸也,0.4894181424522144
Jiří Melcher,0.6666666666666666,Sound,Jiří Melcher,0.5829649034369345
Yumi Aso,0.3333333333333333,Acting,麻生祐未,0.45553636506375556
Hong Sae-Hee,0.3333333333333333,Acting,Hong Sae-hee,0.545116478939583
Treat Williams,0.6666666666666666,Acting,Treat Williams,0.46142022494194646
Liu Runming,0.6666666666666666,Acting,刘润铭,0.5201927129387071
Soma Saito,0.6666666666666666,Acting,斉藤壮馬,0.550107843218273
Max Thieriot,0.6666666666666666,Acting,Max Thieriot,0.5020453024155228
Kenichi Endo,0.6666666666666666,Acting,遠藤憲一,0.580617970564173
Nozomi Nishiyama,0.3333333333333333,Acting,西山希,0.4684610235602311
Ludwika Paleta,0.3333333333333333,Acting,Ludwika Paleta,0.3912436265071193
Ebon Moss-Bachrach,0.6666666666666666,Acting,Ebon Moss-Bachrach,0.45504053417514406
Freida Pinto,0.3333333333333333,Acting,Freida Pinto,0.5301423861035129
Huang Bo,0.6666666666666666,Acting,黄渤,0.48528621838045105
Emily Swallow,0.3333333333333333,Acting,Emily Swallow,0.5152674594451653
Yasmin Abdulaziz,0.3333333333333333,Acting,ياسمين عبدالعزيز,0.3964663785338281
Kevin Michael Richardson,0.6666666666666666,Acting,Kevin Michael Richardson,0.5472650794569
Aunjanue Ellis-Taylor,0.3333333333333333,Acting,Aunjanue Ellis-Taylor,0.441620044790057
Kat Graham,0.3333333333333333,Acting,Kat Graham,0.6650744985910138
Kenichi Ogata,0.6666666666666666,Acting,緒方賢一,0.45504053417514406
Kim Ga-Eun,0.3333333333333333,Acting,김가은,0.4774190349478138
Jason Clarke,0.6666666666666666,Acting,Jason Clarke,0.45560247584890384
Barbie Ferreira,0.3333333333333333,Acting,Barbie Ferreira,0.4707749010404185
Hideo Jojo,0.6666666666666666,Directing,城定秀夫,0.5529175515870721
Mohammad Reyad,0.6666666666666666,Acting,محمد رياض,0.4462147443578577
India Eisley,0.3333333333333333,Acting,India Eisley,0.4835342825740234
Aimee-Ffion Edwards,0.3333333333333333,Acting,Aimee-Ffion Edwards,0.4623457759340215
Caitlin Stasey,0.3333333333333333,Acting,Caitlin Stasey,0.6160864067961888
James Cosmo,0.6666666666666666,Acting,James Cosmo,0.47255989223942024
Alexa Penavega,0.3333333333333333,Acting,Alexa PenaVega,0.4629407730003554
Nils Moström,0.6666666666666666,Editing,Nils Moström,0.05797915857498203
Aimi,0.3333333333333333,Acting,愛美,0.339710269484088
Monica Bailey,0.0,Acting,Monica Bailey,0.541348164186135
Lee Kwang-Soo,0.6666666666666666,Acting,이광수,0.45811468568453584
Harry Styles,0.6666666666666666,Acting,Harry Styles,0.5411167764381162
Daisy Ridley,0.3333333333333333,Acting,Daisy Ridley,0.459403845994926
Viola Davis,0.3333333333333333,Acting,Viola Davis,0.5405548347643563
Jing Boran,0.6666666666666666,Acting,井柏然,0.5401581700534671
Mimi Marks,0.3333333333333333,Acting,Mimi Marks,0.5399928930905966
Zhang Yishang,0.3333333333333333,Acting,张艺上,0.5393978960242627
Ok Taec-Yeon,0.6666666666666666,Acting,옥택연,0.4640316009553008
Karen Allen,0.3333333333333333,Acting,Karen Allen,0.53857151120991
Nicola Scaramella,0.6666666666666666,Directing,Nicola Scaramella,0.5385384558173358
Corey Feldman,0.6666666666666666,Acting,Corey Feldman,0.5381417911064467
Li Landi,0.3333333333333333,Acting,李兰迪,0.4955003346858498
Lin Gengxin,0.6666666666666666,Acting,林更新,0.4797990232131495
Shigeru Chiba,0.0,,Shigeru Chiba,0.11139667297473742
David Fincher,0.6666666666666666,Directing,David Fincher,0.5372492955069458
Hayley Mills,0.3333333333333333,Acting,Hayley Mills,0.5372162401143716
Richard Armitage,0.6666666666666666,Acting,Richard Armitage,0.5369187415812048
Patrick Dempsey,0.6666666666666666,Acting,Patrick Dempsey,0.5369187415812048
Athena Chu Yan,0.3333333333333333,Acting,朱茵,0.5368526307960566
Mimi Rogers,0.3333333333333333,Acting,Mimi Rogers,0.5368526307960566
Ayahi Takagaki,0.3333333333333333,Acting,高垣彩陽,0.5116974770471617
Satomi Sato,0.3333333333333333,Acting,佐藤聡美,0.47312183391318
Nao Omori,0.6666666666666666,Acting,大森南朋,0.536654298440612
Chrissie Chau Sau-Na,0.3333333333333333,Acting,周秀娜,0.5365551322628895
Roy Chiao,0.6666666666666666,Acting,喬宏,0.4031435678337975
Maciej Mazurkiewicz,0.6666666666666666,Acting,Maciej Mazurkiewicz,0.170797213430406
Raquel Guerrero,0.3333333333333333,Acting,Raquel Guerrero,0.5813782445933774
Geraldine Chaplin,0.3333333333333333,Acting,Geraldine Chaplin,0.48393094728491276
Adam Sotelo,0.0,Writing,Adam Sotelo,0.5753621631448901
Jane Seymour,0.3333333333333333,Acting,Jane Seymour,0.5486864613375866
Polly Walker,0.3333333333333333,Acting,Polly Walker,0.5755274401077607
Viktoria Langton,0.0,Crew,Viktoria Langton,0.0737796362254047
Lesley Ann Warren,0.3333333333333333,Acting,Lesley Ann Warren,0.5357948582336851
Scott Mccord,0.6666666666666666,Acting,Scott McCord,0.5740068920493517
Michael Trucco,0.6666666666666666,Acting,Michael Trucco,0.43137287309208405
Chris O'Donnell,0.6666666666666666,Acting,Chris O'Donnell,0.6200530539050815
Glenn Close,0.3333333333333333,Acting,Glenn Close,0.5304729400292539
Stanley Kubrick,0.6666666666666666,Directing,Stanley Kubrick,0.4621474435785768
Wojtek Matuszak,0.6666666666666666,Acting,Wojtek Matuszak,0.186068804799643
Jessica Hsuan,0.3333333333333333,Acting,宣萱,0.6073597831566248
Park Eun-Bin,0.3333333333333333,Acting,박은빈,0.5155319025857581
Claudia Black,0.3333333333333333,Acting,Claudia Black,0.49345090034625533
Shoya Chiba,0.6666666666666666,Acting,千葉翔也,0.48776537282350896
Tessyo Genda,0.6666666666666666,Acting,玄田哲章,0.6104339346660166
Raquel Welch,0.3333333333333333,Acting,Raquel Welch,0.5986331595170608
Joe Mantegna,0.6666666666666666,Acting,Joe Mantegna,0.5032352965481907
John Dimaggio,0.6666666666666666,Acting,John DiMaggio,0.46697353089439636
Ai Hashimoto,0.3333333333333333,Acting,橋本愛,0.5060450049169897
Madeline Zima,0.3333333333333333,Acting,Madeline Zima,0.5889148741002735
Jesse Eisenberg,0.6666666666666666,Acting,Jesse Eisenberg,0.5735771719458884
Aisha Tyler,0.3333333333333333,Acting,Aisha Tyler,0.40833326446793217
Michael Chan Wai-Man,0.6666666666666666,Acting,陳惠敏,0.5143419084530902
Carolina Miranda,0.3333333333333333,Acting,Carolina Miranda,0.5817087985191185
Brian Jordan Alvarez,0.6666666666666666,Acting,Brian Jordan Alvarez,0.47097323339586317
Marlin Mckeever,0.0,Acting,Marlin McKeever,0.09400953648075763
Costa Ronin,0.6666666666666666,Acting,Costa Ronin,0.47986513399829767
Kaori Nazuka,0.3333333333333333,Acting,名塚佳織,0.47004768240378814
Kaede Hondo,0.3333333333333333,Acting,本渡楓,0.4798981893908717
Adelaide Kane,0.3333333333333333,Acting,Adelaide Kane,0.4356039633415697
Koji Yusa,0.6666666666666666,Acting,遊佐浩二,0.5345718087084432
Jeana Ho Pui-Yu,0.3333333333333333,Acting,何佩瑜,0.5230354767000801
Richard Ng Man-Tat,0.6666666666666666,Acting,吳孟達,0.5230024213075061
Eli Gerstenlauer,0.0,Acting,Eli Gerstenlauer,0.5227049227743391
Ceasar Matijasevic,0.0,Acting,Ceasar Matijasevic,0.5226057565966169
Lisa,0.3333333333333333,Acting,ลิซ่า,0.5225065904188945
Hill Harper,0.6666666666666666,Acting,Hill Harper,0.5223743688485981
Sharon Small,0.3333333333333333,Acting,Sharon Small,0.5221760364931535
Özge Törer,0.3333333333333333,Acting,Özge Törer,0.522043814922857
Masato Uchiyama,0.6666666666666666,Acting,内山眞人,0.5219446487451347
Jacky Cheung Hok-Yau,0.6666666666666666,Acting,張學友,0.5215810394268194
Joo Yeon-Seo,0.3333333333333333,Acting,Joo Yeon-seo,0.5212174301085043
Gabriel Basso,0.6666666666666666,Acting,Gabriel Basso,0.4511730532439736
Brigitte Lin,0.3333333333333333,Acting,林青霞,0.6438859919510119
Jerry Trainor,0.6666666666666666,Acting,Jerry Trainor,0.49477311604921953
Ranveer Singh,0.6666666666666666,Acting,Ranveer Singh,0.508986934856085
Danny Mcbride,0.6666666666666666,Acting,Danny McBride,0.4995661479724649
John Carpenter,0.6666666666666666,Directing,John Carpenter,0.44238031881926143
Carolyn Jones,0.3333333333333333,Acting,Carolyn Jones,0.4134568503169186
Reza Rahadian,0.6666666666666666,Acting,Reza Rahadian,0.4412564354717418
Garrett Hedlund,0.6666666666666666,Acting,Garrett Hedlund,0.47665876091860937
Sam Shepard,0.6666666666666666,Acting,Sam Shepard,0.49034369344428924
Hiroki Touchi,0.6666666666666666,Acting,東地宏樹,0.549446735366791
Miki Mizuno,0.3333333333333333,Acting,水野美紀,0.5118627540100323
Shintaro Asanuma,0.6666666666666666,Acting,浅沼晋太郎,0.5912618069730352
Peter O'Toole,0.6666666666666666,Acting,Peter O'Toole,0.421390144534704
Pete Davidson,0.6666666666666666,Acting,Pete Davidson,0.5278946194084737
John C. Reilly,0.6666666666666666,Acting,John C. Reilly,0.6511251229247411
Natalia Prokaziuk,0.3333333333333333,Acting,Natalia Prokaziuk,0.16088059565817417
Sabine Weithöner,0.0,Acting,Sabine Weithöner,0.5189696634134652
Gordon Liu Chia-Hui,0.6666666666666666,Acting,劉家輝,0.5189696634134652
Paul Chun Pui,0.6666666666666666,Acting,秦沛,0.5184738325248536
Jorge Vargas,0.6666666666666666,Acting,Jorge Vargas,0.5184077217397054
Cho,0.6666666666666666,Acting,チョー,0.5184077217397054
Romy Schneider,0.3333333333333333,Acting,Romy Schneider,0.5180771678139643
Rihanna,0.3333333333333333,Acting,Rihanna,0.5180441124213901
Kerry Condon,0.3333333333333333,Acting,Kerry Condon,0.5178788354585195
Kyle Maclachlan,0.6666666666666666,Acting,Kyle MacLachlan,0.5178788354585195
Melanie Lynskey,0.3333333333333333,Acting,Melanie Lynskey,0.5178127246733714
Mahesh Babu,0.6666666666666666,Acting,Mahesh Babu,0.5177135584956492
Takami Yoshimoto,0.3333333333333333,Acting,吉本多香美,0.5176805031030749
Ci Sha,0.6666666666666666,Acting,此沙,0.5175482815327785
Bosco Wong Chung-Chak,0.6666666666666666,Acting,黃宗澤,0.5173830045699082
Miguel Mora,0.6666666666666666,Acting,Miguel Mora,0.5171846722144633
George López,0.6666666666666666,Acting,George López,0.4394053334875918
Benz Hui Siu-Hung,0.6666666666666666,Acting,許紹雄,0.5448189804064161
Rachel Zegler,0.3333333333333333,Acting,Rachel Zegler,0.500227255823947
Lorne Greene,0.6666666666666666,Acting,Lorne Greene,0.28616053351403614
Gregory Peck,0.6666666666666666,Acting,Gregory Peck,0.5298779429629201
Ayumi Kuroki,0.3333333333333333,Acting,宮村恋,0.3892933583452471
Engfa Waraha,0.3333333333333333,Acting,อิงฟ้า วราหะ,0.47639431777801655
Han Geng,0.6666666666666666,Acting,韓庚,0.5288862811856969
Morgan Fairchild,0.3333333333333333,Acting,Morgan Fairchild,0.5770149327735953
Lynn Collins,0.3333333333333333,Acting,Lynn Collins,0.5458436975762133
Prabhu Deva,0.6666666666666666,Acting,Prabhu Deva,0.4746423819715889
Song Zuer,0.3333333333333333,Acting,宋祖儿,0.48829425910469476
William Sadler,0.6666666666666666,Acting,William Sadler,0.5058136171689709
James Coburn,0.6666666666666666,Acting,James Coburn,0.4556685866340521
Yuko Minaguchi,0.3333333333333333,Acting,皆口裕子,0.45332165376129047
Seann William Scott,0.6666666666666666,Acting,Seann William Scott,0.5080613838640102
Toru Furuya,0.6666666666666666,Acting,古谷徹,0.47097323339586317
Shakib Khan,0.6666666666666666,Acting,Shakib Khan,0.5231015874852283
Suzuko Mimori,0.3333333333333333,Acting,三森すずこ,0.5230685320926544
Ryo Nishino,0.6666666666666666,Acting,Ryo Nishino,0.060293036055169454
Matthew Broderick,0.6666666666666666,Acting,Matthew Broderick,0.5210852085382078
Lorenzo Zurzolo,0.6666666666666666,Acting,Lorenzo Zurzolo,0.5210190977530597
Mark Gatiss,0.6666666666666666,Acting,Mark Gatiss,0.5209860423604856
Chikahiro Kobayashi,0.6666666666666666,Acting,小林親弘,0.4449586394400417
Hiroki Takahashi,0.6666666666666666,Acting,高橋広樹,0.5208868761827633
Yuka Iguchi,0.3333333333333333,Acting,井口裕香,0.5431992661702848
Elisabetta Canalis,0.3333333333333333,Acting,Elisabetta Canalis,0.39207001132147196
Irene Choi,0.3333333333333333,Acting,Irene Choi,0.5201927129387071
Bae Doona,0.3333333333333333,Acting,배두나,0.520159657546133
Ted Levine,0.6666666666666666,Acting,Ted Levine,0.5200935467609847
Daniel Mitchell,0.0,Acting,Daniel Mitchell,0.51989521440554
Veronica Yip Yuk-Hing,0.3333333333333333,Acting,葉玉卿,0.41101075126643477
Zhao Huawei,0.6666666666666666,Acting,赵华为,0.5197629928352436
Keisha Castle-Hughes,0.3333333333333333,Acting,Keisha Castle-Hughes,0.5196638266575214
Eric Tsang Chi-Wai,0.6666666666666666,Acting,曾志偉,0.5192010511614839
Minami Tsuda,0.3333333333333333,Acting,津田美波,0.4147790660198828
Yoji Ueda,0.6666666666666666,Acting,上田燿司,0.5069375005164906
Alexandre Kominek,0.6666666666666666,Acting,Alexandre Kominek,0.456263583700386
Risa Taneda,0.3333333333333333,Acting,種田梨沙,0.39511110743828975
Angie Harmon,0.3333333333333333,Acting,Angie Harmon,0.6025006404482312
Kelli Bell,0.0,Crew,Kelli Bell,0.08177904122833837
James Hong,0.6666666666666666,Acting,James Hong,0.4270426166648762
Mélanie Bernier,0.3333333333333333,Acting,Mélanie Bernier,0.4142501797386971
Kensho Ono,0.6666666666666666,Acting,小野賢章,0.5118296986174582
Kōichi Imaizumi,0.6666666666666666,Acting,今泉浩一,0.500227255823947
Liu Shishi,0.3333333333333333,Acting,刘诗诗,0.5484550735895678
Alexi Hawley,0.6666666666666666,Writing,Alexi Hawley,0.3253642291069259
Darek Majerek,0.6666666666666666,Acting,Darek Majerek,0.17519358064276214
Jason Schwartzman,0.6666666666666666,Acting,Jason Schwartzman,0.4008958011387583
Kate Bosworth,0.3333333333333333,Acting,Kate Bosworth,0.6145328033452058
Emma Corrin,1.0,Acting,Emma Corrin,0.43838061631779457
Sam Waterston,0.6666666666666666,Acting,Sam Waterston,0.5166557859332777
Elizabeth Rodriguez,0.3333333333333333,Acting,Elizabeth Rodriguez,0.49348395573882936
Wang Baoqiang,0.6666666666666666,Acting,王宝强,0.529811832177772
Huang Xing,0.6666666666666666,Acting,黃鑫,0.44826417869745233
Denise Iketani,0.0,Acting,Denise Iketani,0.11354527349205433
Huang Xing,0.6666666666666666,Acting,黃鑫,0.5532811609053873
Denise Iketani,0.0,Acting,Denise Iketani,0.5532811609053873
Akin Akinözü,0.6666666666666666,Acting,Akın Akınözü,0.553215050120239
Samy Naceri,0.6666666666666666,Acting,Samy Naceri,0.5531819947276649
Wayne Lai Yiu-Cheung,0.6666666666666666,Acting,黎耀祥,0.5530828285499425
Frank Darabont,0.6666666666666666,Directing,Frank Darabont,0.5528514408019238
Beto Arango,0.0,Acting,Beto Arango,0.5526861638390533
Jason Sudeikis,0.6666666666666666,Acting,Jason Sudeikis,0.5525539422687569
Sota Fukushi,0.6666666666666666,Acting,福士蒼汰,0.5524217206984605
Tony Todd,0.6666666666666666,Acting,Tony Todd,0.5523556099133122
Olivia Munn,0.3333333333333333,Acting,Olivia Munn,0.5523225545207381
Roy Cheung Yiu-Yeung,0.6666666666666666,Acting,張耀揚,0.552289499128164
Ikki Sawamura,0.6666666666666666,Acting,沢村一樹,0.5522233883430159
Paul Chun Pui,0.6666666666666666,Acting,秦沛,0.5520250559875712
Will Arnett,0.6666666666666666,Acting,Will Arnett,0.5520250559875712
Kenichi Matsuyama,0.6666666666666666,Acting,松山ケンイチ,0.5517936682395524
Lea Thompson,0.3333333333333333,Acting,Lea Thompson,0.5516614466692561
Melissa Rauch,0.3333333333333333,Acting,Melissa Rauch,0.5514961697063855
Christian Thompson,0.6666666666666666,Acting,Christian Thompson,0.5514961697063855
Mi Er,0.6666666666666666,Creator,米二,0.5514631143138115
Kana Ichinose,0.3333333333333333,Acting,市ノ瀬加那,0.48184845755274397
Scott Speedman,0.6666666666666666,Acting,Scott Speedman,0.5505706187143106
Eiichiro Oda,0.6666666666666666,Writing,尾田栄一郎,0.49394673123486693
Miki Ito,0.3333333333333333,Acting,伊藤美紀,0.49245923856903207
Tim Morris,0.6666666666666666,Writing,Tim Morris,0.4618499450454099
Noah Schnapp,0.6666666666666666,Acting,Noah Schnapp,0.5638258311365271
Thomas Delfino,0.0,Acting,Thomas Delfino,0.044327281441876226
Lesley Manville,0.3333333333333333,Acting,Lesley Manville,0.5304398846366799
River Phoenix,0.6666666666666666,Acting,River Phoenix,0.46462659802163475
Yuria Hidaka,0.3333333333333333,Acting,日高ゆりあ,0.41557239544166136
Claudia Kim,0.3333333333333333,Acting,수현,0.5105405383070681
Omari Hardwick,0.6666666666666666,Acting,Omari Hardwick,0.4512061086365477
Chester Grecia,0.6666666666666666,Acting,Chester Grecia,0.5638919419216752
Luciana Abreu,0.3333333333333333,Acting,Luciana Abreu,0.5761554925666686
Jeff Daniels,0.6666666666666666,Acting,Jeff Daniels,0.3746828748274922
Tomoaki Maeno,0.6666666666666666,Acting,前野智昭,0.5096480427075673
Natasha O'Keeffe,0.3333333333333333,Acting,Natasha O'Keeffe,0.5670322042162154
Fernando Lindez,0.6666666666666666,Acting,Fernando Lindez,0.4074407688684313
Steven Bauer,0.6666666666666666,Acting,Steven Bauer,0.5816757431265442
James Van Der Beek,0.6666666666666666,Acting,James Van Der Beek,0.41993570726144336
Alan Ruck,0.6666666666666666,Acting,Alan Ruck,0.4621474435785768
Tomori Kusunoki,0.3333333333333333,Acting,楠木ともり,0.44971861597071294
Mamoru Oshii,0.6666666666666666,Directing,押井守,0.4422811526415391
Gene Hackman,0.6666666666666666,Acting,Gene Hackman,0.5493806245816427
Desi Lydic,0.3333333333333333,Acting,Desi Lydic,0.5533142162979613
Alessandro Preziosi,0.6666666666666666,Acting,Alessandro Preziosi,0.22675999305836755
Chloé Galissi,0.0,Acting,Chloé Galissi,0.08812567660256673
Susan Sullivan,0.3333333333333333,Acting,Susan Sullivan,0.3592460064953847
Tony Goldwyn,0.6666666666666666,Acting,Tony Goldwyn,0.5284896164748076
Erika Christensen,0.3333333333333333,Acting,Erika Christensen,0.4569908023370163
Thanaphat Tansakul,0.6666666666666666,Acting,ธนภัทร ตันสกุล,0.47603070845970136
Wendell Pierce,0.6666666666666666,Acting,Wendell Pierce,0.43722367757770086
William Hurt,0.6666666666666666,Acting,William Hurt,0.44247948499698375
Stanley Grafton Njootli Jr.,0.0,Acting,Stanley Grafton Njootli Jr.,0.5108380368402351
Mitsu Dan,0.3333333333333333,Acting,壇蜜,0.47953458007255667
Boran Kuzum,0.6666666666666666,Acting,Boran Kuzum,0.6028973051591204
Éric Bitoun,0.6666666666666666,Directing,Éric Bitoun,0.49989670189820595
Fahadh Faasil,0.6666666666666666,Acting,Fahadh Faasil,0.4996983695427613
Grainne Daly,0.0,Costume & Make-Up,Grainne Daly,0.4995000371873167
Gao Hanyu,0.6666666666666666,Acting,高瀚宇,0.49923559404672374
Denise Esteban,0.3333333333333333,Acting,Denise Esteban,0.49913642786900153
Stacy Clausen,0.6666666666666666,Acting,Stacy Clausen,0.49903726169127915
Theo Rossi,0.6666666666666666,Acting,Theo Rossi,0.49890504012098275
Cheng Yufeng,0.6666666666666666,Acting,程宇峰,0.4988719847284087
Mandy Moore,0.3333333333333333,Acting,Mandy Moore,0.49867365237296407
Hans Zimmer,0.6666666666666666,Sound,Hans Zimmer,0.4986405969803899
Masataka Kubota,0.6666666666666666,Acting,窪田正孝,0.4984092092323711
Kim Cattrall,0.3333333333333333,Acting,Kim Cattrall,0.49824393226950064
Zhang Zifeng,0.3333333333333333,Acting,张子枫,0.49817782148435247
Aidan Turner,0.6666666666666666,Acting,Aidan Turner,0.49817782148435247
Riko Narumi,0.3333333333333333,Acting,成海璃子,0.49817782148435247
Amy Brenneman,0.3333333333333333,Acting,Amy Brenneman,0.5062763926650083
Jock Simmons,0.6666666666666666,Acting,Jock Simmons,0.5059788941318415
Tsubasa Honda,0.3333333333333333,Acting,本田翼,0.4716012858547712
Ursula Andress,0.3333333333333333,Acting,Ursula Andress,0.5058136171689709
Ai Kakuma,0.3333333333333333,Acting,加隈亜衣,0.4263815088133941
Leslie Cheung,0.6666666666666666,Acting,張國榮,0.5056152848135264
Hyun Bong-Sik,0.6666666666666666,Acting,현봉식,0.5055822294209521
Laurie Holden,0.3333333333333333,Acting,Laurie Holden,0.5055491740283781
Currie Graham,0.6666666666666666,Acting,Currie Graham,0.5050533431397665
Pattarasaya Kreursuwansiri,0.3333333333333333,Acting,ภัทรศยา เครือสุวรรณศิริ,0.5046897338214513
Takako Matsu,0.3333333333333333,Acting,松たか子,0.5043591798957103
Xu Dongdong,0.3333333333333333,Acting,徐冬冬,0.5041608475402657
Cho Jung-Seok,0.6666666666666666,Acting,조정석,0.5000619788610765
Cha Tae-Hyun,0.6666666666666666,Acting,차태현,0.5041277921476915
Kai Ko,0.6666666666666666,Acting,柯震東,0.5040286259699692
Jun Fukuyama,0.6666666666666666,Acting,福山潤,0.5039955705773951
Sasha Roiz,0.6666666666666666,Acting,Sasha Roiz,0.4264806749911164
Tina Majorino,0.3333333333333333,Acting,Tina Majorino,0.4720971167433828
Bella Thorne,0.3333333333333333,Acting,Bella Thorne,0.4654199274434133
Kim Jae-Uck,0.6666666666666666,Acting,김재욱,0.4672379740349892
Frances Conroy,0.3333333333333333,Acting,Frances Conroy,0.4082340982902098
Alokananda Guha,0.3333333333333333,Acting,Alokananda Guha,0.49169896453982764
Nick Robinson,0.6666666666666666,Acting,Nick Robinson,0.45827996264740645
Seo Rina,0.3333333333333333,Acting,서리나,0.489318976274492
Hudson Williams,0.6666666666666666,Acting,Hudson Williams,0.5671974811790857
Morris Chestnut,0.6666666666666666,Acting,Morris Chestnut,0.4900131395185482
Tara Reid,0.3333333333333333,Acting,Tara Reid,0.6198547215496367
Oya Unustası,0.3333333333333333,Acting,Oya Unustası,0.5507689510697552
Naoko Matsui,0.3333333333333333,Acting,松井菜桜子,0.47857597368790744
Zhang Ruoyun,0.6666666666666666,Acting,张若昀,0.5165235643629813
Rani Mukerji,0.3333333333333333,Acting,Rani Mukerji,0.5550330967118148
Shefali Shah,0.3333333333333333,Acting,शेफ़ाली शाह,0.5031361303704682
Takuya Sato,0.6666666666666666,Acting,佐藤拓也,0.5365881876554638
Michael Gambon,0.6666666666666666,Acting,Michael Gambon,0.39230139906949074
Jamie Dornan,0.6666666666666666,Acting,Jamie Dornan,0.4683618573825088
Ruby O. Fee,0.3333333333333333,Acting,Ruby O. Fee,0.5439925955920634
Ellyn Jameson,0.3333333333333333,Acting,Ellyn Jameson,0.46442826566619017
Kaneto Shiozawa,0.6666666666666666,Acting,塩沢兼人,0.4470411291722104
Matthew Perry,0.6666666666666666,Acting,Matthew Perry,0.3913427926848416
Junko Miyashita,0.3333333333333333,Acting,宮下順子,0.4865423232982671
Daisuke Sakaguchi,0.6666666666666666,Acting,阪口大助,0.48244345461907795
Deepika Padukone,0.3333333333333333,Acting,Deepika Padukone,0.4929220140650695
Mayim Bialik,0.3333333333333333,Acting,Mayim Bialik,0.5168541182887223
Karisma Kapoor,0.3333333333333333,Acting,करिश्मा कपूर,0.40512689138824387
Ally Sheedy,0.3333333333333333,Acting,Ally Sheedy,0.4586766273582957
Kelly Macdonald,0.3333333333333333,Acting,Kelly Macdonald,0.44327281441876226
Kim Novak,0.3333333333333333,Acting,Kim Novak,0.41649794643373633
Teri Polo,0.3333333333333333,Acting,Teri Polo,0.4776504226958326
Michael Cudlitz,0.6666666666666666,Acting,Michael Cudlitz,0.6053764596021785
Scott Glenn,0.6666666666666666,Acting,Scott Glenn,0.5638919419216752
Tong Dawei,0.6666666666666666,Acting,佟大为,0.5003264220016693
Will Arnett,0.6666666666666666,Acting,Will Arnett,0.500227255823947
Kevin Spacey,0.6666666666666666,Acting,Kevin Spacey,0.5001280896462247
Peng Yuchang,0.6666666666666666,Acting,彭昱畅,0.413589071887215
Leelee Sobieski,0.3333333333333333,Acting,Leelee Sobieski,0.3719392772438414
Mohanlal,0.6666666666666666,Acting,Mohanlal,0.49768199059574086
Valeria Golino,0.3333333333333333,Acting,Valeria Golino,0.44604946739498713
Tommy Wong,0.6666666666666666,Acting,黃光亮,0.4510408316736772
Will Yun Lee,0.6666666666666666,Acting,Will Yun Lee,0.4941120081977374
Kristofer Hivju,0.6666666666666666,Acting,Kristofer Hivju,0.45156971795486284
Maya Rudolph,0.3333333333333333,Acting,Maya Rudolph,0.5470336917088812
Kingdom Yuen King-Tan,0.3333333333333333,Acting,苑瓊丹,0.5820724078374336
Shima Iwashita,0.3333333333333333,Acting,岩下志麻,0.5148046839491278
Scott Bakula,0.6666666666666666,Acting,Scott Bakula,0.49705393813683285
Lilli Janney,0.3333333333333333,Editing,Lilli Janney,0.1008850581361717
Ryusei Nakao,0.6666666666666666,Acting,中尾隆聖,0.44852862183804515
Lo Lieh,0.6666666666666666,Acting,羅烈,0.5113669231214207
Fernando Poe Jr.,0.6666666666666666,Acting,Fernando Poe Jr.,0.49712004892198103
Esai Morales,0.6666666666666666,Acting,Esai Morales,0.49702088274425865
Yuuichirou Umehara,0.6666666666666666,Acting,梅原裕一郎,0.49682255038881407
Tyler Posey,0.6666666666666666,Acting,Tyler Posey,0.49675643960366583
Darren Barnet,0.6666666666666666,Acting,Darren Barnet,0.5126230280392368
Gary Busey,0.6666666666666666,Acting,Gary Busey,0.49669032881851766
Bella Ramsey,1.0,Acting,Bella Ramsey,0.49655810724822125
Nana Mori,0.3333333333333333,Acting,森七菜,0.49645894107049887
Liu Ye,0.6666666666666666,Acting,刘烨,0.49645894107049887
David Carradine,0.6666666666666666,Acting,David Carradine,0.49645894107049887
Raymond Lam Fung,0.6666666666666666,Acting,林峯,0.4963597748927766
Kento Shiraishi,0.6666666666666666,Acting,白石兼斗,0.4261831764579494
Chiu Wai,0.3333333333333333,Acting,趙慧,0.4961283871447578
Kenichi Shimizu,0.6666666666666666,Visual Effects,清水健一,0.4682296358122123
Kim Gun-Woo,0.6666666666666666,Acting,김건우,0.40228412762687077
Fiona Shaw,0.3333333333333333,Acting,Fiona Shaw,0.4868398218314341
Rodrigo Bezerra,0.6666666666666666,Acting,Rodrigo Bezerra,0.4867076002611377
Wang Xingwei,0.6666666666666666,Acting,Wang Xingwei,0.4864431571205447
Cynthia Rothrock,0.3333333333333333,Acting,Cynthia Rothrock,0.4861787139799519
Camila Mendes,0.3333333333333333,Acting,Camila Mendes,0.48601343701708144
Paul Thomas Anderson,0.6666666666666666,Directing,Paul Thomas Anderson,0.48601343701708144
Kohei Amasaki,0.6666666666666666,Acting,天﨑滉平,0.48594732623193326
Saki Aibu,0.3333333333333333,Acting,相武紗季,0.48591427083935906
Thuso Mbedu,0.3333333333333333,Acting,Thuso Mbedu,0.48564982769876625
Tahar Rahim,0.6666666666666666,Acting,Tahar Rahim,0.4856167723061921
Dominic Purcell,0.6666666666666666,Acting,Dominic Purcell,0.4854845507358957
James D'Arcy,0.6666666666666666,Acting,James D'Arcy,0.48479038749183945
Vedette Lim,0.3333333333333333,Acting,Vedette Lim,0.38935946913039526
Coco Martin,0.6666666666666666,Acting,Coco Martin,0.49021147187399283
Hwang In-Yeop,0.6666666666666666,Acting,황인엽,0.42882760786387786
Josef Sommer,0.6666666666666666,Acting,Josef Sommer,0.3243395119371287
Ku Feng,0.6666666666666666,Acting,谷峰,0.47857597368790744
Mokoo.G,0.0,Visual Effects,Mokoo.G,0.5309687709178655
Jack Davenport,0.6666666666666666,Acting,Jack Davenport,0.41355601649464085
Bin Shimada,0.6666666666666666,Acting,島田敏,0.46670908775380343
Rica Matsumoto,0.3333333333333333,Acting,松本梨香,0.4397028320207588
Michael Weatherly,0.6666666666666666,Acting,Michael Weatherly,0.4558338635969226
Bunta Sugawara,0.6666666666666666,Acting,菅原文太,0.48022874331661286
Pilou Asbæk,0.6666666666666666,Acting,Pilou Asbæk,0.3816575626606286
Saumya Bhagyan Pillai,0.3333333333333333,Acting,Saumya Bhagyan Pillai,0.5141105207050716
Elizabeth Lail,0.3333333333333333,Acting,Elizabeth Lail,0.4392070011321472
Johnnie To,0.6666666666666666,Directing,杜琪峰,0.46654381079093293
Jesse Williams,0.6666666666666666,Acting,Jesse Williams,0.5671974811790857
J.J. Abrams,0.6666666666666666,Directing,J.J. Abrams,0.4891867547041956
Megumi Ogata,0.3333333333333333,Acting,緒方恵美,0.5443231495178045
Yang Zi,0.3333333333333333,Acting,杨紫,0.427307059805469
Aaron Pearl,0.6666666666666666,Acting,Aaron Pearl,0.35964267120627397
Donald Trump,0.6666666666666666,Acting,Donald Trump,0.5292498905040122
Rei Akasaka,0.3333333333333333,Acting,赤坂麗,0.597806774702708
Chafurin,0.6666666666666666,Acting,茶風林,0.44059532762025966
Aleksandr Yatsenko,0.6666666666666666,Acting,Александр Яценко,0.5261426836020462
Patrick Fischler,0.6666666666666666,Acting,Patrick Fischler,0.6440512689138825
Jose Palma,0.6666666666666666,Acting,Jose Palma,0.490575081192308
Faye Dunaway,0.3333333333333333,Acting,Faye Dunaway,0.47689014866662816
Rooney Mara,0.3333333333333333,Acting,Rooney Mara,0.38820253039030156
Carrie Ng Ka-Lai,0.3333333333333333,Acting,吳家麗,0.476857093274054
Michael Kelly,0.6666666666666666,Acting,Michael Kelly,0.5634291664256378
Taito Ban,0.6666666666666666,Acting,坂泰斗,0.4478014032014148
Sonja Sohn,0.3333333333333333,Acting,Sonja Sohn,0.3757406473898636
Daniel Beretta,0.6666666666666666,Acting,Daniel Beretta,0.5025741886967086
Awkwafina,0.3333333333333333,Acting,Awkwafina,0.5472981348494741
Pam Grier,0.3333333333333333,Acting,Pam Grier,0.43405035989058666
Connor Storrie,0.6666666666666666,Acting,Connor Storrie,0.5263079605649167
Kaori Ishihara,0.3333333333333333,Acting,石原夏織,0.4676015833533044
Ian Mcelhinney,0.6666666666666666,Acting,Ian McElhinney,0.5476947995603634
Joseph Pickering,0.6666666666666666,Camera,Joseph Pickering,0.1124213901445347
Dev Patel,0.6666666666666666,Acting,Dev Patel,0.5333818145757754
Tamlyn Tomita,0.3333333333333333,Acting,Tamlyn Tomita,0.4599657876686858
Dan Fogler,0.6666666666666666,Acting,Dan Fogler,0.40340801097439033
Koyoharu Gotouge,0.3333333333333333,Writing,吾峠呼世晴,0.3505193828558207
Jennette Mccurdy,0.3333333333333333,Acting,Jennette McCurdy,0.42806733383467344
Cho Han-Cheul,0.6666666666666666,Acting,조한철,0.45252832433951196
Davide Marotta,0.6666666666666666,Acting,Davide Marotta,0.5066730573758977
Ted Danson,0.6666666666666666,Acting,Ted Danson,0.5262087943871944
Joseph Kosinski,0.6666666666666666,Directing,Joseph Kosinski,0.47332016626862466
Masato Sakai,0.6666666666666666,Acting,堺雅人,0.46446132105876425
Park Shin-Hye,0.3333333333333333,Acting,박신혜,0.5296465552149013
Eugenio Mira,0.6666666666666666,Directing,Eugenio Mira,0.47927013693196385
Melissa Rauch,0.3333333333333333,Acting,Melissa Rauch,0.47907180457651904
Ge Li,0.0,Sound,Ge Li,0.479038749183945
Jake Busey,0.6666666666666666,Acting,Jake Busey,0.479038749183945
Robert Mitchum,0.6666666666666666,Acting,Robert Mitchum,0.47887347222107446
Boris Sztulman,0.0,Acting,Boris Sztulman,0.4782784751547406
Jeffrey Donovan,0.6666666666666666,Acting,Jeffrey Donovan,0.4781793089770182
Teyana Taylor,0.3333333333333333,Acting,Teyana Taylor,0.4781462535844442
Jordan Chan Siu-Chun,0.6666666666666666,Acting,陳小春,0.4780470874067218
Richard Harmon,0.6666666666666666,Acting,Richard Harmon,0.4779809766215736
Robert Fuller,0.6666666666666666,Acting,Robert Fuller,0.4778487550512772
Jack Lemmon,0.6666666666666666,Acting,Jack Lemmon,0.4777165334809808
Yumi Touma,0.3333333333333333,Acting,冬馬由美,0.4775843119106844
Kristin Chenoweth,0.3333333333333333,Acting,Kristin Chenoweth,0.47738597955523976
Hong Kyung,0.6666666666666666,Acting,홍경,0.4772868133775174
Brianna Patterson,0.0,Costume & Make-Up,Brianna Patterson,0.477187647199795
Roy Scheider,0.6666666666666666,Acting,Roy Scheider,0.47682403788148
Madison Pettis,0.3333333333333333,Acting,Madison Pettis,0.4767909824889058
Luo Zheng,0.6666666666666666,Acting,羅正,0.47675792709633175
Elizabeth Marvel,0.3333333333333333,Acting,Elizabeth Marvel,0.47659265013346114
Yoon Chan-Young,0.6666666666666666,Acting,윤찬영,0.476559594740887
David Wenham,0.6666666666666666,Acting,David Wenham,0.47649348395573876
Qiu Dingjie,0.6666666666666666,Acting,邱鼎杰,0.4764273731705906
Josh Stewart,0.6666666666666666,Acting,Josh Stewart,0.4764273731705906
Hiroyuki Yoshino,0.6666666666666666,Acting,吉野裕行,0.47636126238544235
Julie Andrews,0.3333333333333333,Acting,Julie Andrews,0.47626209620772014
Kathleen Turner,0.3333333333333333,Acting,Kathleen Turner,0.45193332727317803
Masako Ikeda,0.3333333333333333,Acting,池田昌子,0.4233404126965763
Eiji Okuda,0.6666666666666666,Acting,奥田瑛二,0.48416233503293143
Lauren Graham,0.3333333333333333,Acting,Lauren Graham,0.399871083968961
Devrim Özkan,0.3333333333333333,Acting,Devrim Özkan,0.5548017089637961
Phillip Ko Fai,0.6666666666666666,Directing,高飛,0.47388210794238445
Im Soo-Hyang,0.3333333333333333,Acting,임수향,0.44049616144253734
Hitomi Kuroki,0.3333333333333333,Acting,黒木瞳,0.48270789775967077
Bruce Campbell,0.6666666666666666,Acting,Bruce Campbell,0.45818079646968407
Madeleine Coghlan,0.3333333333333333,Acting,Madeleine Coghlan,0.47232850449140146
Shunsuke Takeuchi,0.6666666666666666,Acting,武内駿輔,0.5195977158723731
Garik Kharlamov,0.6666666666666666,Acting,Гарик Харламов,0.46733714021271144
Mia Threapleton,0.3333333333333333,Acting,Mia Threapleton,0.6173755671065788
Azumi Waki,0.3333333333333333,Acting,和氣あず未,0.45755274401077606
Naomi Tani,0.3333333333333333,Acting,谷ナオミ,0.43676090208166335
Vamshi Paidipally,0.6666666666666666,Directing,Vamsi Paidipally,0.4917320199324017
Edie Falco,0.3333333333333333,Acting,Edie Falco,0.49477311604921953
Sakura Ando,0.3333333333333333,Acting,安藤サクラ,0.4119032468659356
Kay Panabaker,0.3333333333333333,Acting,Kay Panabaker,0.4680313034567677
Vince Gilligan,0.6666666666666666,Writing,Vince Gilligan,0.4535199861167351
Cynthia Addai-Robinson,0.3333333333333333,Acting,Cynthia Addai-Robinson,0.3980530373773852
Alex Man Chi-Leung,0.6666666666666666,Acting,萬梓良,0.4508094439256584
Mitsuo Iwata,0.6666666666666666,Acting,岩田光央,0.4910378566883455
Hirokazu Kore-Eda,0.6666666666666666,Directing,是枝裕和,0.4371906221851268
Song Seung-Heon,0.6666666666666666,Acting,송승헌,0.4460825227875613
Kyle Chandler,0.6666666666666666,Acting,Kyle Chandler,0.4291251063970449
Yuko Mizutani,0.3333333333333333,Acting,水谷優子,0.3406358204761629
Sathyaraj,0.6666666666666666,Acting,Sathyaraj,0.43451313538662417
Wilmer Valderrama,0.6666666666666666,Acting,Wilmer Valderrama,0.47612987463742373
Makoto Koichi,0.3333333333333333,Acting,小市眞琴,0.3787817435066813
Joel Edgerton,0.6666666666666666,Acting,Joel Edgerton,0.46703964167954454
Scott Eastwood,0.6666666666666666,Acting,Scott Eastwood,0.4373558991479973
Lee Je-Hoon,0.6666666666666666,Acting,이제훈,0.5103752613441975
Beverly Powers,0.3333333333333333,Acting,Beverly Powers,0.2799461197101042
Daniel Padilla,0.6666666666666666,Acting,Daniel Padilla,0.41709294350007026
Robert Vaughn,0.6666666666666666,Acting,Robert Vaughn,0.39530943979373434
Wu Yue,0.6666666666666666,Acting,吴樾,0.4599657876686858
Eddie Redmayne,0.6666666666666666,Acting,Eddie Redmayne,0.4535530415093092
Kimiko Yo,0.3333333333333333,Acting,余貴美子,0.5101769289887529
Mei Nagano,0.3333333333333333,Acting,永野芽郁,0.4760637638522755
Camilla Belle,0.3333333333333333,Acting,Camilla Belle,0.5630325017147485
Jim Malmgren,0.0,Lighting,Jim Malmgren,0.46416382252559724
Hilarie Burton,0.3333333333333333,Acting,Hilarie Burton,0.4139526812055302
Michael Wong,0.6666666666666666,Acting,王敏德,0.5015164161343372
Noriko Sakai,0.3333333333333333,Acting,酒井法子,0.4755018221785157
Kaori Mizuhashi,0.3333333333333333,Acting,水橋かおり,0.4918972968952723
Phoebe Waller-Bridge,0.3333333333333333,Acting,Phoebe Waller-Bridge,0.5554297614227042
Sarah Chalke,0.3333333333333333,Acting,Sarah Chalke,0.44611557818013536
Sean Lau Ching-Wan,0.6666666666666666,Acting,劉青雲,0.5818410200894149
Sarah Drew,0.3333333333333333,Acting,Sarah Drew,0.43775256385888656
Julianne Hough,0.3333333333333333,Acting,Julianne Hough,0.442578651174706
Peter Facinelli,0.6666666666666666,Acting,Peter Facinelli,0.5299771091406426
John Saxon,0.6666666666666666,Acting,John Saxon,0.40671355023180095
Natalie Zea,0.3333333333333333,Acting,Natalie Zea,0.5074994421902503
Li Zifeng,0.6666666666666666,Acting,李子峰,0.3615929393681461
Lily Collins,0.3333333333333333,Acting,Lily Collins,0.46475881959193116
Ittoku Kishibe,0.6666666666666666,Acting,岸部一徳,0.45570164202662616
María Pedraza,0.3333333333333333,Acting,María Pedraza,0.4567594145889975
Cara Delevingne,0.3333333333333333,Acting,Cara Delevingne,0.5019461362378006
Jim Parsons,0.6666666666666666,Acting,Jim Parsons,0.41335768413919627
Michiko Kichise,0.3333333333333333,Acting,吉瀬美智子,0.47517126825277456
Motomu Kiyokawa,0.6666666666666666,Acting,清川元夢,0.3768975861299573
Yuuko Sasamoto,0.3333333333333333,Acting,笹本優子,0.44968556057813885
Robert Joy,0.6666666666666666,Acting,Robert Joy,0.47996430017602004
Richard E. Grant,0.6666666666666666,Acting,Richard E. Grant,0.45563553124147793
Alana De La Garza,0.3333333333333333,Acting,Alana de la Garza,0.46429604409589376
E. G. Daily,0.3333333333333333,Acting,E. G. Daily,0.4745101604012925
Timothy Dalton,0.6666666666666666,Acting,Timothy Dalton,0.4037716202927055
Oliver Stone,0.6666666666666666,Directing,Oliver Stone,0.47338627705377284
Ge You,0.6666666666666666,Acting,葛优,0.4330917535059376
Jun Izumi,0.3333333333333333,Acting,泉じゅん,0.49725227049227744
Hiroshi Seko,0.6666666666666666,Writing,瀬古浩司,0.4626102190746143
Michael Clarke Duncan,0.6666666666666666,Acting,Michael Clarke Duncan,0.4623788313265956
Yoyo Mung Ka-Wai,0.3333333333333333,Acting,蒙嘉慧,0.5305390508144022
Dileep,0.6666666666666666,Acting,Dileep,0.41038269880752676
Shingo Tsurumi,0.6666666666666666,Acting,鶴見辰吾,0.43120759612921356
Aishwarya Lekshmi,0.3333333333333333,Acting,Aishwarya Lekshmi,0.42568734556933785
Han Se-Hee,0.3333333333333333,Acting,Han Se-hee,0.39960664082836816
Seo In-Guk,0.6666666666666666,Acting,서인국,0.4723615598839756
Janhvi Kapoor,0.3333333333333333,Acting,Janhvi Kapoor,0.3437099719855548
Rob Schneider,0.6666666666666666,Acting,Rob Schneider,0.4480989017345817
Mark Boone Junior,0.6666666666666666,Acting,Mark Boone Junior,0.34995744118206085
William Baldwin,0.6666666666666666,Acting,William Baldwin,0.39240056524721306
Miho Okasaki,0.3333333333333333,Acting,岡咲美保,0.42215041856390845
Eddie Peng Yu-Yan,0.6666666666666666,Acting,彭于晏,0.5024750225189862
Riisa Naka,0.3333333333333333,Acting,仲里依紗,0.41375434885008555
Rei Sakuma,0.3333333333333333,Acting,佐久間レイ,0.44380170069994795
Stanley Fung Shui-Fan,0.6666666666666666,Acting,馮淬帆,0.4657174259765803
Holt Mccallany,0.6666666666666666,Acting,Holt McCallany,0.47292350155773544
Tim Papienski,0.0,Art,Tim Papienski,0.42595178870993067
Mark Heap,0.6666666666666666,Acting,Mark Heap,0.48948425323736255
Michael Gaston,0.6666666666666666,Acting,Michael Gaston,0.34787495144989217
Park Ji-Hu,0.3333333333333333,Acting,박지후,0.40711021494269023
Chris Diamantopoulos,0.6666666666666666,Acting,Chris Diamantopoulos,0.46059384012759386
Brenda Blethyn,0.3333333333333333,Acting,Brenda Blethyn,0.402978290870927
John Rhys-Davies,0.6666666666666666,Acting,John Rhys-Davies,0.4801956879240387
Joshua Bassett,0.6666666666666666,Acting,Joshua Bassett,0.4443305869811337
Elaine Ng Yee-Lei,0.3333333333333333,Acting,吳綺莉,0.5605202918791163
Joseph Fiennes,0.6666666666666666,Acting,Joseph Fiennes,0.43186870398069566
Li Boyan,0.6666666666666666,Acting,李柏言,0.49193035228784643
Yohei Azakami,0.6666666666666666,Acting,阿座上洋平,0.4879637051789537
Zhou Dongyu,0.3333333333333333,Acting,周冬雨,0.4799312447834459
Tyler Perry,0.6666666666666666,Acting,Tyler Perry,0.41848126998818275
Yuri Kolokolnikov,0.6666666666666666,Acting,Юрий Колокольников,0.49037674883686344
Mitsuki Saiga,0.3333333333333333,Acting,斎賀みつき,0.46558520440628387
Laura Smet,0.3333333333333333,Acting,Laura Smet,0.4655521490137097
Gao Yuanyuan,0.3333333333333333,Acting,高圆圆,0.4654860382285615
Corbin Bleu,0.6666666666666666,Acting,Corbin Bleu,0.4654860382285615
Hitomi Nabatame,0.3333333333333333,Acting,生天目仁美,0.46525465048054276
Terry Kinney,0.6666666666666666,Acting,Terry Kinney,0.4652215950879687
Max Minghella,0.6666666666666666,Acting,Max Minghella,0.4652215950879687
Claudia Echeverry,0.3333333333333333,Acting,Claudia Echeverry,0.46512242891024635
Christopher Lambert,0.6666666666666666,Acting,Christopher Lambert,0.4650232627325241
Wunmi Mosaku,0.3333333333333333,Acting,Wunmi Mosaku,0.4648249303770794
María Conchita Alonso,0.3333333333333333,Acting,María Conchita Alonso,0.4648249303770794
Charles Melton,0.6666666666666666,Acting,Charles Melton,0.46475881959193116
Chieko Baisho,0.3333333333333333,Acting,倍賞千恵子,0.46475881959193116
Mirei Kiritani,0.3333333333333333,Acting,桐谷美玲,0.464692708806783
Ai Orikasa,0.3333333333333333,Acting,折笠愛,0.464692708806783
Shunsuke Takeuchi,0.6666666666666666,Acting,武内駿輔,0.46462659802163475
Noriaki Sugiyama,0.6666666666666666,Acting,杉山紀彰,0.4645604872364866
Yosuke Eguchi,0.6666666666666666,Acting,江口洋介,0.4645604872364866
Corey Yuen,0.6666666666666666,Directing,元奎,0.4645274318439125
Megumi Kagurazaka,0.3333333333333333,Acting,神楽坂恵,0.46449437645133834
Jay Baruchel,0.6666666666666666,Acting,Jay Baruchel,0.46429604409589376
Melora Hardin,0.3333333333333333,Acting,Melora Hardin,0.46422993331074547
Natsumi Fujiwara,0.3333333333333333,Acting,藤原夏海,0.46406465634787497
Shraddha Kapoor,0.3333333333333333,Acting,Shraddha Kapoor,0.46406465634787497
David Lonsdale,0.6666666666666666,Acting,David Lonsdale,0.46399854556272674
Manuel Garcia-Rulfo,0.6666666666666666,Acting,Manuel Garcia-Rulfo,0.46396549017015265
Katrina Halili,0.3333333333333333,Acting,Katrina Halili,0.46386632399243033
Jim Belushi,0.6666666666666666,Acting,Jim Belushi,0.463767157814708
Will Forte,0.6666666666666666,Acting,Will Forte,0.46366799163698574
Eugene Troobnick,0.6666666666666666,Acting,Eugene Troobnick,0.46356882545926337
Ciara Bravo,0.3333333333333333,Acting,Ciara Bravo,0.4422480972489649
Stefania Sandrelli,0.3333333333333333,Acting,Stefania Sandrelli,0.4564619160558306
Patrick Tam Yiu-Man,0.6666666666666666,Acting,譚耀文,0.5097802642778637
Vivay Jain,0.0,Production,Vivay Jain,0.45282582287267886
Ying Zhang,0.0,Production,Ying Zhang,0.10630614251832508
Alana Haim,0.3333333333333333,Acting,Alana Haim,0.4300506573891198
Charlie Chaplin,0.6666666666666666,Acting,Charlie Chaplin,0.3645018139146675
Teresa Mak Ka-Kei,0.3333333333333333,Acting,麥家琪,0.44757001545339603
Jenny Slate,0.3333333333333333,Acting,Jenny Slate,0.45256137973208604
Chris Webster,0.6666666666666666,Acting,Chris Webster,0.4699154608334917
Fumiko Orikasa,0.3333333333333333,Acting,折笠富美子,0.4255220686064673
Craig Ferguson,0.6666666666666666,Acting,Craig Ferguson,0.30490294110355426
Betty Gilpin,0.3333333333333333,Acting,Betty Gilpin,0.42644761959854227
Lola Glaudini,0.3333333333333333,Acting,Lola Glaudini,0.4384797824955169
Mary Lynn Rajskub,0.3333333333333333,Acting,Mary Lynn Rajskub,0.44033088447966684
Gérard Depardieu,0.6666666666666666,Acting,Gérard Depardieu,0.4592385690320555
Tien Niu,0.3333333333333333,Acting,恬妞,0.3632787643894256
Beau Bridges,0.6666666666666666,Acting,Beau Bridges,0.4925914601393285
Bailee Madison,0.3333333333333333,Acting,Bailee Madison,0.4153410076936426
Eric Mccormack,0.6666666666666666,Acting,Eric McCormack,0.40750687965357946
Hiam Abbass,0.3333333333333333,Acting,Hiam Abbass,0.25171681445181765
Miley Cyrus,0.3333333333333333,Acting,Miley Cyrus,0.5492153476187722
Erasmo Genzini,0.6666666666666666,Acting,Erasmo Genzini,1.0
Midori Satsuki,0.3333333333333333,Acting,五月みどり,1.0
Cindy Eilbacher,0.3333333333333333,Acting,Cindy Eilbacher,0.19271293870703832
Phutharit Prombandal,0.6666666666666666,Acting,ภูธฤทธิ์ พรหมบันดาล,0.4287284416861556
Dilraba Dilmurat,0.3333333333333333,Acting,迪丽热巴,0.4101182556669339
Vicky Zhao,0.3333333333333333,Acting,赵薇,0.43133981769950996
Anthony Michael Hall,0.6666666666666666,Acting,Anthony Michael Hall,0.5130858035352742
Roberta Bononi,0.0,Editing,Roberta Bononi,0.5029047426224497
Cédric Terrasson,0.0,Directing,Cédric Terrasson,0.35917989571023645
Tony Curtis,0.6666666666666666,Acting,Tony Curtis,0.42274541563024237
Ai Yoshikawa,0.3333333333333333,Acting,吉川愛,0.5065408358056012
Albert B,0.0,Acting,Albert B,0.41917543323223894
Tomoko Yamaguchi,0.3333333333333333,Acting,山口智子,0.46075911709046435
Sandrine Holt,0.3333333333333333,Acting,Sandrine Holt,0.46072606169789027
Pom Klementieff,0.3333333333333333,Acting,Pom Klementieff,0.46059384012759386
Zheng Hehuizi,0.3333333333333333,Acting,郑合惠子,0.46049467394987154
Sam Witwer,0.6666666666666666,Acting,Sam Witwer,0.46032939698700104
Vin Zhang,0.6666666666666666,Acting,张彬彬,0.4602963415944269
Geraldine Somerville,0.3333333333333333,Acting,Geraldine Somerville,0.4601971754167045
Rumi Okubo,0.3333333333333333,Acting,大久保瑠美,0.4598335660983894
Eugenia Suárez,0.3333333333333333,Acting,Eugenia Suárez,0.4596682891355189
David Webb,0.6666666666666666,Editing,David Webb,0.45950301217264833
Jim Broadbent,0.6666666666666666,Acting,Jim Broadbent,0.4594369013875001
Russell Brand,0.6666666666666666,Acting,Russell Brand,0.4593046798172037
Willa Holland,0.3333333333333333,Acting,Willa Holland,0.45920551363948137
Mao Xiaotong,0.3333333333333333,Acting,毛晓彤,0.4588088489285921
Alfie Allen,0.6666666666666666,Acting,Alfie Allen,0.458775793536018
Jesse Spencer,0.6666666666666666,Acting,Jesse Spencer,0.4586766273582957
Yoshiko Sakakibara,0.3333333333333333,Acting,榊原良子,0.4586766273582957
Andres Muhlach,0.6666666666666666,Acting,Andres Muhlach,0.45861051657314744
Ellen Pompeo,0.3333333333333333,Acting,Ellen Pompeo,0.45857746118057335
Hiroko Fuji,0.3333333333333333,Acting,藤ひろ子,0.45831301803998054
Denver Pyle,0.6666666666666666,Acting,Denver Pyle,0.45831301803998054
Brian Dennehy,0.6666666666666666,Acting,Brian Dennehy,0.45818079646968407
Chiwetel Ejiofor,0.6666666666666666,Acting,Chiwetel Ejiofor,0.45814774107711
Suraj Sharma,0.6666666666666666,Acting,Suraj Sharma,0.45798246411423943
Henry Thomas,0.6666666666666666,Acting,Henry Thomas,0.45765191018849843
Colleen Camp,0.3333333333333333,Acting,Colleen Camp,0.45758579940335015
Taye Diggs,0.6666666666666666,Acting,Taye Diggs,0.4574866332256278
Louis Fan Siu-Wong,0.6666666666666666,Acting,樊少皇,0.37967423910618225
Jason Sudeikis,0.6666666666666666,Acting,Jason Sudeikis,0.47950152467998247
Vincent Price,0.6666666666666666,Acting,Vincent Price,0.47950152467998247
Christian Serratos,0.3333333333333333,Acting,Christian Serratos,0.5037641828293763
Sean Young,0.3333333333333333,Acting,Sean Young,0.47936930310968606
Aya Suzaki,0.3333333333333333,Acting,洲崎綾,0.37402176697601003
Sarah Snook,0.3333333333333333,Acting,Sarah Snook,0.46155244651224286
Giorgio A. Tsoukalos,0.6666666666666666,Acting,Giorgio A. Tsoukalos,0.39544166136403075
Cho Bo-Ah,0.3333333333333333,Acting,조보아,0.3632457089968515
Tyler Hoechlin,0.6666666666666666,Acting,Tyler Hoechlin,0.41910932244709076
Luke Bracey,0.6666666666666666,Acting,Luke Bracey,0.3388838846697353
Hairi Katagiri,0.3333333333333333,Acting,片桐はいり,0.41629961407829175
Camille Guaty,0.3333333333333333,Acting,Camille Guaty,0.40939103703030355
Eddy Ko Hung,0.6666666666666666,Acting,高雄,0.4528919336578271
Madonna,0.3333333333333333,Acting,Madonna,0.39411944566106655
John Candy,0.6666666666666666,Acting,John Candy,0.43107537455891715
Jake Lacy,0.6666666666666666,Acting,Jake Lacy,0.532026543480237
Dan Aykroyd,0.6666666666666666,Acting,Dan Aykroyd,0.40112718888677706
Ichiro Nagai,0.6666666666666666,Acting,永井一郎,0.4743448834384219
Emi Shinohara,0.3333333333333333,Acting,篠原恵美,0.41147352676247223
Bodhi Rae Breathnach,0.3333333333333333,Acting,Bodhi Rae Breathnach,0.4838317811071904
Renate Reinsve,0.3333333333333333,Acting,Renate Reinsve,0.42806733383467344
Chae Won-Been,0.3333333333333333,Acting,채원빈,0.4262162318505235
Louis Partridge,0.6666666666666666,Acting,Louis Partridge,0.4201670950094621
Alex Garland,0.6666666666666666,Writing,Alex Garland,0.4354717417712732
Snoop Dogg,0.6666666666666666,Acting,Snoop Dogg,0.4274392813757654
Hirosue Ryoko,0.3333333333333333,Acting,広末涼子,0.4734854432314952
Richard Kind,0.6666666666666666,Acting,Richard Kind,0.38542587741407663
Hong Min-Gi,0.6666666666666666,Acting,홍민기,0.4829062301151154
David Mccallum,0.6666666666666666,Acting,David McCallum,0.45487525721227345
Demi Lovato,1.0,Acting,Demi Lovato,0.45484220181969937
Michael Biehn,0.6666666666666666,Acting,Michael Biehn,0.4548091464271252
Lindy Booth,0.3333333333333333,Acting,Lindy Booth,0.4546438694642547
Eri Ishida,0.3333333333333333,Acting,石田えり,0.45461081407168064
Gary Sinise,0.6666666666666666,Acting,Gary Sinise,0.4544785925013842
Kang Ha-Neul,0.6666666666666666,Acting,강하늘,0.45444553710881014
Barbara Rush,0.3333333333333333,Acting,Barbara Rush,0.45444553710881014
Mina Akdin,0.3333333333333333,Acting,Mina Akdin,0.45431331553851373
Brandin Rackley,0.3333333333333333,Acting,Brandin Rackley,0.45421414936079135
Mike White,0.6666666666666666,Writing,Mike White,0.4539166508276244
Kari Matchett,0.3333333333333333,Acting,Kari Matchett,0.4539166508276244
Darren Aronofsky,0.6666666666666666,Directing,Darren Aronofsky,0.4538835954350503
Nobuyuki Hiyama,0.6666666666666666,Acting,檜山修之,0.453784429257328
Emma Laird,0.3333333333333333,Acting,Emma Laird,0.4537183184721798
Alyson Hannigan,0.3333333333333333,Acting,Alyson Hannigan,0.4535199861167351
John Hughes,0.6666666666666666,Writing,John Hughes,0.453486930724161
Amy Ryan,0.3333333333333333,Acting,Amy Ryan,0.5308034939549952
Ray Wise,0.6666666666666666,Acting,Ray Wise,0.4910378566883455
Tsui Hark,0.6666666666666666,Directing,徐克,0.5773785420919105
Yoo Hai-Jin,0.6666666666666666,Acting,유해진,0.41266352089514
Yuko Miyamura,0.3333333333333333,Acting,宮村優子,0.4266459519539869
Nelson Dewey,0.0,Art,Nelson Dewey,0.4940128420200151
Kate Walsh,0.3333333333333333,Acting,Kate Walsh,0.4234395788742986
Nozomu Sasaki,0.6666666666666666,Acting,佐々木望,0.427935112264377
Wamiqa Gabbi,0.3333333333333333,Acting,Wamiqa Gabbi,0.43775256385888656
Chang Chen,0.6666666666666666,Acting,張震,0.4388764472064061
Gong Hyo-Jin,0.3333333333333333,Acting,공효진,0.3988463667991637
Josh Lucas,0.6666666666666666,Acting,Josh Lucas,0.5471989686717517
Josh Gad,0.6666666666666666,Acting,Josh Gad,0.5256137973208604
Raegan Revord,1.0,Acting,Raegan Revord,0.5636274987810824
Pedro Armendáriz Jr.,0.6666666666666666,Acting,Pedro Armendáriz Jr.,0.4297201034633788
Anna-Maria Sieklucka,0.3333333333333333,Acting,Anna-Maria Sieklucka,0.43613284962275534
Candace Cameron Bure,0.3333333333333333,Acting,Candace Cameron Bure,0.3746828748274922
Robyn Lively,0.3333333333333333,Acting,Robyn Lively,0.5091522118189556
Jason Mantzoukas,0.6666666666666666,Acting,Jason Mantzoukas,0.4666099215760811
Oded Fehr,0.6666666666666666,Acting,עודד פהר,0.44099199233114894
Sydney Chandler,0.3333333333333333,Acting,Sydney Chandler,0.24447768347808843
Dori Sakurada,0.6666666666666666,Acting,桜田通,0.5857415564131594
Park Myung-Hoon,0.6666666666666666,Acting,박명훈,0.3940202794833442
Monique Gabriela Curnen,0.3333333333333333,Acting,Monique Gabriela Curnen,0.3579568461849945
Issey Takahashi,0.6666666666666666,Acting,高橋一生,0.48740176350519393
A Martinez,0.6666666666666666,Acting,A Martinez,0.47239461527654963
Elma Buenros,0.0,Acting,Elma Buenros,0.40939103703030355
Michael Landon,0.6666666666666666,Acting,Michael Landon,0.4055235560991331
Jun Kunimura,0.6666666666666666,Acting,國村隼,0.4686924113082498
Craig Robinson,0.6666666666666666,Acting,Craig Robinson,0.3757406473898636
Yang Chi-Ching,0.6666666666666666,Acting,杨志卿,0.4093579816377294
Henry Fonda,0.6666666666666666,Acting,Henry Fonda,0.428232610797544
Eric Stoltz,0.6666666666666666,Acting,Eric Stoltz,0.5154657918006099
Akshaye Khanna,0.6666666666666666,Acting,Akshaye Khanna,0.43345536282425273
Olivia Hussey,0.3333333333333333,Acting,Olivia Hussey,0.3711790032146369
Wallace Shawn,0.6666666666666666,Acting,Wallace Shawn,0.5292498905040122
Venky Atluri,0.0,Directing,Venky Atluri,0.7705212009024124
Christy Chung Lai-Tai,0.3333333333333333,Acting,鍾麗緹,0.4115396375476204
Philip Baker Hall,0.6666666666666666,Acting,Philip Baker Hall,0.31832343048864137
Jung Zi-So,0.3333333333333333,Acting,정지소,0.5074663867976762
Karen Mok Man-Wai,0.3333333333333333,Acting,莫文蔚,0.4200018180465916
Wu Junting,0.6666666666666666,Acting,吴俊霆,0.3851944896660579
Hirotaka Suzuoki,0.6666666666666666,Acting,鈴置洋孝,0.4237040220148915
Won Jin-Ah,0.3333333333333333,Acting,원진아,0.3640059830260559
Lakshmi,0.3333333333333333,Acting,Lakshmi,0.27822723929625065
Anjelica Huston,0.3333333333333333,Acting,Anjelica Huston,0.35633713194886335
Lai Weiming,0.6666666666666666,Acting,赖伟明,0.46637853382806244
Xu Ruohan,0.3333333333333333,Acting,徐若晗,0.4329595319356412
David Cross,0.6666666666666666,Acting,David Cross,0.4942442297680338
Toby Kebbell,0.6666666666666666,Acting,Toby Kebbell,0.41527489690849445
Marcia Gay Harden,0.3333333333333333,Acting,Marcia Gay Harden,0.36906345808989416
Varun Dhawan,0.6666666666666666,Acting,वरुण धवन,0.450049169896454
Ethan Juan,0.6666666666666666,Acting,阮經天,0.3676751316017817
Shunsuke Michieda,0.6666666666666666,Acting,道枝駿佑,0.35488269467560263
Beverly D'Angelo,0.3333333333333333,Acting,Beverly D'Angelo,0.36189043790131314
Seiichiro Yamashita,0.6666666666666666,Acting,山下誠一郎,0.39193778975117555
Yumi Uchiyama,0.3333333333333333,Acting,内山夕実,0.5110033138031055
Joan Cusack,0.3333333333333333,Acting,Joan Cusack,0.4889223115636028
Ouardia Hamtouche,0.3333333333333333,Acting,وردية حمتوش,0.32258757613070105
Nam Ji-Hyun,0.3333333333333333,Acting,남지현,0.4449916948326158
Nadech Kugimiya,0.6666666666666666,Acting,ณเดชน์ คูกิมิยะ,0.48776537282350896
Lawrence Ng Kai-Wah,0.6666666666666666,Acting,吳啟華,0.414217124346123
Charlie Tahan,0.6666666666666666,Acting,Charlie Tahan,0.3869133700799114
Anne Dudek,0.3333333333333333,Acting,Anne Dudek,0.4212909783569817
Candela García,0.0,Production,Candela García,0.24176714128701174
Peter Cullen,0.6666666666666666,Acting,Peter Cullen,0.4614863357270947
Gao Weiguang,0.6666666666666666,Acting,高偉光,0.4573874670479055
Prithviraj Sukumaran,0.6666666666666666,Acting,Prithviraj Sukumaran,0.42119181217925944
Maria Tung Ling,0.3333333333333333,Acting,童玲,0.4470741845647845
Edward Furlong,0.6666666666666666,Acting,Edward Furlong,0.4467105752464693
Chae Soo-Bin,0.3333333333333333,Acting,채수빈,0.4465783536761729
Jessica Stroup,0.3333333333333333,Acting,Jessica Stroup,0.4465783536761729
Judy Parfitt,0.3333333333333333,Acting,Judy Parfitt,0.4465783536761729
Show Hayami,0.6666666666666666,Acting,速水奨,0.44654529828359874
Naomie Harris,0.3333333333333333,Acting,Naomie Harris,0.44638002132072824
Ricardo Homuth,0.6666666666666666,Acting,Ricardo Homuth,0.44634696592815415
Deborah Grover,0.3333333333333333,Acting,Deborah Grover,0.44614863357270945
Omar Sy,0.6666666666666666,Acting,Omar Sy,0.44604946739498713
Gabriel Byrne,0.6666666666666666,Acting,Gabriel Byrne,0.4457519688618202
John Logan,0.6666666666666666,Writing,John Logan,0.4457519688618202
Vincent Klyn,0.6666666666666666,Acting,Vincent Klyn,0.44568585807667205
Angeli Khang,0.3333333333333333,Acting,Angeli Khang,0.4452561379732086
Yeom Hye-Ran,0.3333333333333333,Acting,염혜란,0.4452561379732086
Shion Wakayama,0.3333333333333333,Acting,若山詩音,0.45537108810088506
Guo Xiaoting,0.3333333333333333,Acting,郭晓婷,0.4226793048450942
Jane Krakowski,0.3333333333333333,Acting,Jane Krakowski,0.43405035989058666
Tetsuro Tamba,0.6666666666666666,Acting,丹波哲郎,0.4320670363361403
Mario Iván Martínez,0.6666666666666666,Acting,Mario Iván Martínez,0.20233205794610315
Linus Roache,0.6666666666666666,Acting,Linus Roache,0.39425166723136296
Uraz Kaygılaroğlu,0.6666666666666666,Acting,Uraz Kaygılaroğlu,0.4067796610169491
Kim Ji-Hoon,0.6666666666666666,Acting,김지훈,0.45745357783305374
Yuko Takeuchi,0.3333333333333333,Acting,竹内結子,0.44922278508210134
Marin Ireland,0.3333333333333333,Acting,Marin Ireland,0.4324306456544555
Tomoyo Kurosawa,0.3333333333333333,Acting,黒沢ともよ,0.405787999239726
Luc Besson,0.6666666666666666,Writing,Luc Besson,0.5103091505590494
Nanao,0.3333333333333333,Acting,菜々緒,0.43950449966531413
John Slattery,0.6666666666666666,Acting,John Slattery,0.4303481559222868
Javon Walton,0.6666666666666666,Acting,Javon Walton,0.4663124230429142
Phoebe Rex,0.0,Acting,Phoebe Rex,0.5094166549595485
Madeleine Stowe,0.3333333333333333,Acting,Madeleine Stowe,0.5107719260550869
Kim Eui-Sung,0.6666666666666666,Acting,김의성,0.45745357783305374
Chad Michael Collins,0.6666666666666666,Acting,Chad Michael Collins,0.441950598715798
Dean Cain,0.6666666666666666,Acting,Dean Cain,0.4416861555752052
Camryn Manheim,0.3333333333333333,Acting,Camryn Manheim,0.4416861555752052
Michael Angarano,0.6666666666666666,Acting,Michael Angarano,0.4415539340049087
Yutaka Takenouchi,0.6666666666666666,Acting,竹野内豊,0.4414547678271864
Brad Garrett,0.6666666666666666,Acting,Brad Garrett,0.4414547678271864
Junichi Okada,0.6666666666666666,Acting,岡田准一,0.4414217124346123
Ariel Winter,0.3333333333333333,Acting,Ariel Winter,0.4411242139014454
Nikki Reed,0.3333333333333333,Acting,Nikki Reed,0.4410581031162972
Jobeth Williams,0.3333333333333333,Acting,JoBeth Williams,0.44092588154600076
Linda Blair,0.3333333333333333,Acting,Linda Blair,0.4408597707608525
Kippei Shiina,0.6666666666666666,Acting,椎名桔平,0.4408267153682784
Gideon Adlon,0.3333333333333333,Acting,Gideon Adlon,0.44062838301283375
Jake Picking,0.6666666666666666,Acting,Jake Picking,0.44056227222768557
Ni Dahong,0.6666666666666666,Acting,倪大红,0.44039699526481507
Yusaku Yara,0.6666666666666666,Acting,屋良有作,0.4401656075167963
Cecilia Yip Tung,0.3333333333333333,Acting,葉童,0.4400333859464999
William Feng,0.6666666666666666,Acting,冯绍峰,0.43996727516135165
Wyatt Russell,0.6666666666666666,Acting,Wyatt Russell,0.43990116437620347
Atsuko Asano,0.3333333333333333,Acting,浅野温子,0.43990116437620347
Michele Reis,0.3333333333333333,Acting,李嘉欣,0.43976894280590706
Anthony Jeselnik,0.6666666666666666,Acting,Anthony Jeselnik,0.43966977662818474
Kevin Yan,0.6666666666666666,Acting,严屹宽,0.4344800799940501
Kyoya Honda,0.6666666666666666,Acting,本田響矢,0.43933922270244363
Ashley Scott,0.3333333333333333,Acting,Ashley Scott,0.4392731119172954
Fumiyo Kohinata,0.6666666666666666,Acting,小日向文世,0.4392400565247213
Lauren Chapin,0.3333333333333333,Acting,Lauren Chapin,0.4392070011321472
Enrico Colantoni,0.6666666666666666,Acting,Enrico Colantoni,0.4390747795618508
Annabeth Gish,0.3333333333333333,Acting,Annabeth Gish,0.34132998372021917
Ryan O'Neal,0.6666666666666666,Acting,Ryan O'Neal,0.378980075862126
Sissy Spacek,0.3333333333333333,Acting,Sissy Spacek,0.6115578180135363
Wendi Mclendon-Covey,0.3333333333333333,Acting,Wendi McLendon-Covey,0.4049285590327992
Yui Natsukawa,0.3333333333333333,Acting,夏川結衣,0.5449181465841384
Radha Mitchell,0.3333333333333333,Acting,Radha Mitchell,0.3749142625755109
Mark Cheng Ho-Nam,0.6666666666666666,Acting,鄭浩南,0.5031691857630425
Masahiko Tsugawa,0.6666666666666666,Acting,津川雅彦,0.4505450007850656
Alina Boz,0.3333333333333333,Acting,Alina Boz,0.4870712095794527
Nobutoshi Canna,0.6666666666666666,Acting,神奈延年,0.42796816765695117
Melissa Newman,0.3333333333333333,Acting,Melissa Newman,0.25594790470130324
Isabelle Drummond,0.3333333333333333,Acting,Isabelle Drummond,0.4133246287466222
Ryota Osaka,0.6666666666666666,Acting,逢坂良太,0.4798981893908717
Ryan Coogler,0.6666666666666666,Directing,Ryan Coogler,0.37329454833937975
Sydney Tamiia Poitier,0.3333333333333333,Acting,Sydney Tamiia Poitier,0.410779363518416
Yuko Ono,0.3333333333333333,Acting,大野柚布子,0.348139394590485
Masaya Matsukaze,0.6666666666666666,Acting,松風雅也,0.34883355783454123
Damon Herriman,0.6666666666666666,Acting,Damon Herriman,0.3610640530869605
Halston Sage,0.3333333333333333,Acting,Halston Sage,0.36235321339735066
Haruo Sotozaki,0.6666666666666666,Directing,外崎春雄,0.43438091381632776
Sung Dong-Il,0.6666666666666666,Acting,성동일,0.5020122470229488
Diedrich Bader,0.6666666666666666,Acting,Diedrich Bader,0.4814848482344289
Kana Kita,0.3333333333333333,Acting,北香那,0.48793064978637957
Punyapat Wangpongsathaporn,0.3333333333333333,Acting,ปัญญาพัชร วังพงศ์สถาพร,0.4440661438405408
Angie Dickinson,0.3333333333333333,Acting,Angie Dickinson,0.4507433331405102
Yahya Abdul-Mateen Ii,0.6666666666666666,Acting,Yahya Abdul-Mateen II,0.41553934004908727
Nathan Lee,0.6666666666666666,Acting,李承炫,0.3716748341032486
Sylvia Kristel,0.3333333333333333,Acting,Sylvia Kristel,0.4505119453924915
Bonnie Bedelia,0.3333333333333333,Acting,Bonnie Bedelia,0.4505119453924915
Yume Miyamoto,0.3333333333333333,Acting,宮本侑芽,0.38383921857051956
Marián Balog,0.6666666666666666,Acting,Marián Balog,0.051202803097290264
Nina Hoss,0.3333333333333333,Acting,Nina Hoss,0.4504127792147692
Tony Hale,0.6666666666666666,Acting,Tony Hale,0.4500822252890281
Chris Bauer,0.6666666666666666,Acting,Chris Bauer,0.450049169896454
Joji Yanami,0.6666666666666666,Acting,八奈見乗児,0.44998305911130576
Souad Abdullah,0.3333333333333333,Acting,سعاد عبدالله,0.38592170830268824
Ploi Horwang,0.3333333333333333,Acting,พลอย หอวัง,0.3812608979497393
Tati Gabrielle,0.3333333333333333,Acting,Tati Gabrielle,0.35643629812658567
Roy Cheung Yiu-Yeung,0.6666666666666666,Acting,張耀揚,0.44965250518556477
Shozo Iizuka,0.6666666666666666,Acting,飯塚昭三,0.42218347395648254
Misaki Suzuki,0.3333333333333333,Acting,鈴木美咲,0.3317439198737284
Jung Jin-Young,0.6666666666666666,Acting,진영,0.3262897800990009
Jacob Batalon,0.6666666666666666,Acting,Jacob Batalon,0.47540265600079334
Josie Totah,0.3333333333333333,Acting,Josie Totah,0.4753696006082193
Akihisa Shiono,0.6666666666666666,Acting,塩野瑛久,0.4753365452156451
Thuso Mbedu,0.3333333333333333,Acting,Thuso Mbedu,0.4750721020750523
Laila Robins,0.3333333333333333,Acting,Laila Robins,0.4750721020750523
Yuko Natsuyoshi,0.3333333333333333,Acting,夏吉ゆうこ,0.4750059912899041
Clea Duvall,0.3333333333333333,Acting,Clea DuVall,0.47490682511218174
Aslı Enver,0.3333333333333333,Acting,Aslı Enver,0.4748076589344595
Anna Chlumsky,0.3333333333333333,Acting,Anna Chlumsky,0.4748076589344595
Sümeyye Aydoğan,0.3333333333333333,Acting,Sümeyye Aydoğan,0.47467543736416307
Wang Xingwei,0.6666666666666666,Acting,Wang Xingwei,0.47467543736416307
Gabriele Muccino,0.6666666666666666,Directing,Gabriele Muccino,0.4745762711864407
Atsuko Asano,0.3333333333333333,Acting,浅野温子,0.4745101604012925
Brad Garrett,0.6666666666666666,Acting,Brad Garrett,0.4744771050087183
Shun Horie,0.6666666666666666,Acting,堀江瞬,0.47441099422357014
Michelle Chen Yan-Hsi,0.3333333333333333,Acting,陳妍希,0.4743779388309961
Gabrielle Anwar,0.3333333333333333,Acting,Gabrielle Anwar,0.4743779388309961
Drea De Matteo,0.3333333333333333,Acting,Drea De Matteo,0.4743448834384219
John Ritter,0.6666666666666666,Acting,John Ritter,0.4742126618681255
Bill Tung Biu,0.6666666666666666,Acting,董驃,0.4740143295126809
César Évora Díaz,0.6666666666666666,Acting,César Évora,0.32314951780446083
Jason Priestley,0.6666666666666666,Acting,Jason Priestley,0.42188597542331563
Banyu Kencana,0.0,Acting,Banyu Kencana,0.47351849862406925
Kazuo Funahashi,0.6666666666666666,Writing,舟橋和郎,0.3934583378095844
Go Nagai,0.6666666666666666,Writing,永井豪,0.5065077804130271
Shahid Kapoor,0.6666666666666666,Acting,Shahid Kapoor,0.39808609276995927
Julia Louis-Dreyfus,0.3333333333333333,Acting,Julia Louis-Dreyfus,0.36109710847953463
He Changxi,0.6666666666666666,Acting,何昶希,0.456594137626127
Lucia Bellini,0.3333333333333333,Production,Lucia Bellini,0.33352891107273014
Brandon Routh,0.6666666666666666,Acting,Brandon Routh,0.38638448379872575
Daniel Lapaine,0.6666666666666666,Acting,Daniel Lapaine,0.2188928096257303
Ran Masaki,0.3333333333333333,Acting,真咲乱,0.37726119544827247
Ramón Rodríguez,0.6666666666666666,Acting,Ramón Rodríguez,0.3267525555950384
Leya Kırşan,0.3333333333333333,Acting,Leya Kırşan,0.3614607177978497
Kinji Fukasaku,0.6666666666666666,Directing,深作欣二,0.38575643133981774
Tony Yang,0.6666666666666666,Acting,楊祐寧,0.34599079407316813
Bruce Leung Siu-Lung,0.6666666666666666,Acting,梁小龍,0.47252683684684604
Nicholas Gonzalez,0.6666666666666666,Acting,Nicholas Gonzalez,0.49021147187399283
Hazal Kaya,0.3333333333333333,Acting,Hazal Kaya,0.3393797155583469
Asaka Seto,0.3333333333333333,Acting,瀬戸朝香,0.46717186324984095
Hannah Dodd,0.3333333333333333,Acting,Hannah Dodd,0.3056301597401846
Lana Parrilla,0.3333333333333333,Acting,Lana Parrilla,0.38192200580122143
Lynda Carter,0.3333333333333333,Acting,Lynda Carter,0.5032352965481907
Damon Wayans Jr.,0.6666666666666666,Acting,Damon Wayans Jr.,0.44819806791230404
Masatoshi Nagase,0.6666666666666666,Acting,永瀬正敏,0.401722185953111
Tobin Bell,0.6666666666666666,Acting,Tobin Bell,0.4422480972489649
Danica Mckellar,0.3333333333333333,Acting,Danica McKellar,0.38221950433438834
Fran Landin,0.0,Acting,Fran Landin,0.05014503053491887
Ryan Zheng,0.6666666666666666,Acting,郑恺,0.43778561925146064
Penn Badgley,0.6666666666666666,Acting,Penn Badgley,0.37101372625176643
Kendra Anderson,0.0,Acting,Kendra Anderson,0.4706426794701221
Ayasa Ito,0.3333333333333333,Acting,伊藤彩沙,0.42958788189308234
Kyoko Hashimoto,0.3333333333333333,Acting,橋本杏子,0.4294226049302118
Han Jae-In,0.0,Acting,Han Jae-in,0.4293234387524895
Sümeyye Aydoğan,0.3333333333333333,Acting,Sümeyye Aydoğan,0.4293234387524895
Kim Nam-Gil,0.6666666666666666,Acting,김남길,0.4292573279673413
Gillian Jacobs,0.3333333333333333,Acting,Gillian Jacobs,0.4292573279673413
Zoe Perry,0.3333333333333333,Acting,Zoe Perry,0.4290920510044708
Yukie Nakama,0.3333333333333333,Acting,仲間由紀恵,0.428860663256452
Kanon Takao,0.3333333333333333,Acting,高尾奏音,0.42882760786387786
Irina Griga,0.3333333333333333,Acting,Irina Griga,0.42839788776041454
Haruka Fukuhara,0.3333333333333333,Acting,福原遥,0.3582874001107356
Ben Robson,0.6666666666666666,Acting,Ben Robson,0.4282987215826922
Kim Tae-Hee,0.3333333333333333,Acting,김태희,0.4282987215826922
Keyvan Shahbazi,0.6666666666666666,Acting,Keyvan Shahbazi,0.42813344461982167
Maribel Guardia,0.3333333333333333,Acting,Maribel Guardia,0.42813344461982167
Clémence Poésy,0.3333333333333333,Acting,Clémence Poésy,0.42813344461982167
Airi Shimizu,0.3333333333333333,Acting,清水あいり,0.42806733383467344
Jeff Fahey,0.6666666666666666,Acting,Jeff Fahey,0.42806733383467344
Grace Lam Nga-Si,0.3333333333333333,Acting,林雅詩,0.42757150294606183
Shunichi Toki,0.6666666666666666,Acting,土岐隼一,0.42753844755348774
Kamal Haasan,0.6666666666666666,Acting,Kamal Haasan,0.42737317059061725
Ranbir Kapoor,0.6666666666666666,Acting,रणबीर कपूर,0.42737317059061725
Mark Pellegrino,0.6666666666666666,Acting,Mark Pellegrino,0.42737317059061725
Hiroyuki Ikeuchi,0.6666666666666666,Acting,池内博之,0.42724094902032084
Jang Young-Nam,0.3333333333333333,Acting,장영남,0.4272078936277467
Wang Ziqi,0.6666666666666666,Acting,王子奇,0.4269434504871539
Kazuki Kato,0.6666666666666666,Acting,加藤和樹,0.42691039509457973
L.Q. Jones,0.6666666666666666,Acting,L.Q. Jones,0.42691039509457973
Mari Tanaka,0.3333333333333333,Acting,田中真理,0.35025493971522775
Marika Kouno,0.3333333333333333,Acting,高野麻里佳,0.37617036749332694
Forrie J. Smith,0.6666666666666666,Acting,Forrie J. Smith,0.46935351915973195
Elizabeth Saunders,0.3333333333333333,Acting,Elizabeth Saunders,0.49483922683436776
Jeanne Reynolds,0.0,Acting,Jeanne Reynolds,0.4669074201092481
Hugh Bonneville,0.6666666666666666,Acting,Hugh Bonneville,0.38588865291011415
Rainn Wilson,0.6666666666666666,Acting,Rainn Wilson,0.46165161268996524
Kengo Kora,0.6666666666666666,Acting,高良健吾,0.4058210546323001
Yeong Ah,0.3333333333333333,Acting,Yeong Ah,0.3593782280656811
Mugi Kadowaki,0.3333333333333333,Acting,門脇麦,0.40558966688428133
Koji Tamaki,0.6666666666666666,Acting,玉置浩二,0.40116024427935115
Chen Fangtong,0.3333333333333333,Acting,陈芳彤,0.3304547595633383
Farida Jalal,0.3333333333333333,Acting,Farida Jalal,0.3638407060631854
Oh Jung-Se,0.6666666666666666,Acting,오정세,0.46604797990232133
Ben Mendelsohn,0.6666666666666666,Acting,Ben Mendelsohn,0.4368270128668115
Prince Grootboom,0.6666666666666666,Acting,Prince Grootboom,0.3234800717302019
Akeno Watanabe,0.3333333333333333,Acting,渡辺明乃,0.3841367171036865
Hideyoshi Kan,0.6666666666666666,Acting,簡秀吉,0.37884785429182954
Rina Honnizumi,0.3333333333333333,Acting,本泉莉奈,0.31333206620995135
Aleyna Solaker,0.3333333333333333,Acting,Aleyna Solaker,0.3864836499764481
Meryem Uzerli,0.3333333333333333,Acting,Meryem Uzerli,0.4799973555685941
Eve Harlow,0.3333333333333333,Acting,Eve Harlow,0.4680643588493418
Julian Richings,0.6666666666666666,Acting,Julian Richings,0.42172069846044513
Clark Gregg,0.6666666666666666,Acting,Clark Gregg,0.5118958094026064
Ely Henry,0.6666666666666666,Acting,Ely Henry,0.403606343329835
Kelly Preston,0.3333333333333333,Acting,Kelly Preston,0.30146518027584723
Conan O'Brien,0.6666666666666666,Acting,Conan O'Brien,0.4112751944070276
Laura Benanti,0.3333333333333333,Acting,Laura Benanti,0.4046971712847805
Addison Rae,0.3333333333333333,Acting,Addison Rae,0.3778892479071805
Aya Yamane,0.3333333333333333,Acting,山根綺,0.42545595782131906
Riki Lindhome,0.3333333333333333,Acting,Riki Lindhome,0.3402722111578477
Sarah Silverman,0.3333333333333333,Acting,Sarah Silverman,0.4711715657513078
Stephen Moyer,0.6666666666666666,Acting,Stephen Moyer,0.44922278508210134
Yoko Maki,0.3333333333333333,Acting,真木よう子,0.37997173763934916
Haruka Kasumi,0.3333333333333333,Acting,香澄遥，香澄はるか,0.36843540563098615
Mikako Takahashi,0.3333333333333333,Acting,高橋美佳子,0.423571800444595
Kim Bodnia,0.6666666666666666,Acting,Kim Bodnia,0.4235387450520209
Jack Klugman,0.6666666666666666,Acting,Jack Klugman,0.4233404126965763
Jennifer Grey,0.3333333333333333,Acting,Jennifer Grey,0.4233404126965763
Gao Ye,0.3333333333333333,Acting,高叶,0.42310902494855757
Sara Paxton,0.3333333333333333,Acting,Sara Paxton,0.42310902494855757
Christopher Abbott,0.6666666666666666,Acting,Christopher Abbott,0.42300985877083525
Corteon Moore,0.6666666666666666,Acting,Corteon Moore,0.42297680337826116
Wen Qi,0.3333333333333333,Acting,文淇,0.42291069259311287
Danny Griffin,0.6666666666666666,Acting,Danny Griffin,0.42274541563024237
Taishi Takemoto,0.6666666666666666,Acting,竹本泰志,0.27740085448189805
Kim Ha-Neul,0.3333333333333333,Acting,김하늘,0.4225801386673719
Lena Olin,0.3333333333333333,Acting,Lena Olin,0.4225470832747978
Ryo Narita,0.6666666666666666,Acting,成田凌,0.42244791709707546
Lucien Laviscount,0.6666666666666666,Acting,Lucien Laviscount,0.42244791709707546
Rockmond Dunbar,0.6666666666666666,Acting,Rockmond Dunbar,0.42244791709707546
Edwige Fenech,0.3333333333333333,Acting,Edwige Fenech,0.42244791709707546
Kang Tae-Oh,0.6666666666666666,Acting,강태오,0.42228264013420497
Will Sharpe,0.6666666666666666,Acting,Will Sharpe,0.42228264013420497
Terence Yin Chi-Wai,0.6666666666666666,Acting,尹子維,0.42224958474163077
Ryoko Shiraishi,0.3333333333333333,Acting,白石涼子,0.42185292003074154
Unsho Ishizuka,0.6666666666666666,Acting,石塚運昇,0.42145625531985226
Margery Simkin,0.3333333333333333,Production,Margery Simkin,0.42145625531985226
Cai Wenjing,0.3333333333333333,Acting,蔡文靜,0.4214231999272781
Ryu Soo-Young,0.6666666666666666,Acting,류수영,0.421390144534704
Marilyn Monroe,0.3333333333333333,Acting,Marilyn Monroe,0.42135708914212994
Jason Alexander,0.6666666666666666,Acting,Jason Alexander,0.4212579229644076
Caleb Ellsworth-Clark,0.6666666666666666,Acting,Caleb Ellsworth-Clark,0.42122486757183353
Jack Lemmon,0.6666666666666666,Acting,Jack Lemmon,0.4616846680825394
Yoon Chan-Young,0.6666666666666666,Acting,윤찬영,0.46165161268996524
Steve Martin,0.6666666666666666,Acting,Steve Martin,0.4614863357270947
Kyoko Koizumi,0.3333333333333333,Acting,小泉今日子,0.46145328033452054
Dayo Wong Chi-Wah,0.6666666666666666,Acting,黃子華,0.46142022494194646
Jaimie Alexander,0.3333333333333333,Acting,Jaimie Alexander,0.46122189258650187
Wakana Yamazaki,0.3333333333333333,Acting,山崎和佳奈,0.46108967101620546
Carlos Rivas,0.6666666666666666,Acting,Carlos Rivas,0.46102356023105723
Jun Fubuki,0.3333333333333333,Acting,風吹ジュン,0.46095744944590905
Haru Kuroki,0.3333333333333333,Acting,黒木華,0.4609243940533349
Liam Cunningham,0.6666666666666666,Acting,Liam Cunningham,0.4609243940533349
Josh Charles,0.6666666666666666,Acting,Josh Charles,0.4609243940533349
Ben Schwartz,0.6666666666666666,Acting,Ben Schwartz,0.46089133866076076
Justine Lupe,0.3333333333333333,Acting,Justine Lupe,0.46079217248303844
Kelli Berglund,0.3333333333333333,Acting,Kelli Berglund,0.46065995091274203
Bosco Wong Chung-Chak,0.6666666666666666,Acting,黃宗澤,0.46062689552016794
Anjaylia Chan,0.3333333333333333,Acting,陳嘉寶,0.46059384012759386
Manami Hashimoto,0.3333333333333333,Acting,橋本マナミ,0.4603624523795751
Clu Gulager,0.6666666666666666,Acting,Clu Gulager,0.4601971754167045
Bob Gunton,0.6666666666666666,Acting,Bob Gunton,0.46016412002413043
Kate Vernon,0.3333333333333333,Acting,Kate Vernon,0.41960515333570236
Richard Chamberlain,0.6666666666666666,Acting,Richard Chamberlain,0.4195390425505541
Rene Russo,0.3333333333333333,Acting,Rene Russo,0.41943987637283175
Shun Horie,0.6666666666666666,Acting,堀江瞬,0.41930765480253535
Zhang Hanyu,0.6666666666666666,Acting,張涵予,0.41930765480253535
Kaoru Kobayashi,0.6666666666666666,Acting,小林薫,0.41930765480253535
Kongpob Jirojmontri,0.6666666666666666,Acting,ก้องภพ จิโรจน์มนตรี,0.41914237783966485
Romain Gavras,0.6666666666666666,Directing,Romain Gavras,0.41861349155847916
Genelia D'Souza,0.3333333333333333,Acting,Genelia D'Souza,0.4185473807733309
James Purefoy,0.6666666666666666,Acting,James Purefoy,0.41834904841788634
Sharla Cheung,0.3333333333333333,Acting,張敏,0.4183159930253122
Riho Sugiyama,0.3333333333333333,Acting,杉山里穂,0.4182829376327381
Asami Usuda,0.3333333333333333,Acting,臼田あさ美,0.4182168268475898
Freddie Prinze Jr.,0.6666666666666666,Acting,Freddie Prinze Jr.,0.4182168268475898
Dev,0.6666666666666666,Acting,Dev,0.4178862729218488
Denis Lill,0.6666666666666666,Acting,Denis Lill,0.4177540513515524
Takahisa Zeze,0.6666666666666666,Directing,瀬々敬久,0.41772099595897827
Hina Kino,0.3333333333333333,Acting,木野日菜,0.4176879405664042
Carol Cheng,0.3333333333333333,Acting,鄭裕玲,0.4174565528183854
Dex,0.6666666666666666,Acting,덱스,0.4174234974258113
S. J. Suryah,0.6666666666666666,Acting,S. J. Suryah,0.4174234974258113
A.J. Buckley,0.6666666666666666,Acting,A.J. Buckley,0.4173904420332372
Redford White,0.6666666666666666,Acting,Redford White,0.4173573866406631
Mai Kadowaki,0.3333333333333333,Acting,門脇舞以,0.4173573866406631
Justina Machado,0.3333333333333333,Acting,Justina Machado,0.416993777322348
Kelsey Mann,0.6666666666666666,Directing,Kelsey Mann,0.4168285003594774
Dave Foley,0.6666666666666666,Acting,Dave Foley,0.4168285003594774
Rudy Pankow,0.6666666666666666,Acting,Rudy Pankow,0.4167623895743292
Mireille Enos,0.3333333333333333,Acting,Mireille Enos,0.4166301680040328
Scoot Mcnairy,0.6666666666666666,Acting,Scoot McNairy,0.4166301680040328
Justin Bieber,0.6666666666666666,Acting,Justin Bieber,0.4165310018263105
Kerry Bishé,0.3333333333333333,Acting,Kerry Bishé,0.41646489104116224
Kelly Lin Hsi-Lei,0.3333333333333333,Acting,林熙蕾,0.41643183564858816
Joanna Lumley,0.3333333333333333,Acting,Joanna Lumley,0.41639878025601407
Esmé Bianco,0.3333333333333333,Acting,Esmé Bianco,0.4163657248634399
Chazz Palminteri,0.6666666666666666,Acting,Chazz Palminteri,0.41633266947086583
Ari Ozawa,0.3333333333333333,Acting,小澤亜李,0.3473460651687065
Anil Kapoor,0.6666666666666666,Acting,Anil Kapoor,0.41620044790056937
Chiang Sheng,0.6666666666666666,Acting,江生,0.41600211554512473
Joe Carnahan,0.6666666666666666,Writing,Joe Carnahan,0.41600211554512473
Nikita Mao,0.3333333333333333,Acting,毛林林,0.41593600475997655
Maiko Yamada,0.3333333333333333,Acting,山田麻衣子,0.4157376724045319
Haru Kuroki,0.3333333333333333,Acting,黒木華,0.4157376724045319
Bud Spencer,0.6666666666666666,Acting,Bud Spencer,0.4157376724045319
Kikunosuke Toya,0.6666666666666666,Acting,戸谷菊之介,0.41567156161938373
Maïwenn,0.3333333333333333,Acting,Maïwenn,0.41567156161938373
Hwang Jang-Lee,0.6666666666666666,Acting,황정리,0.4156054508342355
Lin Yi,0.6666666666666666,Acting,林一,0.41540711847879086
Andrew Lin Hoi,0.6666666666666666,Acting,連凱,0.4153740630862167
Eugene Levy,0.6666666666666666,Acting,Eugene Levy,0.4153740630862167
Simona Tabasco,0.3333333333333333,Acting,Simona Tabasco,0.3589154525696436
Mira Sorvino,0.3333333333333333,Acting,Mira Sorvino,0.47467543736416307
John Heard,0.6666666666666666,Acting,John Heard,0.3438421935558512
Marian Rivera,0.3333333333333333,Acting,Marian Rivera,0.3783850787957921
Kirk Acevedo,0.6666666666666666,Acting,Kirk Acevedo,0.4090935384971366
Alisa Priznyakova,0.3333333333333333,Acting,Alisa Priznyakova,0.32516589675148133
Kazeem Famuyide,0.0,Acting,Kazeem Famuyide,0.07268880827045922
Go Kyung-Pyo,0.6666666666666666,Acting,고경표,0.43081093141832427
Mina Asami,0.3333333333333333,Acting,浅見美那,0.28523498252196117
Bae Na-Ra,0.6666666666666666,Acting,배나라,0.3300250394598749
Juliet Mills,0.3333333333333333,Acting,Juliet Mills,0.2862266442991843
Riley Keough,0.3333333333333333,Acting,Riley Keough,0.33260336008065516
Dylan Walsh,0.6666666666666666,Acting,Dylan Walsh,0.3028865621565338
Priah Ferguson,0.3333333333333333,Acting,Priah Ferguson,0.4389756133841285
Rainy Zhang,0.3333333333333333,Acting,张沐兮,0.3758067581750118
Govinda,0.6666666666666666,Acting,Govinda,0.2969365914931947
Nikki Mcchristie,0.0,Editing,Nikki McChristie,0.45533803270831097
Kelly Rowland,0.3333333333333333,Acting,Kelly Rowland,0.4036393987224091
Drea De Matteo,0.3333333333333333,Acting,Drea De Matteo,0.4139857365981043
Jon Gries,0.6666666666666666,Acting,Jon Gries,0.4139526812055302
Dean Stockwell,0.6666666666666666,Acting,Dean Stockwell,0.4139526812055302
Law Kar-Ying,0.6666666666666666,Acting,羅家英,0.41362212727978914
Mina Tominaga,0.3333333333333333,Acting,冨永みーな,0.41362212727978914
Tinnu Anand,0.6666666666666666,Acting,Tinnu Anand,0.4134899057094927
Robert Englund,0.6666666666666666,Acting,Robert Englund,0.41342379492434445
Liza Minnelli,0.3333333333333333,Acting,Liza Minnelli,0.41339073953177036
Justin Chambers,0.6666666666666666,Acting,Justin Chambers,0.41339073953177036
Barbra Streisand,0.3333333333333333,Acting,Barbra Streisand,0.41339073953177036
Liu Haoran,0.6666666666666666,Acting,刘昊然,0.4133246287466222
Archie Panjabi,0.3333333333333333,Acting,Archie Panjabi,0.4133246287466222
Meisa Kuroki,0.3333333333333333,Acting,黒木メイサ,0.41329157335404804
Panachai Sriariyarungruang,0.6666666666666666,Acting,ปณชัย ศรีอาริยะรุ่งเรือง,0.4027138477303341
Fran Drescher,0.3333333333333333,Acting,Fran Drescher,0.4143162905238454
James Gandolfini,0.6666666666666666,Acting,James Gandolfini,0.5109702584105315
Tiffany Grey,0.3333333333333333,Acting,Tiffany Grey,0.3246039550777215
Natalie Martinez,0.3333333333333333,Acting,Natalie Martinez,0.4796998570354271
Jason Flemyng,0.6666666666666666,Acting,Jason Flemyng,0.36010544670231137
Michael Nouri,0.6666666666666666,Acting,Michael Nouri,0.42043153815005496
Cho Yi-Hyun,0.3333333333333333,Acting,조이현,0.41028353262980444
Peter Gallagher,0.6666666666666666,Acting,Peter Gallagher,0.3635432075300184
Shelley Long,0.3333333333333333,Acting,Shelley Long,0.3426191440306093
Maya Erskine,0.3333333333333333,Acting,Maya Erskine,0.3451644092588155
Daisuke Gori,0.6666666666666666,Acting,郷里大輔,0.35058549364096886
Pınar Deniz,0.3333333333333333,Acting,Pınar Deniz,0.3322066953697659
Beth Grant,0.3333333333333333,Acting,Beth Grant,0.3700551198671173
Edward Burns,0.6666666666666666,Acting,Edward Burns,0.309795139204522
Patrick Heinrich,0.6666666666666666,Acting,Patrick Heinrich,0.22580138667371852
Minori Chihara,0.3333333333333333,Acting,茅原実里,0.3303225379930419
Izumi Shima,0.3333333333333333,Acting,志麻いづみ,0.38314505532646337
Danny Lau Dan,0.6666666666666666,Acting,劉丹,0.44317364824103994
Kiyono Yasuno,0.3333333333333333,Acting,安野希世乃,0.3364047302266774
Mayumi Hirota,0.0,Visual Effects,Mayumi Hirota,0.45226388119891914
Yuta Kanai,0.6666666666666666,Acting,金井勇太,0.38155839648290624
Thea Sofie Loch Næss,0.3333333333333333,Acting,Thea Sofie Loch Næss,0.4063499409134858
Nestor Carbonell,0.6666666666666666,Acting,Nestor Carbonell,0.4009619119239065
Seth Gabel,0.6666666666666666,Acting,Seth Gabel,0.4200348734391657
Samantha Bond,0.3333333333333333,Acting,Samantha Bond,0.392995562313547
Kong Xue'Er,0.3333333333333333,Acting,孔雪儿,0.6859985620904232
Audrey Fleurot,0.3333333333333333,Acting,Audrey Fleurot,0.38010395920964557
Rachel Nichols,0.3333333333333333,Acting,Rachel Nichols,0.5115652554768654
Rui Kiriyama,0.3333333333333333,Acting,桐山瑠衣,0.46670908775380343
Xiong Xinxin,0.6666666666666666,Acting,熊欣欣,0.35488269467560263
Norman Tsui Siu-Keung,0.6666666666666666,Acting,徐少強,0.42565429017676376
Sofia Pernas,0.3333333333333333,Acting,Sofia Pernas,0.4202001504020362
Ayumi Kinoshita,0.3333333333333333,Acting,木下あゆ美,0.39785470502194054
Wayne Knight,0.6666666666666666,Acting,Wayne Knight,0.3180589873480485
Jodie Comer,0.3333333333333333,Acting,Jodie Comer,0.4502805576444728
Kumiko Watanabe,0.3333333333333333,Acting,渡辺久美子,0.44320670363361403
Lee Min-Jae,0.6666666666666666,Acting,이민재,0.4716012858547712
Chiyoko Kawashima,0.3333333333333333,Acting,川島千代子,0.3576593476518276
Raymond Burr,0.6666666666666666,Acting,Raymond Burr,0.5458436975762133
Anne Suzuki,0.3333333333333333,Acting,鈴木杏,0.46872546670082393
Ethan Embry,0.6666666666666666,Acting,Ethan Embry,0.3516102108107661
Mitsuko Baisho,0.3333333333333333,Acting,倍賞美津子,0.40274690312290823
Enes Koçak,0.6666666666666666,Acting,Enes Koçak,0.3927972299581023
Yerin Ha,0.3333333333333333,Acting,Yerin Ha,0.4090604831045625
Mike Vogel,0.6666666666666666,Acting,Mike Vogel,0.4088621507491178
Karan Johar,0.6666666666666666,Production,Karan Johar,0.4087299291788214
Clu Gulager,0.6666666666666666,Acting,Clu Gulager,0.4086638183936732
Choi Won-Young,0.6666666666666666,Acting,최원영,0.4085315968233768
Gonca Vuslateri,0.3333333333333333,Acting,Gonca Vuslateri,0.4085315968233768
Olivia Munn,0.3333333333333333,Acting,Olivia Munn,0.4083663198605063
Lee Yi-Kyung,0.6666666666666666,Acting,이이경,0.40833326446793217
Jung Woo-Sung,0.6666666666666666,Acting,정우성,0.4083002090753581
Oh Dal-Su,0.6666666666666666,Acting,오달수,0.4082671536827839
Tony Todd,0.6666666666666666,Acting,Tony Todd,0.4082340982902098
John Ritter,0.6666666666666666,Acting,John Ritter,0.4082010428976357
Ibuki Kido,0.3333333333333333,Acting,木戸衣吹,0.4080688213273393
Crystle Stewart,0.3333333333333333,Acting,Crystle Stewart,0.4079365997570429
Rip Torn,0.6666666666666666,Acting,Rip Torn,0.4077713227941724
Kirstie Alley,0.3333333333333333,Acting,Kirstie Alley,0.40770521200902415
Park Hae-Joon,0.6666666666666666,Acting,박해준,0.40767215661645007
Dominique Davray,0.3333333333333333,Acting,Dominique Davray,0.4074077134758572
Haruma Miura,0.6666666666666666,Acting,三浦春馬,0.40737465808328305
Anthony Edwards,0.6666666666666666,Acting,Anthony Edwards,0.40730854729813487
Nathan Mitchell,0.6666666666666666,Acting,Nathan Mitchell,0.4071432703352644
Akiko Hiramatsu,0.3333333333333333,Acting,平松晶子,0.40711021494269023
Manny Jacinto,0.6666666666666666,Acting,Manny Jacinto,0.40707715955011614
Anna Maxwell Martin,0.3333333333333333,Acting,Anna Maxwell Martin,0.40707715955011614
Anthony Ramos,0.6666666666666666,Acting,Anthony Ramos,0.40704410415754205
Lee Kyung-Young,0.6666666666666666,Acting,이경영,0.40704410415754205
Laroyce Hawkins,0.6666666666666666,Acting,LaRoyce Hawkins,0.40701104876496796
Lady Gaga,0.3333333333333333,Acting,Lady Gaga,0.40694493797981973
Peter Chan Ho-Sun,0.6666666666666666,Directing,陳可辛,0.40684577180209736
Adam Cheng Siu-Chow,0.6666666666666666,Acting,鄭少秋,0.40671355023180095
Xolo Maridueña,0.6666666666666666,Acting,Xolo Maridueña,0.4066143840540786
Kim Joo-Ryoung,0.3333333333333333,Acting,김주령,0.34995744118206085
Patrick Labyorteaux,0.6666666666666666,Acting,Patrick Labyorteaux,0.34965994264889394
Kenan Thompson,0.6666666666666666,Acting,Kenan Thompson,0.3775586939814394
Nanako Matsushima,0.3333333333333333,Acting,松嶋菜々子,0.41259741010999185
Jeon Jong-Seo,0.3333333333333333,Acting,전종서,0.5163582874001107
Athena Karkanis,0.3333333333333333,Acting,Athena Karkanis,0.28989579287491013
Cha Joo-Young,0.3333333333333333,Acting,차주영,0.3633448751745738
David Krumholtz,0.6666666666666666,Acting,David Krumholtz,0.41329157335404804
Amy Madigan,0.3333333333333333,Acting,Amy Madigan,0.3999371947541092
Alexandra Shipp,0.3333333333333333,Acting,Alexandra Shipp,0.3060929352362221
Ha Jin,0.3333333333333333,Acting,Ha Jin,0.4111099174441571
Bill Cobbs,0.6666666666666666,Acting,Bill Cobbs,0.3218934128866448
Hideaki Ito,0.6666666666666666,Acting,伊藤英明,0.4368270128668115
Zach Braff,0.6666666666666666,Acting,Zach Braff,0.3791453528249965
Ray Winstone,0.6666666666666666,Acting,Ray Winstone,0.4621143881860027
Mari Natsuki,0.3333333333333333,Acting,夏木マリ,0.4356700741267179
Etsuko Kozakura,0.3333333333333333,Acting,小桜エツコ,0.405490500706559
Kelli Berglund,0.3333333333333333,Acting,Kelli Berglund,0.4054574453139849
Kaoru Sakurako,0.3333333333333333,Acting,愛奏,0.4053913345288367
Janet Jackson,0.3333333333333333,Acting,Janet Jackson,0.4051930021733921
Lucifer Valentine,0.6666666666666666,Directing,Lucifer Valentine,0.40499466981794746
Angélica María,0.3333333333333333,Acting,Angélica María,0.40479633746250276
Victor Garber,0.6666666666666666,Acting,Victor Garber,0.40479633746250276
Gavin Casalegno,0.6666666666666666,Acting,Gavin Casalegno,0.4047632820699287
Doug Savant,0.6666666666666666,Acting,Doug Savant,0.4047302266773546
Gloria Stuart,0.3333333333333333,Acting,Gloria Stuart,0.4047302266773546
Alexander Siddig,0.6666666666666666,Acting,Alexander Siddig,0.40453189432190995
Gigi Lai Chi,0.3333333333333333,Acting,黎姿,0.40449883892933586
Joe Manganiello,0.6666666666666666,Acting,Joe Manganiello,0.40449883892933586
Cooper Barnes,0.6666666666666666,Acting,Cooper Barnes,0.40433356196646536
Hayato Isomura,0.6666666666666666,Acting,磯村勇斗,0.40400300804072425
Shin Min-A,0.3333333333333333,Acting,신민아,0.403936897255576
Kanji Tsuda,0.6666666666666666,Acting,津田寛治,0.40383773107785376
Janine Chang Chun-Ning,0.3333333333333333,Acting,張鈞甯,0.363080432033981
Ike Barinholtz,0.6666666666666666,Acting,Ike Barinholtz,0.5103422059516235
Michiel Huisman,0.6666666666666666,Acting,Michiel Huisman,0.3463544033914833
Carolina Ramírez,0.3333333333333333,Acting,Carolina Ramírez,0.930972076457123
Michiko Neya,0.3333333333333333,Acting,根谷美智子,0.3791453528249965
Albert Brooks,0.6666666666666666,Directing,Albert Brooks,0.3688981811270236
Nana Seino,0.3333333333333333,Acting,清野菜名,0.4236709666223174
Kazu Itsuki,0.6666666666666666,Acting,樹かず,0.4262823426356718
Werner Herzog,0.6666666666666666,Directing,Werner Herzog,0.4119032468659356
Rex Linn,0.6666666666666666,Acting,Rex Linn,0.38364088621507497
Nam Joo-Hyuk,0.6666666666666666,Acting,남주혁,0.41980348569114695
Mark-Paul Gosselaar,0.6666666666666666,Acting,Mark-Paul Gosselaar,0.3729639944136387
Jaeden Martell,0.6666666666666666,Acting,Jaeden Martell,0.3781536910477733
Mia Kirshner,0.3333333333333333,Acting,Mia Kirshner,0.3611632192646828
Aya Ueto,0.3333333333333333,Acting,上戸彩,0.34228859010486823
Harry Lloyd,0.6666666666666666,Acting,Harry Lloyd,0.40958936938574814
Richard Brake,0.6666666666666666,Acting,Richard Brake,0.4327281441876224
Jeremy Sisto,0.6666666666666666,Acting,Jeremy Sisto,0.3532299250468974
Nicholas Tse Ting-Fung,0.6666666666666666,Acting,謝霆鋒,0.4035732879372608
Sara Ali Khan,0.3333333333333333,Acting,Sara Ali Khan,0.35075077060383936
Svetlana Khodchenkova,0.3333333333333333,Acting,Светлана Ходченкова,0.3849631019180392
Max Mok Siu-Chung,0.6666666666666666,Acting,莫少聰,0.34532968622168597
Richard Jenkins,0.6666666666666666,Acting,Richard Jenkins,0.34149526068308966
Nico Parker,0.3333333333333333,Acting,Nico Parker,0.37729425084084656
Cheech Marin,0.6666666666666666,Acting,Cheech Marin,0.45728830087018324
Anamaria Vartolomei,0.3333333333333333,Acting,Anamaria Vartolomei,0.36136155162012745
Sofia Kappel,0.3333333333333333,Acting,Sofia Kappel,0.3284053252237437
Chishū Ryū,0.6666666666666666,Acting,笠智衆,0.4242659636886513
Matthew Gray Gubler,0.6666666666666666,Acting,Matthew Gray Gubler,0.23485856423902352
Timothy Hutton,0.6666666666666666,Acting,Timothy Hutton,0.34665190192465023
Virginie Efira,0.3333333333333333,Acting,Virginie Efira,0.5286218380451041
Hugh Dancy,0.6666666666666666,Acting,Hugh Dancy,0.47603070845970136
Rodolfo De Anda,0.6666666666666666,Acting,Rodolfo de Anda,0.3304547595633383
Robin Lord Taylor,0.6666666666666666,Acting,Robin Lord Taylor,0.4322984240841591
Michael Ironside,0.6666666666666666,Acting,Michael Ironside,0.390218909337322
Naoki Tatsuta,0.6666666666666666,Acting,龍田直樹,0.4480327909494335
Ajie,0.6666666666666666,Acting,阿杰,0.3324050277252106
Suki Kwan Sau-Mei,0.3333333333333333,Acting,關秀媚,0.39091307258137825
Hidekatsu Shibata,0.6666666666666666,Acting,柴田秀勝,0.31019180391541123
Hervé Villechaize,0.6666666666666666,Acting,Hervé Villechaize,0.340338321942996
Xochitl Gomez,0.3333333333333333,Acting,Xochitl Gomez,0.3126379029658951
Tang Guoqiang,0.6666666666666666,Acting,唐国强,0.3037460023634606
Jo Jae-Yun,0.6666666666666666,Acting,조재윤,0.366220694328521
Chevy Chase,0.6666666666666666,Acting,Chevy Chase,0.40039997025014673
Eriko Matsui,0.3333333333333333,Acting,松井恵理子,0.40016858250212795
Henry Ian Cusick,0.6666666666666666,Acting,Henry Ian Cusick,0.4000033055392574
Scott Grimes,0.6666666666666666,Acting,Scott Grimes,0.39954053004321993
Martin Short,0.6666666666666666,Acting,Martin Short,0.3995074746506458
Lucy Hale,0.3333333333333333,Acting,Lucy Hale,0.39894553297688606
Wang Yang,0.6666666666666666,Acting,王阳,0.3988794221917378
Chinatsu Akasaki,0.3333333333333333,Acting,赤﨑千夏,0.3988463667991637
Amber Rose Revah,0.3333333333333333,Acting,Amber Rose Revah,0.39878025601401546
Etsushi Toyokawa,0.6666666666666666,Acting,豊川悦司,0.3987141452288673
Huang Youtian,0.6666666666666666,Acting,黄宥天,0.3986810898362932
Helena Law Lan,0.3333333333333333,Acting,羅蘭,0.3986810898362932
Ren Hao,0.6666666666666666,Acting,任豪,0.39864803444371905
Han Ji-Hyeon,0.3333333333333333,Acting,한지현,0.39851581287342264
Takao Osawa,0.6666666666666666,Acting,大沢たかお,0.39848275748084855
Chen Kuan-Tai,0.6666666666666666,Acting,陳觀泰,0.39828442512540396
Ada Choi Siu-Fan,0.3333333333333333,Acting,蔡少芬,0.39825136973282976
Yasuaki Kurata,0.6666666666666666,Acting,倉田保昭,0.3980530373773852
Danny Chan Kwok-Kwan,0.6666666666666666,Acting,陳國坤,0.39801998198481103
You Yongzhi,0.6666666666666666,Acting,尤勇智,0.39801998198481103
Bill Bixby,0.6666666666666666,Acting,Bill Bixby,0.39792081580708877
Burt Reynolds,0.6666666666666666,Acting,Burt Reynolds,0.39778859423679236
Ray Stevenson,0.6666666666666666,Acting,Ray Stevenson,0.3976233172739218
Sahara Bernales,0.3333333333333333,Acting,Sahara Bernales,0.39735887413332893
Hiroki Narimiya,0.6666666666666666,Acting,成宮寛貴,0.39719359717045843
Jack Gleeson,0.6666666666666666,Acting,Jack Gleeson,0.3969291540298655
Erick Avari,0.6666666666666666,Acting,Erick Avari,0.3966647108892727
Taylor Swift,0.3333333333333333,Acting,Taylor Swift,0.3966316554966986
Aya Sugimoto,0.3333333333333333,Acting,杉本彩,0.3965986001041245
Daniel Roebuck,0.6666666666666666,Acting,Daniel Roebuck,0.3962680461783834
Rob Riggle,0.6666666666666666,Acting,Rob Riggle,0.3962349907858093
Yoon Jin-Seo,0.3333333333333333,Acting,윤진서,0.39620193539323517
Johnny Wang Lung-Wei,0.6666666666666666,Acting,王龙威,0.396135824608087
Meg Wynn Owen,0.3333333333333333,Acting,Meg Wynn Owen,0.396135824608087
Mauricio Garcés,0.6666666666666666,Acting,Mauricio Garcés,0.3961027692155129
Ashley Greene,0.3333333333333333,Acting,Ashley Greene,0.3961027692155129
Mammootty,0.6666666666666666,Acting,Mammootty,0.39606971382293876
Radha,0.3333333333333333,Acting,Radha,0.3960366584303647
Guillermo Francella,0.6666666666666666,Acting,Guillermo Francella,0.3960036030377906
Akihisa Shiono,0.6666666666666666,Acting,塩野瑛久,0.3959705476452165
Daniel Sharman,0.6666666666666666,Acting,Daniel Sharman,0.39580527068234594
Jack Huston,0.6666666666666666,Acting,Jack Huston,0.39567304911204954
Laila Robins,0.3333333333333333,Acting,Laila Robins,0.3956069383269013
Courtney Thorne-Smith,0.3333333333333333,Acting,Courtney Thorne-Smith,0.39557388293432716
Elaine Jin Yan-Ling,0.3333333333333333,Acting,金燕玲,0.39554082754175307
Lili Taylor,0.3333333333333333,Acting,Lili Taylor,0.39554082754175307
Park Hyung-Sik,0.6666666666666666,Acting,박형식,0.3953755505788826
Prachi Desai,0.3333333333333333,Acting,Prachi Desai,0.39530943979373434
Shiro Sano,0.6666666666666666,Acting,佐野史郎,0.39527638440116025
Hong Hwa-Yeon,0.3333333333333333,Acting,홍화연,0.39511110743828975
Lin Yi,0.6666666666666666,Acting,林一,0.43705840061483037
Kyoko Yoshine,0.3333333333333333,Acting,芳根京子,0.43705840061483037
Morgan Kohan,0.3333333333333333,Acting,Morgan Kohan,0.43699228982968213
Vanessa Marcil,0.3333333333333333,Acting,Vanessa Marcil,0.43699228982968213
Zu Feng,0.6666666666666666,Acting,祖峰,0.43692617904453385
Takahiro Miura,0.6666666666666666,Acting,三浦貴大,0.43692617904453385
François Arnaud,0.6666666666666666,Acting,François Arnaud,0.43692617904453385
Paulo Batista,0.6666666666666666,Acting,Paulo Batista,0.43686006825938567
Ryu Soo-Young,0.6666666666666666,Acting,류수영,0.43679395747423744
Vinnie Jones,0.6666666666666666,Acting,Vinnie Jones,0.4365295143336446
Tai Bo,0.6666666666666666,Acting,太保,0.4362981265856259
Toshiki Masuda,0.6666666666666666,Acting,増田俊樹,0.4362650711930518
Taiga Nakano,0.6666666666666666,Acting,仲野太賀,0.43623201580047766
Mana Ashida,0.3333333333333333,Acting,芦田愛菜,0.43623201580047766
Peter Capaldi,0.6666666666666666,Acting,Peter Capaldi,0.43623201580047766
Kaoru Sakurako,0.3333333333333333,Acting,愛奏,0.4361989604079035
Sean Young,0.3333333333333333,Acting,Sean Young,0.4361659050153294
Chloé Zhao,0.3333333333333333,Directing,Chloé Zhao,0.43613284962275534
Alyson Hannigan,0.3333333333333333,Acting,Alyson Hannigan,0.4360667388376071
Denise Esteban,0.3333333333333333,Acting,Denise Esteban,0.43596757265988484
Burcu Özberk,0.3333333333333333,Acting,Burcu Özberk,0.3940202794833442
Radchapon Phornpinit,0.6666666666666666,Acting,รัชพล พรพินิต,0.3938880579130478
Hiromi Tsuru,0.3333333333333333,Acting,鶴ひろみ,0.39385500252047373
Ivy Wolk,0.3333333333333333,Acting,Ivy Wolk,0.3938219471278996
Daniel Fathers,0.6666666666666666,Acting,Daniel Fathers,0.3936566701650291
Lukas Haas,0.6666666666666666,Acting,Lukas Haas,0.3935905593798808
Brooke Burns,0.3333333333333333,Acting,Brooke Burns,0.3935575039873067
Steve Coogan,0.6666666666666666,Acting,Steve Coogan,0.3934583378095844
Andrew Rannells,0.6666666666666666,Acting,Andrew Rannells,0.3931277838838434
Wong Jing,0.6666666666666666,Writing,王晶,0.3930286177061211
David Koepp,0.6666666666666666,Writing,David Koepp,0.3929294515283987
Oksana Orlan,0.3333333333333333,Acting,Oksana Orlan,0.3928963961358246
Tessa Wyatt,0.3333333333333333,Acting,Tessa Wyatt,0.3928963961358246
Vinnie Jones,0.6666666666666666,Acting,Vinnie Jones,0.3928963961358246
Jimmy Smits,0.6666666666666666,Acting,Jimmy Smits,0.3928302853506764
Eduardo Franco,0.6666666666666666,Acting,Eduardo Franco,0.3927972299581023
Ryoko Shinohara,0.3333333333333333,Acting,篠原涼子,0.43388508292771616
Shawn Yue Man-Lok,0.6666666666666666,Acting,余文樂,0.43362063978712334
Jun Negami,0.6666666666666666,Acting,根上淳,0.43352147360940096
María Conchita Alonso,0.3333333333333333,Acting,María Conchita Alonso,0.43352147360940096
Yu Shi,0.6666666666666666,Acting,于适,0.4333231412539563
Harriet Walter,0.3333333333333333,Acting,Harriet Walter,0.43329008586138223
Ken Takakura,0.6666666666666666,Acting,高倉健,0.43325703046880815
Kim Min-Hee,0.3333333333333333,Acting,김민희,0.4331909196836599
Ayaka Asai,0.3333333333333333,Acting,朝井彩加,0.43312480889851174
Elizabeth Montgomery,0.3333333333333333,Acting,Elizabeth Montgomery,0.43312480889851174
Danielle Brooks,0.3333333333333333,Acting,Danielle Brooks,0.4330256427207894
Günther Maria Halmer,0.6666666666666666,Acting,Günther Maria Halmer,0.43299258732821533
Marcela Del Valle,0.3333333333333333,Acting,Marcela Del Valle,0.43292647654306704
Darren Aronofsky,0.6666666666666666,Directing,Darren Aronofsky,0.4328273103653447
Lee Zoo-Young,0.3333333333333333,Acting,이주영,0.4327611995801965
Nick Ritacco,0.6666666666666666,Acting,Nick Ritacco,0.4327281441876224
Abraham Benrubi,0.6666666666666666,Acting,Abraham Benrubi,0.4327281441876224
Jocelyn Hudon,0.3333333333333333,Acting,Jocelyn Hudon,0.4326289780099001
Jin Jiayu,0.6666666666666666,Acting,金佳遇,0.4325298118321778
Ken Narita,0.6666666666666666,Acting,成田剣,0.4325298118321778
Ken Narita,0.6666666666666666,Acting,成田剣,0.42631539802824586
Billy Campbell,0.6666666666666666,Acting,Billy Campbell,0.3580890677552909
Wen Zhengrong,0.3333333333333333,Acting,温峥嵘,0.4209604244312407
Saki Fujita,0.3333333333333333,Acting,藤田咲,0.46730408482013736
Daisuke Nakagawa,0.6666666666666666,Acting,中川大輔,0.3276781065871134
Cam Gigandet,0.6666666666666666,Acting,Cam Gigandet,0.33471890520539793
Mitsuki Takahata,0.3333333333333333,Acting,高畑充希,0.38598781908783647
Jack Kao,0.6666666666666666,Acting,高捷,0.39154112504028626
Kellan Lutz,0.6666666666666666,Acting,Kellan Lutz,0.3456602401474271
Koichi Sato,0.6666666666666666,Acting,佐藤浩市,0.3904172416927667
Karolina Wydra,0.3333333333333333,Acting,Karolina Wydra,0.37332760373195384
Chie Nakamura,0.3333333333333333,Acting,中村千絵,0.35789073539984634
Elyas M'Barek,0.6666666666666666,Acting,Elyas M'Barek,0.4028460693006305
Rachel Cook,0.3333333333333333,Acting,Rachel Cook,0.43672784668908926
Yuki Amami,0.3333333333333333,Acting,天海祐希,0.3576593476518276
Dan Byrd,0.6666666666666666,Acting,Dan Byrd,0.32209174524208944
Park Sung-Hoon,0.6666666666666666,Acting,박성훈,0.36598930658050227
Jolene Blalock,0.3333333333333333,Acting,Jolene Blalock,0.36549347569189067
Yumiko Nogawa,0.3333333333333333,Acting,野川由美子,0.30781181565007565
Lee Da-Hee,0.3333333333333333,Acting,이다희,0.3848308803477427
David Duchovny,0.6666666666666666,Acting,David Duchovny,0.32824004826087316
Kevin Feige,0.6666666666666666,Production,Kevin Feige,0.2983579733738813
Rachel Keller,0.3333333333333333,Acting,Rachel Keller,0.3406358204761629
Kawamata Shu,0.0,Acting,Kawamata Shu,0.43028204513713864
Isabelle Fuhrman,0.3333333333333333,Acting,Isabelle Fuhrman,0.3399086018395326
Ishirō Honda,0.6666666666666666,Directing,本多猪四郎,0.3365038964043997
Liao Fan,0.6666666666666666,Acting,廖凡,0.4056888330620037
Amy Poehler,0.3333333333333333,Acting,Amy Poehler,0.40952325860059996
Christine Ng Wing-Mei,0.3333333333333333,Acting,伍詠薇,0.32195952367179304
Cheng Xiao,0.3333333333333333,Acting,程潇,0.32255452073812696
Scott Foley,0.6666666666666666,Acting,Scott Foley,0.36903040269732007
Brittany Allen,0.3333333333333333,Acting,Brittany Allen,0.36869984877157896
Adam Baldwin,0.6666666666666666,Acting,Adam Baldwin,0.3532299250468974
Suzuka Ohgo,0.3333333333333333,Acting,大後寿々花,0.38304588914874105
Matt Leblanc,0.6666666666666666,Acting,Matt LeBlanc,0.3637415398854631
Jason Pai Piao,0.6666666666666666,Acting,白彪,0.33901610624003176
Jennifer Hudson,0.3333333333333333,Acting,Jennifer Hudson,0.3579237907924204
Elias Koteas,0.6666666666666666,Acting,Elias Koteas,0.3787817435066813
Jorge Rivero,0.6666666666666666,Acting,Jorge Rivero,0.31557983290499053
Jolie Hoang-Rappaport,0.3333333333333333,Acting,Jolie Hoang-Rappaport,0.350949102959284
Alan Alda,0.6666666666666666,Acting,Alan Alda,0.3664851374691139
Harry Dean Stanton,0.6666666666666666,Acting,Harry Dean Stanton,0.33309919096926677
Miki Maya,0.3333333333333333,Acting,真矢ミキ,0.2893999619862985
Andrew Lincoln,0.6666666666666666,Acting,Andrew Lincoln,0.3495277210785974
Daisy Li,0.3333333333333333,Acting,李沐宸,0.3304878149559124
Miyuki Komatsu,0.3333333333333333,Acting,小松みゆき,0.381789784230925
Siddharth,0.6666666666666666,Acting,Siddharth,0.4483302894826005
Misato Morita,0.3333333333333333,Acting,森田望智,0.388665305886339
Ryuuzaburou Ootomo,0.6666666666666666,Acting,大友龍三郎,0.39177251278830505
Lily Tomlin,0.3333333333333333,Acting,Lily Tomlin,0.38238478129725895
Elizabeth Berkley,0.3333333333333333,Acting,Elizabeth Berkley,0.32562867224751874
Judd Apatow,0.6666666666666666,Directing,Judd Apatow,0.34106554057962635
Catherine Mccormack,0.3333333333333333,Acting,Catherine McCormack,0.3917394573957309
Kim Hye-Soo,0.3333333333333333,Acting,김혜수,0.43583535108958843
Rodrigo Santoro,0.6666666666666666,Acting,Rodrigo Santoro,0.47146906428447477
Tatsuya Gashûin,0.6666666666666666,Acting,我修院達也,0.32883504532720703
Rumi Hiiragi,0.3333333333333333,Acting,柊瑠美,0.4301498235668421
Rodolfo Salas,0.6666666666666666,Acting,Rodolfo Salas,0.40053219182044314
Jung Kook,0.6666666666666666,Acting,정국,0.3517093769884885
Shonda Rhimes,0.3333333333333333,Writing,Shonda Rhimes,0.28397887760414514
Jessica Capshaw,0.3333333333333333,Acting,Jessica Capshaw,0.3894916907006917
Koshi Mizukami,0.6666666666666666,Acting,水上恒司,0.4446611409068747
Louis Gossett Jr.,0.6666666666666666,Acting,Louis Gossett Jr.,0.29039162376352173
Moses Lawalata,0.0,Acting,Moses Lawalata,0.42674511813170923
Josh Segarra,0.6666666666666666,Acting,Josh Segarra,0.2950193787238966
Tsugumi Nagasawa,0.3333333333333333,Acting,長澤つぐみ,0.3872769793982266
Jeon Ji-Hak,0.6666666666666666,Acting,전지학,0.37950896214331165
Lin-Manuel Miranda,0.6666666666666666,Sound,Lin-Manuel Miranda,0.2858960903734433
Liv Lisa Fries,0.3333333333333333,Acting,Liv Lisa Fries,0.4801956879240387
Miki Nakatani,0.3333333333333333,Acting,中谷美紀,0.3632787643894256
Cary Grant,0.6666666666666666,Acting,Cary Grant,0.5117635878323099
David Cronenberg,0.6666666666666666,Directing,David Cronenberg,0.39474749811997456
Naoki Yamamoto,0.6666666666666666,Writing,山本直樹,0.33792527828508623
Misato Fukuen,0.3333333333333333,Acting,福圓美里,0.3245047888999992
Taylor Kinney,0.6666666666666666,Acting,Taylor Kinney,0.5654124899800841
Paul Reiser,0.6666666666666666,Acting,Paul Reiser,0.35984100356171855
Yuriko Ishida,0.3333333333333333,Acting,石田ゆり子,0.3858225421249659
Minoru Chiaki,0.6666666666666666,Acting,千秋実,0.38578948673239183
Hong Sang-Soo,0.6666666666666666,Directing,홍상수,0.3856903205546695
Kim Min-Jae,0.6666666666666666,Acting,김민재,0.3856572651620954
Deanie Ip,0.3333333333333333,Acting,葉德嫻,0.38562420976952133
Thomas Doherty,0.6666666666666666,Acting,Thomas Doherty,0.38549198819922487
Renn Kiriyama,0.6666666666666666,Acting,桐山漣,0.3854589328066507
Clea Duvall,0.3333333333333333,Acting,Clea DuVall,0.3853267112363543
Trevor Larcom,0.6666666666666666,Acting,Trevor Larcom,0.38509532348833564
Josh Holloway,0.6666666666666666,Acting,Josh Holloway,0.38509532348833564
Christina Milian,0.3333333333333333,Acting,Christina Milian,0.3850622680957615
Tasuku Hatanaka,0.6666666666666666,Acting,畠中祐,0.3849961573106133
Miho Nomoto,0.3333333333333333,Acting,野本美穂,0.3849631019180392
Ami Tomite,0.3333333333333333,Acting,冨手麻妙,0.38493004652546503
Shiho,0.3333333333333333,Acting,志保,0.38489699113289094
Elliott Carr,0.6666666666666666,Acting,Elliott Carr,0.42529068085844857
Toshiyuki Nishida,0.6666666666666666,Acting,西田敏行,0.42529068085844857
Jeon So-Young,0.3333333333333333,Acting,전소영,0.42519151468072625
Perdita Weeks,0.3333333333333333,Acting,Perdita Weeks,0.42512540389557807
Yua Shinkawa,0.3333333333333333,Acting,新川優愛,0.42502623771785575
Collin Chou,0.6666666666666666,Acting,鄒兆龍,0.4249601269327075
Chin Ka-Lok,0.6666666666666666,Acting,錢嘉樂,0.42486096075498514
Michael York,0.6666666666666666,Acting,Michael York,0.42469568379211464
Greg Kinnear,0.6666666666666666,Acting,Greg Kinnear,0.42469568379211464
Yoo In-Soo,0.6666666666666666,Acting,유인수,0.4246295730069664
Jang Mi,0.3333333333333333,Acting,Jang Mi,0.4245965176143923
Bobby Moynihan,0.6666666666666666,Acting,Bobby Moynihan,0.4245965176143923
Noah Galvin,0.6666666666666666,Acting,Noah Galvin,0.42453040682924414
Gao Yuanyuan,0.3333333333333333,Acting,高圆圆,0.42449735143667
Dominic West,0.6666666666666666,Acting,Dominic West,0.42449735143667
Billy Connolly,0.6666666666666666,Acting,Billy Connolly,0.4244642960440959
Kevin Tighe,0.6666666666666666,Acting,Kevin Tighe,0.4244312406515218
Neil Flynn,0.6666666666666666,Acting,Neil Flynn,0.42439818525894774
Oriana Ferrero,0.0,Acting,Oriana Ferrero,0.4243320744737995
Billy Boyd,0.6666666666666666,Acting,Billy Boyd,0.4242659636886513
Utkarsh Ambudkar,0.6666666666666666,Acting,Utkarsh Ambudkar,0.38307894454131514
Chinami Nishimura,0.3333333333333333,Acting,西村ちなみ,0.38304588914874105
Mamoru Hosoda,0.6666666666666666,Directing,細田守,0.38301283375616696
Dick Wei,0.6666666666666666,Acting,狄威,0.3829797783635928
Helen Slater,0.3333333333333333,Acting,Helen Slater,0.3829467229710187
Chika Anzai,0.3333333333333333,Acting,安済知佳,0.3829136675784446
Kate Mckinnon,0.3333333333333333,Acting,Kate McKinnon,0.3829136675784446
Bob Gunton,0.6666666666666666,Acting,Bob Gunton,0.3829136675784446
Mark Williams,0.6666666666666666,Acting,Mark Williams,0.38284755679329635
Dylan Mcdermott,0.6666666666666666,Acting,Dylan McDermott,0.38284755679329635
Vijay Sethupathi,0.6666666666666666,Acting,Vijay Sethupathi,0.3827814460081482
Ding Xiaoying,0.3333333333333333,Acting,丁笑滢,0.3826161690452776
Lily Franky,0.6666666666666666,Acting,リリー・フランキー,0.3826161690452776
Sul Kyung-Gu,0.6666666666666666,Acting,설경구,0.3826161690452776
Erika Eleniak,0.3333333333333333,Acting,Erika Eleniak,0.3826161690452776
Hend Sabry,0.3333333333333333,Acting,هند صبري,0.38241783668983304
Rina Kitagawa,0.3333333333333333,Acting,北川里奈,0.28378054524870056
Rachelle Lefevre,0.3333333333333333,Acting,Rachelle Lefevre,0.38208728276409193
Yeon Joo,0.3333333333333333,Acting,Yeon Joo,0.3820211719789437
Phuwin Tangsakyuen,0.6666666666666666,Acting,ภูวินทร์ ตั้งศักดิ์ยืน,0.3818228396234991
Cameron Boyce,0.6666666666666666,Acting,Cameron Boyce,0.3818228396234991
Isabella Wong,0.3333333333333333,Acting,黄曼凝,0.381789784230925
Park Si-Yeon,0.3333333333333333,Acting,박시연,0.381789784230925
Austin Abrams,0.6666666666666666,Acting,Austin Abrams,0.3817236734457768
Debora Caprioglio,0.3333333333333333,Acting,Debora Caprioglio,0.3817236734457768
Asami Ogawa,0.3333333333333333,Acting,小川亜佐美,0.38162450726805447
Victoria Principal,0.3333333333333333,Acting,Victoria Principal,0.36430348155922293
Aimi Satsukawa,0.3333333333333333,Acting,佐津川愛美,0.2860944227288879
Tim Blake Nelson,0.6666666666666666,Acting,Tim Blake Nelson,0.43391813832029025
Ebru Şahin,0.3333333333333333,Acting,Ebru Şahin,0.36803874092009686
Joe Alwyn,0.6666666666666666,Acting,Joe Alwyn,0.3533621466171938
Ko A-Sung,0.3333333333333333,Acting,고아성,0.33673528415241843
Andrea Deck,0.3333333333333333,Acting,Andrea Deck,0.3288681007197812
Yura Borisov,0.6666666666666666,Acting,Юра Борисов,0.40605244238031885
Naohito Fujiki,0.6666666666666666,Acting,藤木直人,0.3943838888016594
Shuichi Ikeda,0.6666666666666666,Acting,池田秀一,0.484625110528969
Kate Mulgrew,0.3333333333333333,Acting,Kate Mulgrew,0.34294969795635033
Angus Cloud,0.6666666666666666,Acting,Angus Cloud,0.3737242684428431
Frankie Muniz,0.6666666666666666,Acting,Frankie Muniz,0.32609144774355625
Ivana Baquero,0.3333333333333333,Acting,Ivana Baquero,0.38112867637944287
Robert Ri'Chard,0.6666666666666666,Acting,Robert Ri'chard,0.2639473097042369
Christine Elise,0.3333333333333333,Acting,Christine Elise,0.3345866836351015
Ichiro Okouchi,0.6666666666666666,Writing,大河内一楼,0.3694270674082093
Kelli Giddish,0.3333333333333333,Acting,Kelli Giddish,0.26229454007553155
Brian De Palma,0.6666666666666666,Directing,Brian De Palma,0.3458916278954458
David Suchet,0.6666666666666666,Acting,David Suchet,0.368997347304746
Jeffrey Tambor,0.6666666666666666,Acting,Jeffrey Tambor,0.3716748341032486
Isabel Myers,0.3333333333333333,Acting,Isabel Myers,0.3878719764645605
Ayaka Ohashi,0.3333333333333333,Acting,大橋彩香,0.43024898974456444
Tomoko Tabata,0.3333333333333333,Acting,田畑智子,0.25915427778099154
Gina Rodriguez,0.3333333333333333,Acting,Gina Rodriguez,0.44380170069994795
Françoise Arnoul,0.3333333333333333,Acting,Françoise Arnoul,0.22884248279053623
Sayuri Yahagi,0.3333333333333333,Acting,矢作紗友里,0.3476766190944476
Tan Kai,0.6666666666666666,Acting,谭凯,0.43084398681089836
Kathleen Quinlan,0.3333333333333333,Acting,Kathleen Quinlan,0.33419001892421224
Eduardo Scarpetta,0.6666666666666666,Acting,Eduardo Scarpetta,0.30751431711690863
Naphat Siangsomboon,0.6666666666666666,Acting,ณภัทร เสียงสมบุญ,0.44872695419348974
Atsushi Abe,0.6666666666666666,Acting,阿部敦,0.327876438942558
Anson Mount,0.6666666666666666,Acting,Anson Mount,0.34685023428009487
Olivier Richters,0.6666666666666666,Acting,Olivier Richters,0.3237775702633689
Yutaka Aoyama,0.6666666666666666,Acting,青山穣,0.3676751316017817
Ditlef Eckhoff,0.0,Acting,Ditlef Eckhoff,0.2907221776892628
Thomas Haden Church,0.6666666666666666,Acting,Thomas Haden Church,0.3193481476584386
Ryo Hirohashi,0.3333333333333333,Acting,広橋涼,0.2914824517184672
Takahiro Mizushima,0.6666666666666666,Acting,水島大宙,0.34770967448702167
Paola Troncoso,0.3333333333333333,Acting,Paola Troncoso,0.22299167830491945
Alex Høgh Andersen,0.6666666666666666,Acting,Alex Høgh Andersen,0.37061706154087715
Rebel Wilson,0.3333333333333333,Acting,Rebel Wilson,0.3576593476518276
Goran Višnjić,0.6666666666666666,Acting,Goran Višnjić,0.4025155153748895
Michael Mckean,0.6666666666666666,Acting,Michael McKean,0.43699228982968213
Jill Ireland,0.3333333333333333,Acting,Jill Ireland,0.3698237321190986
Kim Ji-Eun,0.3333333333333333,Acting,김지은,0.3454288523994083
Charisma Carpenter,0.3333333333333333,Acting,Charisma Carpenter,0.33210752919204356
Eduardo Pérez,0.6666666666666666,Acting,Eduardo Pérez,0.4374550653257196
Sonequa Martin-Green,0.3333333333333333,Acting,Sonequa Martin-Green,0.3437099719855548
Zhu Yawen,0.6666666666666666,Acting,朱亚文,0.36033683445033016
Jayne Ashbourne,0.3333333333333333,Acting,Jayne Ashbourne,0.2891355188457057
Arin,0.3333333333333333,Acting,아린,0.32592617078068575
Jordi Mollà,0.6666666666666666,Acting,Jordi Mollà,0.2590551116032692
Li Xian,0.6666666666666666,Acting,李现,0.3241081241891099
Glenn Howerton,0.6666666666666666,Acting,Glenn Howerton,0.4148782321976051
Bokeem Woodbine,0.6666666666666666,Acting,Bokeem Woodbine,0.32966143014155974
Thomas Kretschmann,0.6666666666666666,Acting,Thomas Kretschmann,0.3190175937326976
Jake Johnson,0.6666666666666666,Acting,Jake Johnson,0.3680056855275228
Andrea Parker,0.3333333333333333,Acting,Andrea Parker,0.2867224751877959
Kazunari Ninomiya,0.6666666666666666,Acting,二宮和也,0.3616590501532944
Yoshino Nanjo,0.3333333333333333,Acting,南條愛乃,0.31399317406143346
Storm Reid,0.3333333333333333,Acting,Storm Reid,0.37653397681164213
Cinzia Roccaforte,0.3333333333333333,Acting,Cinzia Roccaforte,0.37653397681164213
Jeon Bae-Soo,0.6666666666666666,Acting,전배수,0.37650092141906805
Kayo Noro,0.3333333333333333,Acting,野呂佳代,0.3764348106339198
Josie Totah,0.3333333333333333,Acting,Josie Totah,0.3764348106339198
Elizabeth Mcgovern,0.3333333333333333,Acting,Elizabeth McGovern,0.37636869984877164
Estella Warren,0.3333333333333333,Acting,Estella Warren,0.3763356444561975
Sara Minami,0.3333333333333333,Acting,南沙良,0.3763025890636234
Li Xinze,0.6666666666666666,Acting,李欣泽,0.3763025890636234
Takaya Hashi,0.6666666666666666,Acting,土師孝也,0.3761042567081787
Manny Montana,0.6666666666666666,Acting,Manny Montana,0.3759720351378823
Elliott Carr,0.6666666666666666,Acting,Elliott Carr,0.3759389797453082
Jason Patric,0.6666666666666666,Acting,Jason Patric,0.3759059243527341
Toby Stephens,0.6666666666666666,Acting,Toby Stephens,0.37587286896016003
Karthik Subbaraj,0.6666666666666666,Directing,Karthik Subbaraj,0.3758067581750118
Nayanthara,0.3333333333333333,Acting,Nayanthara,0.3757406473898636
Stephen King,0.6666666666666666,Writing,Stephen King,0.4147129552347346
John Magaro,0.6666666666666666,Acting,John Magaro,0.330983645844524
Jang Ki-Yong,0.6666666666666666,Acting,장기용,0.3476766190944476
Hana Sugisaki,0.3333333333333333,Acting,杉咲花,0.469684073085473
Ke Ying,0.3333333333333333,Acting,柯颖,0.3730962159839351
Barbara Hale,0.3333333333333333,Acting,Barbara Hale,0.34235470089001646
Jun Fukushima,0.6666666666666666,Acting,福島潤,0.371509557140378
Moe Yuki,0.3333333333333333,Acting,結城モエ,0.29925046897338214
Sarah Pidgeon,0.3333333333333333,Acting,Sarah Pidgeon,0.29597798510854567
Eva Huang Shengyi,0.3333333333333333,Acting,黄圣依,0.36202265947160955
Kyōko Aizome,0.3333333333333333,Acting,愛染恭子,0.31667066085993606
Lesley-Ann Brandt,0.3333333333333333,Acting,Lesley-Ann Brandt,0.334421406672231
Kō Nishimura,0.6666666666666666,Acting,西村晃,0.2796816765695114
Ben Lam Kwok-Bun,0.6666666666666666,Acting,林國斌,0.3873761455759489
Sharon Chan Man-Chi,0.3333333333333333,Acting,陳敏之,0.2730705980546902
Ludacris,0.6666666666666666,Acting,Ludacris,0.36509681098100144
Raymond Wong Pak-Ming,0.6666666666666666,Acting,黃百鳴,0.37428621011660296
Anna Mikhalkova,0.3333333333333333,Acting,Анна Михалкова,0.4354717417712732
David Costabile,0.6666666666666666,Acting,David Costabile,0.3867480931170409
Taiga Nakano,0.6666666666666666,Acting,仲野太賀,0.37435232090175113
Justice Smith,0.6666666666666666,Acting,Justice Smith,0.37435232090175113
Evelyn Macken,0.0,Crew,Evelyn Macken,0.37428621011660296
Timothy Simons,0.6666666666666666,Acting,Timothy Simons,0.37428621011660296
Lee Zoo-Young,0.3333333333333333,Acting,이주영,0.37415398854630644
Shawn Yue Man-Lok,0.6666666666666666,Acting,余文樂,0.37415398854630644
Ken Mitsuishi,0.6666666666666666,Acting,光石研,0.37412093315373235
Melissa Sue Anderson,0.3333333333333333,Acting,Melissa Sue Anderson,0.37395565619086185
Bonnie Hunt,0.3333333333333333,Acting,Bonnie Hunt,0.37395565619086185
Rowan Blanchard,0.3333333333333333,Acting,Rowan Blanchard,0.37392260079828776
Nikolai Gogol,0.6666666666666666,Writing,Николай  Гоголь,0.3738895454057136
Wong Ching,0.6666666666666666,Acting,王青,0.3738895454057136
Kelly Lynch,0.3333333333333333,Acting,Kelly Lynch,0.37379037922799135
Andrew Scott,0.6666666666666666,Acting,Andrew Scott,0.37369121305026903
Nana Okada,0.3333333333333333,Acting,岡田奈々,0.3736251022651208
Jung Seo-Yoon,0.3333333333333333,Acting,Jung Seo-yoon,0.3735259360873984
Hideo Murota,0.6666666666666666,Acting,室田日出男,0.36744374385376294
Chris Reid,0.6666666666666666,Acting,Chris Reid,0.33131419977026505
Madison Iseman,0.3333333333333333,Acting,Madison Iseman,0.36357626292259254
Shiori Mikami,0.3333333333333333,Acting,三上枝織,0.36248543496764707
Tatsuya Fuji,0.6666666666666666,Acting,藤竜也,0.3265211678470197
Fiona Sit Hoi-Kei,0.3333333333333333,Acting,薛凱琪,0.3547835284978803
Finn Little,0.6666666666666666,Acting,Finn Little,0.3893264137378212
Natalie Morales,0.3333333333333333,Acting,Natalie Morales,0.38869836127891316
Lin Ziye,0.6666666666666666,Acting,林子烨,0.32956226396383737
Mrunal Thakur,0.3333333333333333,Acting,Mrunal Thakur,0.3117454073663943
Ju Jin-Mo,0.6666666666666666,Acting,주진모,0.3373302812187523
Kim Yong-Ji,0.3333333333333333,Acting,김용지,0.5283904502970853
Laura Prepon,0.3333333333333333,Acting,Laura Prepon,0.3368344503301407
Eileen Yeow,0.3333333333333333,Acting,姚瑩瑩,0.3054648827773141
Paige Turco,0.3333333333333333,Acting,Paige Turco,0.37177400028097085
Nicky Whelan,0.3333333333333333,Acting,Nicky Whelan,0.34612301564346454
Melis Sezen,0.3333333333333333,Acting,Melis Sezen,0.33157864291085787
Paisley Cadorath,0.3333333333333333,Acting,Paisley Cadorath,0.36714624532059603
Hwang Jung-Min,0.6666666666666666,Acting,황정민,0.3726995512730458
Sarah Lancaster,0.3333333333333333,Acting,Sarah Lancaster,0.3726334404878976
Shelley Duvall,0.3333333333333333,Acting,Shelley Duvall,0.3726003850953235
Yoshiko Kuga,0.3333333333333333,Acting,久我美子,0.3725012189176012
Tamaki Orie,0.3333333333333333,Acting,織江珠生,0.3723028865621566
Erika Jordan,0.3333333333333333,Acting,Erika Jordan,0.3723028865621566
Ben Hardy,0.6666666666666666,Acting,Ben Hardy,0.3149517804460825
Koji Shiraishi,0.6666666666666666,Directing,白石晃士,0.3721045542067119
Sonya Cassidy,0.3333333333333333,Acting,Sonya Cassidy,0.3327025262583775
Steve Guttenberg,0.6666666666666666,Acting,Steve Guttenberg,0.3719723326364155
Mike Faist,0.6666666666666666,Acting,Mike Faist,0.33623945326380683
Millie Brady,0.3333333333333333,Acting,Millie Brady,0.37187316645869317
He Jiong,0.6666666666666666,Acting,何炅,0.37187316645869317
Wong Yat-Fei,0.6666666666666666,Acting,黃一飛,0.37187316645869317
Amin Joseph,0.6666666666666666,Acting,Amin Joseph,0.3716748341032486
Alex Kingston,0.3333333333333333,Acting,Alex Kingston,0.37164177871067444
Joanna Cassidy,0.3333333333333333,Acting,Joanna Cassidy,0.37164177871067444
Joe Cheung Tung-Cho,0.6666666666666666,Acting,張同祖,0.37157566792552615
Dominic West,0.6666666666666666,Acting,Dominic West,0.37154261253295207
Mai Shiraishi,0.3333333333333333,Acting,白石麻衣,0.30523349502929537
Jesse Hutch,0.6666666666666666,Acting,Jesse Hutch,0.3714765017478039
Mert Dogan,0.6666666666666666,Acting,Mert Dogan,0.37144344635522974
James Preston Rogers,0.6666666666666666,Acting,James Preston Rogers,0.37144344635522974
Jeon So-Nee,0.3333333333333333,Acting,전소니,0.37141039096265566
Grant Gustin,0.6666666666666666,Acting,Grant Gustin,0.37141039096265566
Mohamed Saad,0.6666666666666666,Acting,محمد سعد,0.37137733557008157
Judd Hirsch,0.6666666666666666,Acting,Judd Hirsch,0.37121205860721107
Mikihisa Azuma,0.6666666666666666,Acting,東幹久,0.37111289242948875
Jason Palmer,0.0,Acting,Jason Palmer,0.37101372625176643
Aidan Quinn,0.6666666666666666,Acting,Aidan Quinn,0.37098067085919234
Brett Ratner,0.6666666666666666,Directing,Brett Ratner,0.37091456007404405
Gregg Henry,0.6666666666666666,Acting,Gregg Henry,0.37088150468146996
Lupe Vélez,0.3333333333333333,Acting,Lupe Vélez,0.37081539389632173
Tejasswi Prakash,0.3333333333333333,Acting,Tejasswi Prakash,0.37078233850374764
Joo Ah,0.3333333333333333,Acting,Joo Ah,0.3706831723260253
Sıla Türkoğlu,0.3333333333333333,Acting,Sıla Türkoğlu,0.3705509507557289
Hisao Dazai,0.6666666666666666,Acting,太宰久雄,0.3705509507557289
Georgia Hirst,0.3333333333333333,Acting,Georgia Hirst,0.3703856737928584
Yaya Dacosta,0.3333333333333333,Acting,Yaya DaCosta,0.37035261840028433
Elizabeth Hurley,0.3333333333333333,Acting,Elizabeth Hurley,0.37025345222256195
José Zúñiga,0.6666666666666666,Acting,José Zúñiga,0.3702203968299878
Lim Se-Mi,0.3333333333333333,Acting,임세미,0.36998900908196913
June Lockhart,0.3333333333333333,Acting,June Lockhart,0.36998900908196913
Toshiki Masuda,0.6666666666666666,Acting,増田俊樹,0.3697576213339504
Nikhila Vimal,0.3333333333333333,Acting,Nikhila Vimal,0.36969151054880217
Rita Hayworth,0.3333333333333333,Acting,Rita Hayworth,0.3695923443710798
Olivia Holt,0.3333333333333333,Acting,Olivia Holt,0.3695592889785057
Joseph Zada,0.6666666666666666,Acting,Joseph Zada,0.3695262335859316
Nicole Courcel,0.3333333333333333,Acting,Nicole Courcel,0.3695262335859316
Jung Kyung-Ho,0.6666666666666666,Acting,정경호,0.36949317819335753
Mindy Kaling,0.3333333333333333,Acting,Mindy Kaling,0.3845333818145758
David Bradley,0.6666666666666666,Acting,David Bradley,0.4146468444495864
Bradley James,0.6666666666666666,Acting,Bradley James,0.34020610037269955
Shawn Wayans,0.6666666666666666,Acting,Shawn Wayans,0.30758042790205686
Yuka Nukui,0.3333333333333333,Acting,貫井柚佳,0.25029543257113107
Kirby Howell-Baptiste,0.3333333333333333,Acting,Kirby Howell-Baptiste,0.31951342462130916
Lam Tze-Chung,0.6666666666666666,Acting,林子聰,0.3465527357469279
Kim So-Yeon,0.3333333333333333,Acting,김소연,0.31951342462130916
Yurika Kubo,0.3333333333333333,Acting,久保ユリカ,0.32609144774355625
Kim Raver,0.3333333333333333,Acting,Kim Raver,0.31498483583865666
Eiko Masuyama,0.3333333333333333,Acting,増山江威子,0.294523547835285
Max Martini,0.6666666666666666,Acting,Max Martini,0.32926476543067046
Nani,0.6666666666666666,Acting,Nani,0.3448007999405003
Joyce Godenzi,0.3333333333333333,Acting,高麗虹,0.3480071730201886
Shuya Sophia Cai,0.3333333333333333,Acting,Shuya Sophia Cai,0.3519738201290813
Honami Sato,0.3333333333333333,Acting,ほな・いこか,0.29792825327041794
Gallen Lo Ka-Leung,0.6666666666666666,Acting,羅嘉良,0.2616664876166236
Lyric Lan,0.3333333333333333,Acting,蓝盈莹,0.2564106801973407
Koichi Sakamoto,0.6666666666666666,Directing,坂本浩一,0.3338594649984712
Lake Bell,0.3333333333333333,Acting,Lake Bell,0.3311489228073945
Ricky He,0.6666666666666666,Acting,Ricky He,0.3268186663801866
Ryo Sugisaki,0.6666666666666666,Acting,杉崎亮,0.29634159442686087
Kaneta Kimotsuki,0.6666666666666666,Acting,肝付 兼太,0.2782933500813989
Kazue Komiya,0.3333333333333333,Acting,小宮和枝,0.3791784082175706
Jacinda Barrett,0.3333333333333333,Acting,Jacinda Barrett,0.35865100942905076
Yuko Sanpei,0.3333333333333333,Acting,三瓶由布子,0.40625077473576343
Hideki Takahashi,0.6666666666666666,Acting,高橋英樹,0.3276781065871134
Lars Huang,0.6666666666666666,Acting,黄子弘凡,0.2942921600872662
Ramya Krishnan,0.3333333333333333,Acting,Ramya Krishnan,0.38367394160764906
Mai Fuchigami,0.3333333333333333,Acting,渕上舞,0.33782611210736396
Iori Saeki,0.3333333333333333,Acting,佐伯伊織,0.3156789990827129
Riki Takeuchi,0.6666666666666666,Acting,竹内力,0.3685015164161344
Yoji Enokido,0.6666666666666666,Writing,榎戸洋司,0.22956970142716654
So Jeong,0.3333333333333333,Acting,So Jeong,0.38668198233189266
Corey Stoll,0.6666666666666666,Acting,Corey Stoll,0.38155839648290624
Alfred Cheung Kin-Ting,0.6666666666666666,Acting,張堅庭,0.3868472592947632
Dana Point,0.0,Acting,Dana Point,0.03272483864836499
Maggie Lawson,0.3333333333333333,Acting,Maggie Lawson,0.3002421307506053
Roberto Benigni,0.6666666666666666,Acting,Roberto Benigni,0.29601104050111976
Fumino Kimura,0.3333333333333333,Acting,木村文乃,0.3398755464469585
Shinya Tsukamoto,0.6666666666666666,Directing,塚本晋也,0.49516978076010876
Bella Shepard,0.3333333333333333,Acting,Bella Shepard,0.2571709542265452
Sosuke Ikematsu,0.6666666666666666,Acting,池松壮亮,0.3175301010668628
Anthony Anderson,0.6666666666666666,Acting,Anthony Anderson,0.3353800130568801
Aaron Sorkin,0.6666666666666666,Writing,Aaron Sorkin,0.26312092488988426
Wang Xiao,0.6666666666666666,Acting,王骁,0.32612450313613034
Yu Nan,0.3333333333333333,Acting,余男,0.3915080696477121
Bille August,0.6666666666666666,Directing,Bille August,0.44909056351180493
Idina Menzel,0.3333333333333333,Acting,Idina Menzel,0.38592170830268824
Lai Yumeng,0.3333333333333333,Acting,賴雨濛,0.3310167012370981
Dong Jie,0.3333333333333333,Acting,董潔,0.46677519853895166
Joan Van Ark,0.3333333333333333,Acting,Joan Van Ark,0.3153815005495459
Eleonora Giorgi,0.3333333333333333,Acting,Eleonora Giorgi,0.2891355188457057
Carlo Ponti,0.6666666666666666,Production,Carlo Ponti,0.30526655042186945
Ken Marino,0.6666666666666666,Acting,Ken Marino,0.4324306456544555
Kimiko Glenn,0.3333333333333333,Acting,Kimiko Glenn,0.40800271054219106
Chris Noth,0.6666666666666666,Acting,Chris Noth,0.3065226553396855
Ahn Jae-Hong,0.6666666666666666,Acting,안재홍,0.3552793593864919
Asami Sanada,0.3333333333333333,Acting,真田アサミ,0.34628829260633504
Jeong Hye-Young,0.3333333333333333,Acting,정혜영,0.3545190853572875
David Lyons,0.6666666666666666,Acting,David Lyons,0.3317439198737284
Patrick J. Adams,0.6666666666666666,Acting,Patrick J. Adams,0.3242403457594063
Mayu Hotta,0.3333333333333333,Acting,堀田真由,0.3551471378161955
Kevin Lawson,0.6666666666666666,Acting,Kevin Lawson,0.3997719177912387
Wang Yanlin,0.6666666666666666,Acting,王彦霖,0.34152831607566375
Tony Danza,0.6666666666666666,Acting,Tony Danza,0.3551140824236214
Ben Miller,0.6666666666666666,Acting,Ben Miller,0.3466849573172243
Debra Winger,0.3333333333333333,Acting,Debra Winger,0.33055392574106063
B.J. Novak,0.6666666666666666,Acting,B.J. Novak,0.37745952780371705
Catherine Mary Stewart,0.3333333333333333,Acting,Catherine Mary Stewart,0.3326694708658034
Setsuko Hara,0.3333333333333333,Acting,原節子,0.44823112330487813
Rena Tanaka,0.3333333333333333,Acting,田中麗奈,0.37696369691510556
Zhang Yi,0.6666666666666666,Acting,张译,0.44909056351180493
Ryota Iwasaki,0.6666666666666666,Acting,岩崎諒太,0.4118701914733615
Donald Pleasence,0.6666666666666666,Acting,Donald Pleasence,0.3366691733672702
Guan Xiaotong,0.3333333333333333,Acting,关晓彤,0.35504797163847324
Aoi Miyazaki,0.3333333333333333,Acting,宮﨑あおい,0.34090026361675574
Venkatesh,0.6666666666666666,Acting,Venkatesh,0.3731292713765092
Josh Groban,0.6666666666666666,Acting,Josh Groban,0.2560470708790255
Ryuichi Sakamoto,0.6666666666666666,Sound,坂本龍一,0.3056962705253329
Doh Kyung-Soo,0.6666666666666666,Acting,도경수,0.39461527654967815
Katusha Robert,0.0,Acting,Katusha Robert,0.3645018139146675
Jerry Lee,0.6666666666666666,Acting,李晨,0.3645018139146675
Mary Stuart Masterson,0.3333333333333333,Acting,Mary Stuart Masterson,0.36446875852209343
Hamish Linklater,0.6666666666666666,Acting,Hamish Linklater,0.3644026477369452
Junko Iwao,0.3333333333333333,Acting,岩男潤子,0.3644026477369452
Victoria Song,0.3333333333333333,Acting,宋茜,0.364336536951797
Shawn Dou,0.6666666666666666,Acting,窦骁,0.36423737077407464
Ra Mi-Ran,0.3333333333333333,Acting,라미란,0.36420431538150055
Huo Siyan,0.3333333333333333,Acting,霍思燕,0.3641712599889264
Eden Sher,0.3333333333333333,Acting,Eden Sher,0.36407209381120414
Adam Goldberg,0.6666666666666666,Acting,Adam Goldberg,0.36403903841863
Emilie De Ravin,0.3333333333333333,Acting,Emilie de Ravin,0.3640059830260559
Yorgos Lanthimos,0.6666666666666666,Directing,Γιώργος Λάνθιμος,0.36393987224090774
Craig T. Nelson,0.6666666666666666,Acting,Craig T. Nelson,0.3639068168483336
Tomomichi Nishimura,0.6666666666666666,Acting,西村知道,0.3638737614557595
Gao Han,0.6666666666666666,Acting,高寒,0.3638076506706113
Felix,0.6666666666666666,Acting,필릭스,0.3632126536042774
Choi Young-Jun,0.6666666666666666,Acting,최영준,0.363080432033981
Dean Shek Tin,0.6666666666666666,Acting,石天,0.36301432124883276
Ken Karunaas,0.6666666666666666,Acting,Ken Karunas,0.3629812658562587
Pej Vahdat,0.6666666666666666,Acting,Pej Vahdat,0.3629812658562587
Rosa Salazar,0.3333333333333333,Acting,Rosa Salazar,0.362782933500814
Paige Spara,0.3333333333333333,Acting,Paige Spara,0.36265071193051757
Eunice Bae,0.3333333333333333,Acting,Eunice Bae,0.3625846011453694
Shinnosuke Tachibana,0.6666666666666666,Acting,立花慎之介,0.36255154575279525
Jung Chae-Yeon,0.3333333333333333,Acting,정채연,0.362452379575073
Nana Komatsu,0.3333333333333333,Acting,小松菜奈,0.36238626878992475
Natsuna Watanabe,0.3333333333333333,Acting,夏菜,0.3622540472196283
Jimmy Wang Yu,0.6666666666666666,Acting,王羽,0.36215488104190596
Natsumi Kawaida,0.3333333333333333,Acting,川井田夏海,0.36205571486418364
Daniella Pineda,0.3333333333333333,Acting,Daniella Pineda,0.36205571486418364
Michael Pitt,0.6666666666666666,Acting,Michael Pitt,0.3570643505854937
Go Min-Si,0.3333333333333333,Acting,고민시,0.3352477914865837
Adam Rodriguez,0.6666666666666666,Acting,Adam Rodriguez,0.316968159393103
Baek Yoon-Jae,0.3333333333333333,Acting,Baek Yoon-jae,0.3673445776760406
Mimi Kung,0.3333333333333333,Acting,龔慈恩,0.3508499367815617
Imelda Staunton,0.3333333333333333,Acting,Imelda Staunton,0.41963820872827645
Yami Gautam Dhar,0.3333333333333333,Acting,Yami Gautam,0.34880050244196714
David Morrissey,0.6666666666666666,Acting,David Morrissey,0.25105570660033555
Dennis Greene,0.6666666666666666,Acting,Dennis Greene,0.2972010346337876
Michiko Yokote,0.3333333333333333,Writing,横手美智子,0.354981860853325
Jacklyn Wu Chien-Lien,0.3333333333333333,Acting,吳倩蓮,0.35643629812658567
Ki Hong Lee,0.6666666666666666,Acting,Ki Hong Lee,0.3524035402325447
James Saito,0.6666666666666666,Acting,James Saito,0.5785354808320042
Vanessa Williams,0.3333333333333333,Acting,Vanessa Williams,0.309795139204522
Nanase Nishino,0.3333333333333333,Acting,西野七瀬,0.3520399309142295
Raymond Ho-Yin Wong,0.6666666666666666,Acting,黃浩然,0.3522382632696741
Kim Moo-Yul,0.6666666666666666,Acting,김무열,0.4267781735242833
Anthony Perkins,0.6666666666666666,Acting,Anthony Perkins,0.3748481517903627
Luna Lauren Vélez,0.3333333333333333,Acting,Luna Lauren Vélez,0.3275458850168169
Wendy Crewson,0.3333333333333333,Acting,Wendy Crewson,0.36836929484583797
Power Chan Kwok-Pong,0.6666666666666666,Acting,陳國邦,0.3579237907924204
Gara Takashima,0.3333333333333333,Acting,高島雅羅,0.32209174524208944
Kanata Hongo,0.6666666666666666,Acting,本郷奏多,0.2822269417977175
Zhu Yilong,0.6666666666666666,Acting,朱一龙,0.3273144972687982
Wang Mian,0.3333333333333333,Acting,Wang Mian,0.34354469502268425
Bao Jianfeng,0.6666666666666666,Acting,保剑锋,0.3262897800990009
Annette Badland,0.3333333333333333,Acting,Annette Badland,0.38797114264228283
Kanon Tani,0.3333333333333333,Acting,谷花音,0.3421894239271459
Paul Feig,0.6666666666666666,Directing,Paul Feig,0.37762480476658766
Amy Hill,0.3333333333333333,Acting,Amy Hill,0.3944169441942335
Winfried Glatzeder,0.6666666666666666,Acting,Winfried Glatzeder,0.2666909072878877
Robert Forster,0.6666666666666666,Acting,Robert Forster,0.3660554173656505
Anushka Kaushik,0.3333333333333333,Acting,Anushka Kaushik,0.29822575180358485
Malik Bentalha,0.6666666666666666,Acting,Malik Bentalha,0.32305035162673856
Yuuki Takada,0.3333333333333333,Acting,高田憂希,0.38770669950169
Brett Cullen,0.6666666666666666,Acting,Brett Cullen,0.4093579816377294
Scott Caan,0.6666666666666666,Acting,Scott Caan,0.3606343329834971
Amanda Crew,0.3333333333333333,Acting,Amanda Crew,0.3605021114132007
Mary Mccormack,0.3333333333333333,Acting,Mary McCormack,0.3605021114132007
Akira Takarada,0.6666666666666666,Acting,宝田明,0.36046905602062657
Ai Mi,0.3333333333333333,Acting,艾米,0.3604360006280525
Miho Kanno,0.3333333333333333,Acting,菅野美穂,0.3603698898429043
Pedro Cardoso,0.6666666666666666,Acting,Pedro Cardoso,0.3602707236651819
Rino Katase,0.3333333333333333,Acting,かたせ梨乃,0.3602046128800337
Daiki Nakamura,0.6666666666666666,Acting,中村大樹,0.3601715574874596
Joe Bird,0.6666666666666666,Acting,Joe Bird,0.36010544670231137
Mouni Roy,0.3333333333333333,Acting,Mouni Roy,0.3600723913097373
Madhuri Dixit,0.3333333333333333,Acting,Madhuri Dixit,0.3600723913097373
Noah Galvin,0.6666666666666666,Acting,Noah Galvin,0.3600393359171632
Kim Hie-Won,0.6666666666666666,Acting,김희원,0.3600062805245891
Manami Hashimoto,0.3333333333333333,Acting,橋本マナミ,0.35997322513201496
Woo Fung,0.6666666666666666,Acting,胡楓,0.35980794816914446
Allen Leech,0.6666666666666666,Acting,Allen Leech,0.35967572659884806
Kieran Culkin,0.6666666666666666,Acting,Kieran Culkin,0.379310629787867
Billy Dee Williams,0.6666666666666666,Acting,Billy Dee Williams,0.3366691733672702
Michaela Coel,0.3333333333333333,Acting,Michaela Coel,0.2826236065086068
Tomokazu Miura,0.6666666666666666,Acting,三浦友和,0.3062251568065185
Mikako Tabe,0.3333333333333333,Acting,多部未華子,0.34437107983703696
Francesca Xuereb,0.3333333333333333,Acting,Francesca Xuereb,0.37507953953838147
Hunter Doohan,0.6666666666666666,Acting,Hunter Doohan,0.35075077060383936
Anne Watanabe,0.3333333333333333,Acting,杏,0.3672454114983183
Vincent Regan,0.6666666666666666,Acting,Vincent Regan,0.2849044285962201
Wu Tianqi,0.3333333333333333,Acting,吴天琪,0.32387673644109116
Fung Hak-On,0.6666666666666666,Acting,馮克安,0.3463874587840574
Nana,0.3333333333333333,Acting,나나,0.373063160591361
Alejandro G. Iñárritu,0.6666666666666666,Directing,Alejandro G. Iñárritu,0.3393466601657728
Wang Tianchen,0.6666666666666666,Acting,王天辰,0.4024824599823154
Philip Jackson,0.6666666666666666,Acting,Philip Jackson,0.2560140154864514
Mao Inoue,0.3333333333333333,Acting,井上真央,0.32926476543067046
Matt Lauria,0.6666666666666666,Acting,Matt Lauria,0.3585848986439025
Izabela Vidovic,0.3333333333333333,Acting,Izabela Vidovic,0.3584857324661802
Angelique Boyer,0.3333333333333333,Acting,Angelique Boyer,0.35841962168103203
Mike Angelo,0.6666666666666666,Acting,Mike Angelo,0.3582874001107356
Hal Holbrook,0.6666666666666666,Acting,Hal Holbrook,0.3582543447181614
Mika Kanai,0.3333333333333333,Acting,かないみか,0.35822128932558733
Billy Crystal,0.6666666666666666,Acting,Billy Crystal,0.35818823393301324
Shmuel Levy,0.6666666666666666,Acting,שמוליק לוי,0.35802295697014275
Mercedes Resino,0.3333333333333333,Acting,Mercedes Resino,0.35789073539984634
Carlos Abrego,0.6666666666666666,Acting,Carlos Abrego,0.3577254584369758
Kanako Mitsuhashi,0.3333333333333333,Acting,三橋加奈子,0.3577254584369758
Peter Benson,0.6666666666666666,Acting,Peter Benson,0.3576593476518276
Koutaro Nishiyama,0.6666666666666666,Acting,西山宏太朗,0.29650687138973136
Kazuya Kamihoriuchi,0.6666666666666666,Directing,上堀内佳寿也,0.29025940219322527
Monica Raymund,0.3333333333333333,Acting,Monica Raymund,0.3241081241891099
Sofia Vassilieva,0.3333333333333333,Acting,Sofia Vassilieva,0.324438678114851
Karim Fahmy,0.6666666666666666,Writing,Karim Fahmy,0.27181449313687417
Moon So-Ri,0.3333333333333333,Acting,문소리,0.4479005693791371
Jane Leeves,0.3333333333333333,Acting,Jane Leeves,0.47341933244634704
Kim Sung-Ryung,0.3333333333333333,Acting,김성령,0.2843755423150345
William Levy,0.6666666666666666,Acting,William Levy,0.43233147947673317
Chen Minghao,0.6666666666666666,Acting,陈明昊,0.34645356956920564
Adrian Pasdar,0.6666666666666666,Acting,Adrian Pasdar,0.32866976836433653
Kim Yeong-Ok,0.3333333333333333,Acting,김영옥,0.43292647654306704
Rade Šerbedžija,0.6666666666666666,Acting,Rade Šerbedžija,0.3179267657777521
Ryan Eggold,0.6666666666666666,Acting,Ryan Eggold,0.29855630572932595
Alex O'Loughlin,0.6666666666666666,Acting,Alex O'Loughlin,0.326950887950483
Morning Chang,0.6666666666666666,Acting,張晨光,0.3290664330752259
Moon Sang-Hoon,0.6666666666666666,Acting,문상훈,0.3865828161541704
Manfred Richter,0.6666666666666666,Acting,Manfred Richter,0.3096298622416514
Rj Mitte,0.6666666666666666,Acting,RJ Mitte,0.3749142625755109
Lee Siu-Kay,0.6666666666666666,Acting,李兆基,0.31075374558917107
Xu Zhisheng,0.6666666666666666,Acting,徐志胜,0.4480327909494335
Bai Xinyi,0.3333333333333333,Acting,白昕怡,0.347511342131577
Guillermo Díaz,0.6666666666666666,Acting,Guillermo Díaz,0.35756018147410523
Michael Hirst,0.6666666666666666,Writing,Michael Hirst,0.16686362171408736
Pedro Almodóvar,0.6666666666666666,Directing,Pedro Almodóvar,0.3039112793263311
Anthony Timpano,0.6666666666666666,Acting,Anthony Timpano,0.29009412523035477
Nigel Cooke,0.6666666666666666,Acting,Nigel Cooke,0.34453635679990746
Su Burcu Yazgı Coşkun,0.3333333333333333,Acting,Su Burcu Yazgı Coşkun,0.29346577527291356
Britt Ekland,0.3333333333333333,Acting,Britt Ekland,0.26298870331958785
Yoshiyuki Momose,0.6666666666666666,Directing,百瀬義行,0.32222396681238585
Jodie Whittaker,0.3333333333333333,Acting,Jodie Whittaker,0.30272128519366326
Ansel Elgort,0.6666666666666666,Acting,Ansel Elgort,0.3486021700865225
Choi Si-Won,0.6666666666666666,Acting,최시원,0.4321662025138626
Bill Weston,0.6666666666666666,Crew,Bill Weston,0.2727400441289491
Jimmy Fallon,0.6666666666666666,Acting,Jimmy Fallon,0.3473130097761324
Rick Moranis,0.6666666666666666,Acting,Rick Moranis,0.442578651174706
Sue Randall,0.3333333333333333,Acting,Sue Randall,0.2826566619011809
Rakesh Bedi,0.6666666666666666,Acting,Rakesh Bedi,0.41292796403573284
Edgar Wright,0.6666666666666666,Directing,Edgar Wright,0.37795535869232866
Ryosuke Yamada,0.6666666666666666,Acting,山田涼介,0.26877339702005637
Martin Landau,0.6666666666666666,Acting,Martin Landau,0.34136303911279325
Agnes Moorehead,0.3333333333333333,Acting,Agnes Moorehead,0.29908519201051165
Harris Dickinson,0.6666666666666666,Acting,Harris Dickinson,0.3401730449801254
Lee Sung-Kyung,0.3333333333333333,Acting,이성경,0.31700121478567717
Mariko Tsutsui,0.3333333333333333,Acting,筒井真理子,0.3158773314381575
Harvey Korman,0.6666666666666666,Acting,Harvey Korman,0.326950887950483
Hu Xianxu,0.6666666666666666,Acting,胡先煦,0.38664892693931857
Kentaro Sakaguchi,0.6666666666666666,Acting,坂口健太郎,0.3890289152046542
Naoya Uchida,0.6666666666666666,Acting,内田直哉,0.2876149707872968
Kenny Wong Tak-Ban,0.6666666666666666,Acting,黃德斌,0.35346131279491605
Dennis Haysbert,0.6666666666666666,Acting,Dennis Haysbert,0.3533952020097679
Yasuomi Umetsu,0.6666666666666666,Directing,梅津泰臣,0.35332909122461964
Anna Maguire,0.3333333333333333,Acting,Anna Maguire,0.3532299250468974
Fala Chen,0.3333333333333333,Acting,陳法拉,0.35316381426174914
Tetiana Gaidar,0.3333333333333333,Acting,Tetiana Gaidar,0.35313075886917505
Go Soo,0.6666666666666666,Acting,고수,0.3530646480840268
Masatomo Nakazawa,0.6666666666666666,Acting,中澤まさとも,0.35303159269145273
Ayaka Asai,0.3333333333333333,Acting,朝井彩加,0.35289937112115627
Tarusuke Shingaki,0.6666666666666666,Acting,新垣樽助,0.35263492798056345
Daiki Hamano,0.6666666666666666,Acting,濱野大輝,0.35253576180284113
Nick Jonas,0.6666666666666666,Acting,Nick Jonas,0.35237048483997063
Gong Min-Jeung,0.3333333333333333,Acting,공민정,0.3522052078771
Mason Gooding,0.6666666666666666,Acting,Mason Gooding,0.35217215248452594
Kerimhan Duman,0.6666666666666666,Acting,Kerimhan Duman,0.39078085101108184
Jerald Napoles,0.6666666666666666,Acting,Jerald Napoles,0.39078085101108184
Akira Takarada,0.6666666666666666,Acting,宝田明,0.3906155740482113
Sıla Türkoğlu,0.3333333333333333,Acting,Sıla Türkoğlu,0.3905825186556372
Seray Kaya,0.3333333333333333,Acting,Seray Kaya,0.3904502970853408
Charles Grodin,0.6666666666666666,Acting,Charles Grodin,0.3904502970853408
Atsushi Tamaru,0.6666666666666666,Acting,田丸篤志,0.39038418630019256
Liselotte Pulver,0.3333333333333333,Acting,Liselotte Pulver,0.39038418630019256
Scott Wolf,0.6666666666666666,Acting,Scott Wolf,0.39035113090761847
Mike Vogel,0.6666666666666666,Acting,Mike Vogel,0.39035113090761847
Atsuro Watabe,0.6666666666666666,Acting,渡部篤郎,0.3902519647298961
Aya Uchida,0.3333333333333333,Acting,内田彩,0.390218909337322
Moira Kelly,0.3333333333333333,Acting,Moira Kelly,0.3901197431595997
M. Emmet Walsh,0.6666666666666666,Acting,M. Emmet Walsh,0.3900866877670256
Akihiro Miwa,0.6666666666666666,Acting,美輪明宏,0.39002057698187736
Yoji Yamada,0.6666666666666666,Directing,山田洋次,0.3899875215893033
Karthi,0.6666666666666666,Acting,Karthi,0.3899544661967292
Rei Natsume,0.3333333333333333,Acting,夏目玲,0.3899214108041551
Kei Tanaka,0.6666666666666666,Acting,田中圭,0.38988835541158096
Bill Bixby,0.6666666666666666,Acting,Bill Bixby,0.38988835541158096
Sumi Shimamoto,0.3333333333333333,Acting,島本須美,0.3514118784553215
Kim Young-Kwang,0.6666666666666666,Acting,김영광,0.3513127122775992
Kirk Douglas,0.6666666666666666,Acting,Kirk Douglas,0.35108132452958046
Shouta Aoi,0.6666666666666666,Acting,蒼井翔太,0.350949102959284
Osamu Saka,0.6666666666666666,Acting,阪脩,0.350949102959284
Gloria Reuben,0.3333333333333333,Acting,Gloria Reuben,0.350949102959284
Mayumi Shou,0.3333333333333333,Acting,荘真由美,0.30685320926542653
Benoît Rousseau,0.6666666666666666,Acting,Benoît Rousseau,0.35088299217413577
Toma Ikuta,0.6666666666666666,Acting,生田斗真,0.3507838259964135
Kim Kang-Woo,0.6666666666666666,Acting,김강우,0.3506846598186912
Lesley-Anne Down,0.3333333333333333,Acting,Lesley-Anne Down,0.35048632746324654
Yoshiaki Kawajiri,0.6666666666666666,Directing,川尻善昭,0.3503871612855243
Eddie Koo Koon Chung,0.6666666666666666,Acting,顧冠忠,0.35032105050037604
Michelle Yim,0.3333333333333333,Acting,米雪,0.3502879951078019
Toby Leonard Moore,0.6666666666666666,Acting,Toby Leonard Moore,0.35914684031766236
Wolter Kroes,0.6666666666666666,Acting,Wolter Kroes,0.3591137849250882
Nick E. Tarabay,0.6666666666666666,Acting,Nick E. Tarabay,0.35904767413994004
Rinoa Halili,0.3333333333333333,Acting,Rinoa Halili,0.3675098546389111
Ryoko Kobayashi,0.3333333333333333,Acting,小林涼子,0.3589154525696436
Toshie Negishi,0.3333333333333333,Acting,根岸季衣,0.3589154525696436
Michael Mosley,0.6666666666666666,Acting,Michael Mosley,0.35871712021419894
Jeong Jae-Kwang,0.6666666666666666,Acting,정재광,0.3586179540364766
Julia Ormond,0.3333333333333333,Acting,Julia Ormond,0.3586179540364766
Randy Martin,0.6666666666666666,Acting,Randy Martin,0.24675850556570172
Toks Olagundoye,0.3333333333333333,Acting,Toks Olagundoye,0.25102265120776146
Hitomi Ueda,0.3333333333333333,Acting,上田瞳,0.327876438942558
Sean Schuyler,0.6666666666666666,Production,Sean Schuyler,0.3488996686196894
Winston Duke,0.6666666666666666,Acting,Winston Duke,0.32007536629506894
Chen Xiao,0.6666666666666666,Acting,陈晓,0.3488666132271153
C.S. Lee,0.6666666666666666,Acting,C.S. Lee,0.34883355783454123
Cariba Heine,0.3333333333333333,Acting,Cariba Heine,0.3487343916568189
Jennifer Stone,0.3333333333333333,Acting,Jennifer Stone,0.3487013362642448
Yumi Kakazu,0.3333333333333333,Acting,かかずゆみ,0.3487013362642448
Junko Mabuki,0.3333333333333333,Acting,麻吹淳子,0.3485360593013743
Riho Sato,0.3333333333333333,Acting,佐藤里穂,0.3484038377310779
Hayato Ichihara,0.6666666666666666,Acting,市原隼人,0.3484038377310779
Masahiko Nishimura,0.6666666666666666,Acting,西村雅彥,0.34837078233850377
Kim Young-Dae,0.6666666666666666,Acting,김영대,0.3481724499830591
Yan Ni,0.3333333333333333,Acting,闫妮,0.3480732838053368
An So-Hee,0.3333333333333333,Acting,안소희,0.3480071730201886
Alice Hirose,0.3333333333333333,Acting,広瀬アリス,0.32909948846779996
Manuela González,0.3333333333333333,Acting,Manuela González,0.38641753919129984
Kate Phillips,0.3333333333333333,Acting,Kate Phillips,0.38641753919129984
Jack Huston,0.6666666666666666,Acting,Jack Huston,0.38628531762100343
Serdar Orçin,0.6666666666666666,Acting,Serdar Orçin,0.38621920683585514
Dick Wei,0.6666666666666666,Acting,狄威,0.38621920683585514
Bette Midler,0.3333333333333333,Acting,Bette Midler,0.38618615144328106
Akihiko Hirata,0.6666666666666666,Acting,平田昭彦,0.38618615144328106
Seung Ha,0.3333333333333333,Acting,채승하,0.38608698526555874
Rica Gonzales,0.3333333333333333,Acting,Rica Gonzales,0.38605392987298465
Blair Brown,0.3333333333333333,Acting,Blair Brown,0.38605392987298465
Alexander Siddig,0.6666666666666666,Acting,Alexander Siddig,0.38605392987298465
Yasuomi Umetsu,0.6666666666666666,Directing,梅津泰臣,0.38598781908783647
Katsunosuke Hori,0.6666666666666666,Acting,堀勝之祐,0.38598781908783647
Makoto Sasaki,0.0,Acting,Makoto Sasaki,0.3859547636952623
Mio Takaki,0.3333333333333333,Acting,高樹澪,0.38592170830268824
Kiichi Nakai,0.6666666666666666,Acting,中井貴一,0.38588865291011415
Miu Tomita,0.3333333333333333,Acting,富田望生,0.38585559751754006
Shouji Yonemura,0.6666666666666666,Writing,米村正二,0.38585559751754006
Lee Sung-Min,0.6666666666666666,Acting,이성민,0.38585559751754006
Shintarō Katsu,0.6666666666666666,Acting,勝新太郎,0.38572337594724365
Jane Levy,0.3333333333333333,Acting,Jane Levy,0.3474782867390029
Dicky Cheung Wai-Kin,0.6666666666666666,Acting,張衞健,0.3474452313464288
Yin Zheng,0.6666666666666666,Acting,尹正,0.34741217595385465
Taeyeon,0.3333333333333333,Acting,태연,0.3473130097761324
David Alan Grier,0.6666666666666666,Acting,David Alan Grier,0.34724689899098415
Lorena Schuett,0.3333333333333333,Acting,Lorena Schuett,0.34714773281326183
Yumia Fujisaki,0.3333333333333333,Acting,藤﨑ゆみあ,0.34711467742068775
James Lafferty,0.6666666666666666,Acting,James Lafferty,0.34711467742068775
David Hayman,0.6666666666666666,Acting,David Hayman,0.34711467742068775
Mariette Hartley,0.3333333333333333,Acting,Mariette Hartley,0.34708162202811366
Alex Jennings,0.6666666666666666,Acting,Alex Jennings,0.34708162202811366
Colm Feore,0.6666666666666666,Acting,Colm Feore,0.34708162202811366
Michelle Bai,0.3333333333333333,Acting,白冰,0.34704856663553957
Tien Feng,0.6666666666666666,Acting,田丰,0.34698245585039134
Ben Barnes,0.6666666666666666,Acting,Ben Barnes,0.34688328967266896
Lee Hyo-Je,0.6666666666666666,Acting,이효제,0.34671801270979846
Monica Mok Siu-Kei,0.3333333333333333,Acting,莫小棋,0.34671801270979846
Ryota Takeuchi,0.6666666666666666,Acting,竹内良太,0.3466849573172243
Masumi Asano,0.3333333333333333,Acting,浅野真澄,0.3088365328198729
Juri Ueno,0.3333333333333333,Acting,上野樹里,0.3317769752663025
Yuri Amano,0.3333333333333333,Acting,天野由梨,0.35005660735978317
Chapman To Man-Chat,0.6666666666666666,Acting,杜汶澤,0.300142964572883
Michelle Wai Si-Nga,0.3333333333333333,Acting,衞詩雅,0.36142766240527563
Lee Jae-In,0.3333333333333333,Acting,이재인,0.39203695592889787
Cheung Kwok-Keung,0.6666666666666666,Acting,張國強,0.31673677164508424
Haruki Ishiya,0.6666666666666666,Acting,石谷春貴,0.35375881132808307
Linda Hunt,0.3333333333333333,Acting,Linda Hunt,0.37498037336065915
Brooke Smith,0.3333333333333333,Acting,Brooke Smith,0.41054797577039726
Melissa Barrera,0.3333333333333333,Acting,Melissa Barrera,0.28718525068383344
Steve Pemberton,0.6666666666666666,Acting,Steve Pemberton,0.28675553058037007
Jace Norman,0.6666666666666666,Acting,Jace Norman,0.38317811071903746
Paz Vega,0.3333333333333333,Acting,Paz Vega,0.4026146815526118
Aarif Rahman,0.6666666666666666,Acting,李治廷,0.41276268707286234
Joan Allen,0.3333333333333333,Acting,Joan Allen,0.2636498111710699
Junko Noda,0.3333333333333333,Acting,野田順子,0.26252592782355033
Talulah Riley,0.3333333333333333,Acting,Talulah Riley,0.32873587914948477
Lisa Chiao Chiao,0.3333333333333333,Acting,焦姣,0.3071176524060194
Sei Shiraishi,0.3333333333333333,Acting,白石聖,0.3147534480906379
Kathy Chow Hoi-Mei,0.3333333333333333,Acting,周海媚,0.3158112206530093
Brian J. White,0.6666666666666666,Acting,Brian J. White,0.2915816178961895
Shiho Fujimura,0.3333333333333333,Acting,藤村志保,0.2941929939095439
Jillian Bell,0.3333333333333333,Acting,Jillian Bell,0.26546785776264575
Frank Oz,0.6666666666666666,Acting,Frank Oz,0.26282342635671724
Manatsu Akimoto,0.3333333333333333,Acting,秋元真夏,0.3151831681941013
Naomi Ohzora,0.3333333333333333,Acting,大空直美,0.37709591848540197
Sei Ikeno,0.6666666666666666,Sound,池野成,0.3310828120222463
Sayumi Watabe,0.3333333333333333,Acting,渡部紗弓,0.2574684527597121
Lena Dunham,0.3333333333333333,Directing,Lena Dunham,0.3691295688750424
Reiko Kataoka,0.3333333333333333,Acting,片岡礼子,0.3091340313530399
Ricky Whittle,0.6666666666666666,Acting,Ricky Whittle,0.3175631564594369
Amane Okayama,0.6666666666666666,Acting,岡山天音,0.2522126453404292
Lee Hanee,0.3333333333333333,Acting,이하늬,0.36139460701270154
Lau Kong,0.6666666666666666,Acting,劉江,0.3448999661182226
Bobby Yip Kin-Sang,0.6666666666666666,Acting,八兩金,0.34483385533307437
梁佳芯,0.0,Acting,梁佳芯,0.3448007999405003
Pongsapak Udomphoch,0.6666666666666666,Acting,พงศภัค อุดมโภชน์,0.3448007999405003
Bojana Novaković,0.3333333333333333,Acting,Bojana Novaković,0.3448007999405003
Toshihito Ito,0.6666666666666666,Acting,伊藤俊人,0.34470163376277796
Ren Osugi,0.6666666666666666,Acting,大杉漣,0.34470163376277796
Salome Salvi,0.3333333333333333,Acting,Salome Salvi,0.3446355229776298
Shinji Kawada,0.6666666666666666,Acting,川田紳司,0.3446024675850557
Kotone Furukawa,0.3333333333333333,Acting,古川琴音,0.34456941219248155
Qin Hao,0.6666666666666666,Acting,秦昊,0.34453635679990746
Teresa Ha Ping,0.3333333333333333,Acting,夏萍,0.34437107983703696
Jürgen Prochnow,0.6666666666666666,Acting,Jürgen Prochnow,0.34437107983703696
Lars Mikkelsen,0.6666666666666666,Acting,Lars Mikkelsen,0.3442719136593146
Cheng Pei-Pei,0.3333333333333333,Acting,鄭佩佩,0.34420580287416636
Ryo,0.3333333333333333,Acting,りょう,0.3441396920890182
Kim Seo-Hyung,0.3333333333333333,Acting,김서형,0.34407358130386995
Dan Hedaya,0.6666666666666666,Acting,Dan Hedaya,0.25016321100083466
Dominic Monaghan,0.6666666666666666,Acting,Dominic Monaghan,0.3244056227222769
Saki Takaoka,0.3333333333333333,Acting,高岡早紀,0.3425530332454611
Chizuru Ikewaki,0.3333333333333333,Acting,池脇千鶴,0.28701997372096294
Tae Kimura,0.3333333333333333,Acting,木村多江,0.33594195473063987
Karl Glusman,0.6666666666666666,Acting,Karl Glusman,0.39091307258137825
Mirai Shida,0.3333333333333333,Acting,志田未来,0.3165053838970655
Hirofumi Nojima,0.6666666666666666,Acting,野島裕史,0.26645951953986896
Cherie Chung Cho-Hung,0.3333333333333333,Acting,鍾楚紅,0.3455280185771306
Hinata Tadokoro,0.6666666666666666,Acting,田所陽向,0.29796130866299203
Rya Kihlstedt,0.3333333333333333,Acting,Rya Kihlstedt,0.23862687899247165
Jim Pirri,0.6666666666666666,Acting,Jim Pirri,0.18666380186597692
Vedhika,0.3333333333333333,Acting,Vedhika,0.29620937285656435
Andrea Riva,0.0,Costume & Make-Up,Andrea Riva,0.025849316992950917
Yoko Kamon,0.3333333333333333,Acting,嘉門洋子,0.36741068846118885
Ai Shimizu,0.3333333333333333,Acting,清水愛,0.3380905552479568
Sabrina Zhuang,0.3333333333333333,Acting,庄达菲,0.339412770950921
Yuma Yamoto,0.6666666666666666,Acting,矢本悠馬,0.30741515093918637
Justin Roiland,0.6666666666666666,Acting,Justin Roiland,0.3213645266054591
Liu Jiaxi,0.3333333333333333,Acting,柳佳希,0.22728887933955327
Ma Li,0.3333333333333333,Acting,马丽,0.38033534695766436
Max Zhang,0.6666666666666666,Acting,张晋,0.3896569676635623
Sophie Thompson,0.3333333333333333,Acting,Sophie Thompson,0.3158442760455834
Ronny Cox,0.6666666666666666,Acting,Ronny Cox,0.28635886586948084
Ludi Lin,0.6666666666666666,Acting,Ludi Lin,0.3800709038170715
Edi Gathegi,0.6666666666666666,Acting,Edi Gathegi,0.3683362394532638
Nathan Lane,0.6666666666666666,Acting,Nathan Lane,0.3813931195200357
Glenne Headly,0.3333333333333333,Acting,Glenne Headly,0.3184225966663637
Yan An,0.6666666666666666,Acting,Yan An,0.26679007346561
Damian Lau Chung-Yan,0.6666666666666666,Acting,劉松仁,0.36572486343990945
Masaya Fukunishi,0.6666666666666666,Acting,福西勝也,0.35617185498599274
Yuno Ohara,0.3333333333333333,Acting,大原優乃,0.36122933004983104
Yu Zhongli,0.3333333333333333,Acting,Yu Zhongli,0.32539728449950006
Yuko Sasaki,0.3333333333333333,Acting,佐々木優子,0.3755092596418448
Lee Marvin,0.6666666666666666,Acting,Lee Marvin,0.3149517804460825
Seo Jeong-Yeon,0.3333333333333333,Acting,서정연,0.26579841168838686
Omar Benson Miller,0.6666666666666666,Acting,Omar Benson Miller,0.27247560098835627
Lei Jiayin,0.6666666666666666,Acting,雷佳音,0.30685320926542653
Lee Remick,0.3333333333333333,Acting,Lee Remick,0.34787495144989217
Kim Hee-Jung,0.3333333333333333,Acting,김희정,0.3419580361791272
Naz Çağla Irmak,0.3333333333333333,Acting,Naz Çağla Irmak,0.341891925393979
Toby Wallace,0.6666666666666666,Acting,Toby Wallace,0.34172664843110845
Ai Nonaka,0.3333333333333333,Acting,野中藍,0.34166053764596027
Lee Chae-Min,0.6666666666666666,Acting,이채민,0.3415613714682379
Zhang Songwen,0.6666666666666666,Acting,张颂文,0.3414622052905156
M.C. Gainey,0.6666666666666666,Acting,M.C. Gainey,0.3412969283276451
Bruce Davison,0.6666666666666666,Acting,Bruce Davison,0.3412969283276451
Paul W. S. Anderson,0.6666666666666666,Directing,Paul W. S. Anderson,0.34119776214992276
Richard Dean Anderson,0.6666666666666666,Acting,Richard Dean Anderson,0.34116470675734867
Sidse Babett Knudsen,0.3333333333333333,Acting,Sidse Babett Knudsen,0.34109859597220044
Will Sasso,0.6666666666666666,Acting,Will Sasso,0.34106554057962635
Jim Beaver,0.6666666666666666,Acting,Jim Beaver,0.34103248518705226
Tang Yixin,0.3333333333333333,Acting,唐艺昕,0.3409994297944781
Motoko Kumai,0.3333333333333333,Acting,くまいもとこ,0.340966374401904
Ray Nicholson,0.6666666666666666,Acting,Ray Nicholson,0.32040592022081005
Eric André,0.6666666666666666,Acting,Eric André,0.2882099678536307
Julie Bourges,0.3333333333333333,Acting,Julie Bourges,0.37782313712203225
Arón Piper,0.6666666666666666,Acting,Arón Piper,0.25171681445181765
Lee Hae-Yeong,0.6666666666666666,Acting,이해영,0.43689312365195976
Riccardo Billi,0.6666666666666666,Acting,Riccardo Billi,0.33584278855291755
Jorja Fox,0.3333333333333333,Acting,Jorja Fox,0.33785916749993805
John Boyega,0.6666666666666666,Acting,John Boyega,0.28080555991703093
Alicia Coppola,0.3333333333333333,Acting,Alicia Coppola,0.3479410622350404
Oliver Reed,0.6666666666666666,Acting,Oliver Reed,0.3785834111512367
Ken Wong,0.6666666666666666,Acting,王合喜,0.3475774529167252
Serkan Çayoğlu,0.6666666666666666,Acting,Serkan Çayoğlu,0.3011676817426803
Dan Castellaneta,0.6666666666666666,Acting,Dan Castellaneta,0.3257278384252411
Zo In-Sung,0.6666666666666666,Acting,조인성,0.4360667388376071
Jessica Barden,0.3333333333333333,Acting,Jessica Barden,0.3187862059846788
Jonathan Tucker,0.6666666666666666,Acting,Jonathan Tucker,0.3075473725094828
Nana Natsume,0.3333333333333333,Acting,夏目ナナ,0.343478584237536
Glynn Turman,0.6666666666666666,Acting,Glynn Turman,0.3004735184986241
Keiko Tsushima,0.3333333333333333,Acting,津島恵子,0.35931211728053286
Honami Suzuki,0.3333333333333333,Acting,鈴木保奈美,0.28986273748233604
Kiko Mizuhara,0.3333333333333333,Acting,水原希子,0.30523349502929537
George Hamilton,0.6666666666666666,Acting,George Hamilton,0.27465725689824727
Maria Miles,0.3333333333333333,Acting,Maria Miles,0.08422514027882225
George C. Scott,0.6666666666666666,Acting,George C. Scott,0.23938715302167607
Aju Makita,0.3333333333333333,Acting,蒔田彩珠,0.27300448726954196
Aftab Shivdasani,0.6666666666666666,Acting,Aftab Shivdasani,0.31402622945400754
Kanako Higuchi,0.3333333333333333,Acting,樋口可南子,0.5495789569370874
Kosei Tomita,0.6666666666666666,Acting,富田耕生,0.2972010346337876
Andrew W. Walker,0.6666666666666666,Acting,Andrew W. Walker,0.2800452858878265
Carmen López,0.3333333333333333,Acting,Carmen López,0.3312811443776909
Duan Yihong,0.6666666666666666,Acting,段奕宏,0.3129684568916361
Eddie Cheung Siu-Fai,0.6666666666666666,Acting,張兆輝,0.3399747126246808
Keiichi Noda,0.6666666666666666,Acting,野田圭一,0.23542050591278335
Masane Tsukayama,0.6666666666666666,Acting,津嘉山正種,0.3155137221198423
Chikao Ohtsuka,0.6666666666666666,Acting,大塚周夫,0.32589311538811166
James Badge Dale,0.6666666666666666,Acting,James Badge Dale,0.27343420737300533
Nicole Sullivan,0.3333333333333333,Acting,Nicole Sullivan,0.35643629812658567
Stephanie Siao,0.3333333333333333,Acting,蕭薔,0.28665636440264775
Olivia Rodrigo,0.3333333333333333,Acting,Olivia Rodrigo,0.4202001504020362
Takako Tokiwa,0.3333333333333333,Acting,常盤貴子,0.38793808724970874
Daphne Zuniga,0.3333333333333333,Acting,Daphne Zuniga,0.4380831177846276
David Attenborough,0.6666666666666666,Acting,David Attenborough,0.263054814104736
Richard Ayoade,0.6666666666666666,Acting,Richard Ayoade,0.3258600599955375
Hunter Parrish,0.6666666666666666,Acting,Hunter Parrish,0.29382938459122876
Ian Peck,0.6666666666666666,Acting,Ian Peck,0.33752861357419695
Olivia D'Abo,0.3333333333333333,Acting,Olivia D'Abo,0.33852027535142015
Mykelti Williamson,0.6666666666666666,Acting,Mykelti Williamson,0.4732210000909023
Mikako Ichikawa,0.3333333333333333,Acting,市川実日子,0.3837731077853714
Tom Wilkinson,0.6666666666666666,Acting,Tom Wilkinson,0.27806196233338015
Megan Skiendiel,0.3333333333333333,Acting,Megan Skiendiel,0.31448900495004506
Masaaki Mizunaka,0.6666666666666666,Acting,水中雅章,0.31035708087828184
Kristy Yang Rongru,0.3333333333333333,Acting,杨恭如,0.3615929393681461
Takaya Kuroda,0.6666666666666666,Acting,黒田崇矢,0.31515011280152716
Anna Camp,0.3333333333333333,Acting,Anna Camp,0.40066441339073955
Ross Malinger,0.6666666666666666,Acting,Ross Malinger,0.2541298581097274
Luis De Cespedes,0.0,Acting,Luis de Cespedes,0.2514193159186507
Peter Horton,0.6666666666666666,Acting,Peter Horton,0.24335380013056881
Adrian Grenier,0.6666666666666666,Acting,Adrian Grenier,0.2961102066788421
Kiyoshi Atsumi,0.6666666666666666,Acting,渥美清,0.3235792379079242
Joan Collins,0.3333333333333333,Acting,Joan Collins,0.3694270674082093
Akira Terao,0.6666666666666666,Acting,寺尾聰,0.3883678073531721
Taryn Manning,0.3333333333333333,Acting,Taryn Manning,0.31498483583865666
Jolin Jin,0.3333333333333333,Acting,金靖,0.38810336421257924
Nana Eikura,0.3333333333333333,Acting,榮倉奈々,0.3789139650769777
Yoji Tanaka,0.6666666666666666,Acting,田中要次,0.31786065499260385
Toshiro Yanagiba,0.6666666666666666,Acting,柳葉敏郎,0.3096959730267997
Gong Jun,0.6666666666666666,Acting,龚俊,0.4109776958738607
Ni Hongjie,0.3333333333333333,Acting,倪虹洁,0.3325703046880811
Özge Yağız,0.3333333333333333,Acting,Özge Yağız,0.3067209876951301
Danai Gurira,0.3333333333333333,Acting,Danai Gurira,0.3632787643894256
Maiko Kazama,0.3333333333333333,Acting,風間舞子,0.3103240254857077
Sasa Handa,0.3333333333333333,Acting,範田紗々,0.347808840664744
Faizon Love,0.6666666666666666,Acting,Faizon Love,0.2920113379996529
Adam Demos,0.6666666666666666,Acting,Adam Demos,0.292341891925394
Nicholas Braun,0.6666666666666666,Acting,Nicholas Braun,0.23928798684395378
Naravit Lertratkosum,0.6666666666666666,Acting,ณราวิชญ์ เลิศรัตน์โกมุสภ์,0.29604409589369385
Lovie Simone,0.3333333333333333,Acting,Lovie Simone,0.3368013949375666
Montana Jordan,0.6666666666666666,Acting,Montana Jordan,0.33673528415241843
Stanley Tong Gwai-Lai,0.6666666666666666,Directing,唐季禮,0.33673528415241843
Pauley Perrette,0.3333333333333333,Acting,Pauley Perrette,0.3367022287598443
Yuko Kakihara,0.3333333333333333,Writing,柿原優子,0.3365369517969738
Adewale Akinnuoye-Agbaje,0.6666666666666666,Acting,Adewale Akinnuoye-Agbaje,0.3364708410118256
Kei Tanaka,0.6666666666666666,Acting,田中圭,0.3364047302266774
Richard Ng Yiu-Hon,0.6666666666666666,Acting,吳耀漢,0.3363716748341033
Shoya Ishige,0.6666666666666666,Acting,石毛翔弥,0.3361402870860845
Choi Moo-Seong,0.6666666666666666,Acting,최무성,0.3361402870860845
Isabelle Chow Wang,0.3333333333333333,Acting,周弘,0.3303886487781901
Isao Kimura,0.6666666666666666,Acting,木村功,0.3361072316935104
Xiao Yu,0.3333333333333333,Acting,肖雨,0.3360411209083622
Allu Arjun,0.6666666666666666,Acting,అల్లు అర్జున్,0.3360411209083622
Frankie Ng Chi-Hung,0.6666666666666666,Acting,吳志雄,0.3360411209083622
Samuel West,0.6666666666666666,Acting,Samuel West,0.33597501012321396
Julio Jung,0.6666666666666666,Acting,Julio Jung,0.33594195473063987
Tridha Choudhury,0.3333333333333333,Acting,Tridha Choudhury,0.3358758439454917
Dave Chappelle,0.6666666666666666,Acting,Dave Chappelle,0.3358758439454917
Megumi Oohara,0.3333333333333333,Acting,大原めぐみ,0.33584278855291755
Gorō Naya,0.6666666666666666,Acting,納谷悟朗,0.33584278855291755
Raza Murad,0.6666666666666666,Acting,Raza Murad,0.33577667776776937
Seiyo Uchino,0.6666666666666666,Acting,内野聖陽,0.33571056698262114
Samuel Leung Cheuk-Moon,0.6666666666666666,Acting,梁焯滿,0.33571056698262114
Park Yoon-Seo,0.6666666666666666,Directing,박윤서,0.33564445619747296
Michael Kenneth Williams,0.6666666666666666,Acting,Michael Kenneth Williams,0.33561140080489876
John Barrowman,0.6666666666666666,Acting,John Barrowman,0.3355783454123247
Fei Qiming,0.6666666666666666,Acting,费启鸣,0.33547917923460235
Moon Lee Choi-Fung,0.3333333333333333,Acting,李賽鳳,0.33534695766430594
Erika Balagtas,0.3333333333333333,Acting,Erika Balagtas,0.33528084687915777
Ji Sung,0.6666666666666666,Acting,지성,0.33842110917369783
Yoshi Katō,0.6666666666666666,Acting,加藤嘉,0.33187614144402483
Stephen Fung,0.6666666666666666,Acting,馮德倫,0.37921146361014474
Bill Camp,0.6666666666666666,Acting,Bill Camp,0.3752117611086779
Joe Ma Tak-Chung,0.6666666666666666,Acting,馬德鐘,0.38807030882000515
Celia Imrie,0.3333333333333333,Acting,Celia Imrie,0.26969894801213135
Supaporn Malisorn,0.3333333333333333,Acting,สุภาพร มะลิซ้อน,0.3670801345354478
Pihu Singh,0.0,Acting,Pihu Singh,0.30222545430505166
Dyan Cannon,0.3333333333333333,Acting,Dyan Cannon,0.3295953193564115
Kim Hye-Eun,0.3333333333333333,Acting,김혜은,0.2832186035749407
Lakeith Stanfield,0.6666666666666666,Acting,LaKeith Stanfield,0.3705509507557289
May Lo Mei-Wei,0.3333333333333333,Acting,羅美薇,0.32923171003809637
Charlie Yeung Choi-Nei,0.3333333333333333,Acting,楊採妮,0.34374302737812895
Hideyuki Hori,0.6666666666666666,Acting,堀秀行,0.29855630572932595
Ryan Kelley,0.6666666666666666,Acting,Ryan Kelley,0.35600657802312224
Hayashi Risa,0.3333333333333333,Acting,Hayashi Risa,0.33518168070143545
Gerran Howell,0.6666666666666666,Acting,Gerran Howell,0.3869133700799114
Ko Kyu-Pil,0.6666666666666666,Acting,고규필,0.2597162194547513
Shingo Fujimori,0.6666666666666666,Acting,藤森慎吾,0.31875315059210474
Steve Austin,0.6666666666666666,Acting,Steve Austin,0.3403052665504219
James Roday Rodriguez,0.6666666666666666,Acting,James Roday Rodriguez,0.3058284920956293
Jennie Jacques,0.3333333333333333,Acting,Jennie Jacques,0.3747159302200663
Hyunri,0.3333333333333333,Acting,玄理,0.3800709038170715
Mike Starr,0.6666666666666666,Acting,Mike Starr,0.3334628002875819
Yoo Jae-Suk,0.6666666666666666,Acting,유재석,0.34754439752415106
Kim Jae-Won,0.6666666666666666,Acting,김재원,0.3268517217727607
Jo Woo-Jin,0.6666666666666666,Acting,조우진,0.3697576213339504
Chris Lee Yuchun,0.3333333333333333,Acting,李宇春,0.38446727102942757
Jessica Parker Kennedy,0.3333333333333333,Acting,Jessica Parker Kennedy,0.28427637613731205
Claire Davenport,0.3333333333333333,Acting,Claire Davenport,0.3664851374691139
Andrew Stanton,0.6666666666666666,Writing,Andrew Stanton,0.31888537216240115
Kev Adams,0.6666666666666666,Acting,Kev Adams,0.2790866795031775
Judah Lewis,0.6666666666666666,Acting,Judah Lewis,0.3694601228007834
Ralph Macchio,0.6666666666666666,Acting,Ralph Macchio,0.2621953738978092
Keiko Takeshita,0.3333333333333333,Acting,竹下景子,0.3388508292771612
Takayuki Sugo,0.6666666666666666,Acting,菅生隆之,0.3387516630994389
Dominic Cooper,0.6666666666666666,Acting,Dominic Cooper,0.3387516630994389
Kathy Najimy,0.3333333333333333,Acting,Kathy Najimy,0.3387186077068648
Naomi Nishida,0.3333333333333333,Acting,西田尚美,0.33868555231429065
Rhea Ripley,0.3333333333333333,Acting,Rhea Ripley,0.33957804791379154
Masahiro Higashide,0.6666666666666666,Acting,東出昌大,0.3386194415291425
Mackenzie Crook,0.6666666666666666,Acting,Mackenzie Crook,0.3385863861365684
Nicole Eggert,0.3333333333333333,Acting,Nicole Eggert,0.33855333074399424
Hannah Murray,0.3333333333333333,Acting,Hannah Murray,0.33852027535142015
Antoinette Bower,0.3333333333333333,Acting,Antoinette Bower,0.33852027535142015
Ione Skye,0.3333333333333333,Acting,Ione Skye,0.3382558322108273
Yasuhiro Mamiya,0.6666666666666666,Acting,間宮康弘,0.33812361064053087
Martha Plimpton,0.3333333333333333,Acting,Martha Plimpton,0.33812361064053087
Ramón Valdés,0.6666666666666666,Acting,Ramón Valdés,0.2981596410184366
Yu Jun-Sang,0.6666666666666666,Acting,유준상,0.33802444446280855
John Ortiz,0.6666666666666666,Acting,John Ortiz,0.33802444446280855
Clifton Collins Jr.,0.6666666666666666,Acting,Clifton Collins Jr.,0.33157864291085787
Niyathi Kadambi,0.3333333333333333,Acting,Niyathi Kadambi,0.3315455875182837
Wang Ziwen,0.3333333333333333,Acting,王子文,0.33151253212570964
Li Gengxi,0.3333333333333333,Acting,李庚希,0.33144642134056146
Lucas Sommer,0.6666666666666666,Acting,Lucas Sommer,0.3313803105554132
Doug Jones,0.6666666666666666,Acting,Doug Jones,0.33134725516283914
Shawnee Smith,0.3333333333333333,Acting,Shawnee Smith,0.3312811443776909
Louis Paxton,0.6666666666666666,Directing,Louis Paxton,0.33121503359254273
Masanobu Takashima,0.6666666666666666,Acting,高嶋政伸,0.33118197819996864
Ewan Mitchell,0.6666666666666666,Acting,Ewan Mitchell,0.3311489228073945
Nana Asakawa,0.3333333333333333,Acting,浅川梨奈,0.3311489228073945
Hiroya Ishimaru,0.6666666666666666,Acting,石丸博也,0.33104975662967223
Michitaka Tsutsui,0.6666666666666666,Acting,筒井道隆,0.33104975662967223
Melissa George,0.3333333333333333,Acting,Melissa George,0.330983645844524
Nene Hieda,0.3333333333333333,Acting,稗田寧々,0.33095059045194986
Vinessa Shaw,0.3333333333333333,Acting,Vinessa Shaw,0.33095059045194986
Dominic Ho Hou-Man,0.6666666666666666,Acting,何浩文,0.3309175350593757
Hisao Egawa,0.6666666666666666,Acting,江川央生,0.3308844796668016
George Peppard,0.6666666666666666,Acting,George Peppard,0.33085142427422753
Timothy Spall,0.6666666666666666,Acting,Timothy Spall,0.33081836888165345
Frances Tomelty,0.3333333333333333,Acting,Frances Tomelty,0.3307522580965052
Yuko Sanpei,0.3333333333333333,Acting,三瓶由布子,0.33068614731135704
Kim Tae-Hun,0.6666666666666666,Acting,김태훈,0.3306200365262088
Felix Lok Ying-Kwan,0.6666666666666666,Acting,駱應鈞,0.3306200365262088
Sumiko Fuji,0.3333333333333333,Acting,富司純子,0.3305208703484865
Michael Ealy,0.6666666666666666,Acting,Michael Ealy,0.3305208703484865
Colm Meaney,0.6666666666666666,Acting,Colm Meaney,0.3304878149559124
Jin Sun-Kyu,0.6666666666666666,Acting,진선규,0.3304547595633383
Aaron Tveit,0.6666666666666666,Acting,Aaron Tveit,0.3304547595633383
Shirō Yumeno,0.6666666666666666,Writing,夢野史郎,0.33042170417076416
Anton Yelchin,0.6666666666666666,Acting,Anton Yelchin,0.3303886487781901
Laura Vandervoort,0.3333333333333333,Acting,Laura Vandervoort,0.330355593385616
Cynthia Nixon,0.3333333333333333,Acting,Cynthia Nixon,0.3301903164227454
Zhang Kaiying,0.3333333333333333,Acting,張凱瑩,0.3301242056375972
Kim Tae-Woo,0.6666666666666666,Acting,김태우,0.3300911502450231
Yuki Igarashi,0.6666666666666666,Visual Effects,五十嵐祐貴,0.3299919840673008
Peng Xiaoran,0.3333333333333333,Acting,彭小苒,0.3299589286747267
Ray Park,0.6666666666666666,Acting,Ray Park,0.32992587328215256
Kenichirou Matsuda,0.6666666666666666,Acting,松田健一郎,0.3298597624970044
Kate Micucci,0.3333333333333333,Acting,Kate Micucci,0.3298597624970044
Willem De Schryver,0.6666666666666666,Acting,Willem De Schryver,0.32979365171185615
David Eigenberg,0.6666666666666666,Acting,David Eigenberg,0.329727540926708
Elizabeth Montgomery,0.3333333333333333,Acting,Elizabeth Montgomery,0.3296283747489856
Toshiki Inoue,0.6666666666666666,Writing,井上敏樹,0.3295953193564115
Pat Morita,0.6666666666666666,Acting,Pat Morita,0.3294961531786892
Rachael Taylor,0.3333333333333333,Acting,Rachael Taylor,0.3294630977861151
Kim Se-Jeong,0.3333333333333333,Acting,김세정,0.32943004239354096
Kim Hye-Ok,0.3333333333333333,Acting,김혜옥,0.32943004239354096
Marcela Del Valle,0.3333333333333333,Acting,Marcela Del Valle,0.32939698700096687
Galadriel Stineman,0.3333333333333333,Acting,Galadriel Stineman,0.3293308762158187
Kazue Ikura,0.3333333333333333,Acting,伊倉一恵,0.3293308762158187
Hyunjin,0.6666666666666666,Acting,현진,0.32926476543067046
Alyvia Alyn Lind,0.3333333333333333,Acting,Alyvia Alyn Lind,0.3291986546455223
Simran,0.3333333333333333,Acting,Simran,0.3291986546455223
David Hewlett,0.6666666666666666,Acting,David Hewlett,0.32916559925294814
Ricco Ross,0.6666666666666666,Acting,Ricco Ross,0.3290664330752259
Mathieu Carrière,0.6666666666666666,Acting,Mathieu Carrière,0.32900032229007764
Kentaro Kumagai,0.6666666666666666,Acting,熊谷健太郎,0.32893421150492935
Robert Shaw,0.6666666666666666,Acting,Robert Shaw,0.32880198993463294
Hina Kikuchi,0.3333333333333333,Acting,菊地姫奈,0.32860365757918836
Kelly Chen,0.3333333333333333,Acting,陳慧琳,0.32860365757918836
Marilu Henner,0.3333333333333333,Acting,Marilu Henner,0.3285375467940401
Cho Jin-Woong,0.6666666666666666,Acting,조진웅,0.32850449140146604
Max Von Sydow,0.6666666666666666,Acting,Max von Sydow,0.32847143600889195
Rajinikanth,0.6666666666666666,Acting,Rajinikanth,0.3284053252237437
Gab Lagman,0.6666666666666666,Acting,Gab Lagman,0.27135171764083665
Kouichi Souma,0.6666666666666666,Acting,相馬康一,0.3398424910543844
Jack Lowden,0.6666666666666666,Acting,Jack Lowden,0.3328016924360998
Rajkummar Rao,0.6666666666666666,Acting,Rajkummar Rao,0.32268674230842337
Hidetaka Yoshioka,0.6666666666666666,Acting,吉岡秀隆,0.41008520027435974
Malcolm-Jamal Warner,0.6666666666666666,Acting,Malcolm-Jamal Warner,0.2784916824368436
Shane Gillis,0.6666666666666666,Acting,Shane Gillis,0.35547769174193655
Rinako Hirasawa,0.3333333333333333,Acting,平沢里菜子,0.34364386120040663
Aoi Ichikawa,0.6666666666666666,Acting,市川蒼,0.2467254501731276
Jin Ki-Joo,0.3333333333333333,Acting,진기주,0.38760753332396763
Sheila Rosenthal,0.3333333333333333,Acting,Sheila Rosenthal,0.2858960903734433
Jennifer Bini Taylor,0.3333333333333333,Acting,Jennifer Bini Taylor,0.26659174111016537
Tanny Tien-Ni,0.3333333333333333,Acting,恬妮,0.2679470122057037
Masashi Ikeda,0.6666666666666666,Acting,池田匡志,0.2910196762224298
Carol Burnett,0.3333333333333333,Acting,Carol Burnett,0.24831210901668468
Jon Cryer,0.6666666666666666,Acting,Jon Cryer,0.40116024427935115
Gina Lollobrigida,0.3333333333333333,Acting,Gina Lollobrigida,0.27171532695915185
Brad Renfro,0.6666666666666666,Acting,Brad Renfro,0.25687345569337816
Marg Helgenberger,0.3333333333333333,Acting,Marg Helgenberger,0.24057714715434392
Takashi Sasano,0.6666666666666666,Acting,笹野高史,0.2557826277384327
John Nettles,0.6666666666666666,Acting,John Nettles,0.3270169987356313
Anupam Kher,0.6666666666666666,Acting,Anupam Kher,0.31323290003222903
Jay Weidner,0.6666666666666666,Writing,Jay Weidner,0.32070341875397695
Reiko Yoshida,0.3333333333333333,Writing,吉田玲子,0.35022188432265366
Eddie Kaye Thomas,0.6666666666666666,Acting,Eddie Kaye Thomas,0.27508697700171064
Allison Williams,0.3333333333333333,Acting,Allison Williams,0.3779884140849028
Laysla De Oliveira,0.3333333333333333,Acting,Laysla De Oliveira,0.2495021031493525
Yukiyoshi Ozawa,0.6666666666666666,Acting,小澤征悦,0.25879066846267634
Mike Reinhardt,0.6666666666666666,Acting,Mike Reinhardt,0.3617912717235908
Tuppence Middleton,0.3333333333333333,Acting,Tuppence Middleton,0.5329190390797378
Jiro Saito,0.6666666666666666,Acting,斉藤次郎,0.3517424323810626
Bae Woo-Hee,0.3333333333333333,Acting,Bae Woo-hee,0.3263558908841492
Kang Ki-Young,0.6666666666666666,Acting,강기영,0.32632283549157504
Surya Sharma,0.0,Acting,Surya Sharma,0.32622366931385266
Kwon Sang-Woo,0.6666666666666666,Acting,권상우,0.3261575585287045
Uzo Aduba,0.3333333333333333,Acting,Uzo Aduba,0.32609144774355625
Peng Guanying,0.6666666666666666,Acting,彭冠英,0.32589311538811166
Ritchie Coster,0.6666666666666666,Acting,Ritchie Coster,0.325694783032667
Tanjim Saiyara Totini,0.3333333333333333,Acting,Tanjim Saiyara Totini,0.32566172764009294
Johnny Galecki,0.6666666666666666,Acting,Johnny Galecki,0.32556256146237056
Cantinflas,0.6666666666666666,Acting,Cantinflas,0.27852473782941767
Park Hae-Jin,0.6666666666666666,Acting,박해진,0.34377608277070304
Paolla Oliveira,0.3333333333333333,Acting,Paolla Oliveira,0.26662479650273946
Debra Messing,0.3333333333333333,Acting,Debra Messing,0.306357378376815
Robert Bathurst,0.6666666666666666,Acting,Robert Bathurst,0.13066796684544124
Selma Blair,0.3333333333333333,Acting,Selma Blair,0.45332165376129047
Karin Isobe,0.3333333333333333,Acting,礒部花凜,0.33167780908858024
Ben Foster,0.6666666666666666,Acting,Ben Foster,0.2980274194481402
Kiran Abbavaram,0.6666666666666666,Acting,Kiran Abbavaram,0.5269690684163988
Rochelle Aytes,0.3333333333333333,Acting,Rochelle Aytes,0.3439744151261476
Zoe Kazan,0.3333333333333333,Acting,Zoe Kazan,0.34387524894842536
Narumon Phongsupap,0.3333333333333333,Acting,นฤมล พงษ์สุภาพ,0.3072829293688899
Robert Bronzi,0.6666666666666666,Acting,Robert Bronzi,0.1770446826269121
Park Jin-Joo,0.3333333333333333,Acting,박진주,0.28989579287491013
Peter Mullan,0.6666666666666666,Acting,Peter Mullan,0.3396772140915139
Li Jun Li,0.3333333333333333,Acting,Li Jun Li,0.3140923402391558
Kosuke Echigoya,0.6666666666666666,Acting,越後屋コースケ,0.3027543405862374
Darby Stanchfield,0.3333333333333333,Acting,Darby Stanchfield,0.28335082514523713
Tsubasa Yonaga,0.6666666666666666,Acting,代永翼,0.3247031212554438
Morio Kazama,0.6666666666666666,Acting,風間 杜夫,0.3245708996851474
Phil Lamarr,0.6666666666666666,Acting,Phil LaMarr,0.3245047888999992
Francesca Annis,0.3333333333333333,Acting,Francesca Annis,0.324438678114851
Jun Kaname,0.6666666666666666,Acting,要潤,0.3242734011519804
Kaan Urgancıoğlu,0.6666666666666666,Acting,Kaan Urgancıoğlu,0.3242072903668322
Kim Sung-Kyun,0.6666666666666666,Acting,김성균,0.3240420134039617
Jay Simpson,0.6666666666666666,Acting,Jay Simpson,0.3240420134039617
Sally Yeh,0.3333333333333333,Acting,葉蒨文,0.3239759026188135
Ascensión Rodríguez Cerrada,0.0,Acting,Ascensión Rodríguez Cerrada,0.32387673644109116
Steven Williams,0.6666666666666666,Acting,Steven Williams,0.3238436810485171
Moka Kamishiraishi,0.3333333333333333,Acting,上白石萌歌,0.323182573197035
Paul Le Mat,0.6666666666666666,Acting,Paul Le Mat,0.323182573197035
Liu Xiening,0.3333333333333333,Acting,刘些宁,0.32314951780446083
Joel Coen,0.6666666666666666,Directing,Joel Coen,0.32311646241188674
Jun Miho,0.3333333333333333,Acting,美保純,0.3229511854490162
Helena Mattsson,0.3333333333333333,Acting,Helena Mattsson,0.32288507466386795
Jessica Williams,0.3333333333333333,Acting,Jessica Williams,0.32275285309357155
Arata Furuta,0.6666666666666666,Acting,古田新太,0.32275285309357155
Suzanne Cryer,0.3333333333333333,Acting,Suzanne Cryer,0.32275285309357155
Kim Jong-Kook,0.6666666666666666,Acting,김종국,0.32268674230842337
Mika Doi,0.3333333333333333,Acting,土井美加,0.3225214653455528
Morgan Kohan,0.3333333333333333,Acting,Morgan Kohan,0.3224884099529787
Aziz Ansari,0.6666666666666666,Acting,Aziz Ansari,0.3224884099529787
Joe Xu,0.6666666666666666,Acting,徐海乔,0.3223561883826823
Eri Fukatsu,0.3333333333333333,Acting,深津絵里,0.32232313299010823
James Le Gros,0.6666666666666666,Acting,James Le Gros,0.366518192861688
Margaret Colin,0.3333333333333333,Acting,Margaret Colin,0.26262509400127265
Mallory Jansen,0.3333333333333333,Acting,Mallory Jansen,0.2699303357601501
John Glover,0.6666666666666666,Acting,John Glover,0.28936690659372444
Clarke Peters,0.6666666666666666,Acting,Clarke Peters,0.2865902536174995
Mohit Suri,0.6666666666666666,Directing,Mohit Suri,0.2068937021213298
Julie Kavner,0.3333333333333333,Acting,Julie Kavner,0.24137047657612243
Marius De Saeger,0.6666666666666666,Acting,Marius De Saeger,0.28011139667297474
Kathleen Munroe,0.3333333333333333,Acting,Kathleen Munroe,0.33237197233263643
Huang Lei,0.6666666666666666,Acting,黄磊,0.3018287895941624
Naomi Shindo,0.3333333333333333,Acting,進藤尚美,0.28870579874224234
Carroll Baker,0.3333333333333333,Acting,Carroll Baker,0.24765100116520256
Giancarlo Giannini,0.6666666666666666,Acting,Giancarlo Giannini,0.28113611384277204
Sara Mortensen,0.3333333333333333,Acting,Sara Mortensen,0.33709889347073363
Daikei Shimizu,0.6666666666666666,Acting,清水大敬,0.3034485038302936
Vivian Wu,0.3333333333333333,Acting,邬君梅,0.2610384351577156
Elena Kong Mei-Yee,0.3333333333333333,Acting,江美儀,0.3214306373906073
Kuranosuke Sasaki,0.6666666666666666,Acting,佐々木蔵之介,0.321331471212885
Leah Remini,0.3333333333333333,Acting,Leah Remini,0.3212984158203109
Ricky Wong Chun-Tong,0.6666666666666666,Acting,王俊棠,0.3212653604277368
Sabrina Salerno,0.3333333333333333,Acting,Sabrina Salerno,0.32103397267971806
Chen Hong,0.3333333333333333,Acting,陈红,0.32103397267971806
Melvin Wong,0.6666666666666666,Acting,黃錦燊,0.3209017511094216
Jenny Mccarthy,0.3333333333333333,Acting,Jenny McCarthy,0.3208686957168475
Charcoal Tan,0.6666666666666666,Writing,張炭,0.3207364741465511
Ashu Reddy,0.0,Acting,Ashu Reddy,0.3206042525762547
Ilfenesh Hadera,0.3333333333333333,Acting,Ilfenesh Hadera,0.3206042525762547
Natsumi Hioka,0.3333333333333333,Acting,日岡なつみ,0.32057119718368055
Koichi Tochika,0.6666666666666666,Acting,遠近孝一,0.32050508639853237
Joey Yung Jo-Yee,0.3333333333333333,Acting,容祖兒,0.32050508639853237
Yosuke Akimoto,0.6666666666666666,Acting,秋元羊介,0.32050508639853237
Stephen A. Chang,0.6666666666666666,Acting,Stephen A. Chang,0.32043897561338414
Ed Helms,0.6666666666666666,Acting,Ed Helms,0.32033980943566187
Paoli Dam,0.3333333333333333,Acting,Paoli Dam,0.29039162376352173
Shunsuke Sakuya,0.6666666666666666,Acting,咲野俊介,0.28887107570511283
Nobuko Yoshiya,0.3333333333333333,Writing,吉屋信子,0.27869001479228817
Yue Xiaojun,0.6666666666666666,Acting,岳小軍,0.26269120478642083
Ki Joo-Bong,0.6666666666666666,Acting,기주봉,0.2931021659545984
Joe Wright,0.6666666666666666,Directing,Joe Wright,0.25171681445181765
Pierre Taki,0.6666666666666666,Acting,ピエール瀧,0.40228412762687077
Heo Sung-Tae,0.6666666666666666,Acting,허성태,0.3393466601657728
Marisa Ramirez,0.3333333333333333,Acting,Marisa Ramirez,0.31362956474311826
Eriko Hatsune,0.3333333333333333,Acting,初音映莉子,0.2612367675131602
Janet Mcteer,0.3333333333333333,Acting,Janet McTeer,0.3149517804460825
Priya Bhavani Shankar,0.3333333333333333,Acting,Priya Bhavani Shankar,0.2845077638853309
Satoshi Mikami,0.6666666666666666,Acting,三上哲,0.24510573593699644
Kwan Hoi-San,0.6666666666666666,Acting,關海山,0.30850597889413184
Barry Bostwick,0.6666666666666666,Acting,Barry Bostwick,0.32232313299010823
Shams El-Barudy,0.3333333333333333,Acting,شمس البارودي,0.9086596864696015
Darby Camp,0.3333333333333333,Acting,Darby Camp,0.12759381533604938
Sunny Suljic,0.6666666666666666,Acting,Sunny Suljic,0.19182044310753749
Rika Izumi,0.3333333333333333,Acting,泉里香,0.3028865621565338
Maurice Lamarche,0.6666666666666666,Acting,Maurice LaMarche,0.28202860944227287
Han Ji-Eun,0.3333333333333333,Acting,한지은,0.3064895999471114
Shane West,0.6666666666666666,Acting,Shane West,0.3011676817426803
Eric Stonestreet,0.6666666666666666,Acting,Eric Stonestreet,0.2857638688031469
Tomoya Nakamura,0.6666666666666666,Acting,中村倫也,0.3424538670677388
Alice Taglioni,0.3333333333333333,Acting,Alice Taglioni,0.30179573420158834
Tatanka Means,0.6666666666666666,Acting,Tatanka Means,0.2872183060764076
Yum Jung-Ah,0.3333333333333333,Acting,염정아,0.2721119916700411
Nam Yin,0.6666666666666666,Writing,南燕,0.3135965093505442
Fei Qiming,0.6666666666666666,Acting,费启鸣,0.3545521407498616
Munetaka Aoki,0.6666666666666666,Acting,青木崇高,0.3036468361857383
Ted Mcginley,0.6666666666666666,Acting,Ted McGinley,0.4096885355634705
Molly Gordon,0.3333333333333333,Acting,Molly Gordon,0.29819269641101076
Yuya Hirose,0.6666666666666666,Acting,広瀬裕也,0.28427637613731205
Edward Tang,0.6666666666666666,Writing,鄧景生,0.33914832781032817
Takuya Negishi,0.6666666666666666,Acting,根岸拓哉,0.22801609797618358
Jon Seda,0.6666666666666666,Acting,Jon Seda,0.2886396879570941
Han Chae-Young,0.3333333333333333,Acting,한채영,0.33481807138312025
Ryuta Sato,0.6666666666666666,Acting,佐藤隆太,0.2911518977927262
Park Se-Wan,0.3333333333333333,Acting,박세완,0.328206992868299
Joanna Going,0.3333333333333333,Acting,Joanna Going,0.25892289003297275
Lawrence Cheng Tan-Shui,0.6666666666666666,Acting,鄭丹瑞,0.34090026361675574
Claudia Christian,0.3333333333333333,Acting,Claudia Christian,0.29062301151154046
Dylan Conrique,0.3333333333333333,Acting,Dylan Conrique,0.18907684552388668
Charlotte Le Bon,0.3333333333333333,Acting,Charlotte Le Bon,0.24523795750729285
Rebecca Wisocky,0.3333333333333333,Acting,Rebecca Wisocky,0.24781627812807314
Hikaru Tono,0.3333333333333333,Acting,遠野ひかる,0.29052384533381814
Lee Hae-In,0.3333333333333333,Acting,이해인,0.29320133213232075
Frances O'Connor,0.3333333333333333,Acting,Frances O'Connor,0.31782759960002976
Kari Wahlgren,0.3333333333333333,Acting,Kari Wahlgren,0.3177614888148816
Lauren Zimmermann,0.0,Costume & Make-Up,Lauren Zimmermann,0.31772843342230744
Vijay,0.6666666666666666,Acting,விஜய்,0.31772843342230744
Victor French,0.6666666666666666,Acting,Victor French,0.31772843342230744
Angelica Lee Sin-Jie,0.3333333333333333,Acting,李心潔,0.31769537802973336
Aya Uchida,0.3333333333333333,Acting,内田彩,0.3175301010668628
Jason Butler Harner,0.6666666666666666,Acting,Jason Butler Harner,0.31749704567428866
Frankie Adams,0.3333333333333333,Acting,Frankie Adams,0.31746399028171457
Alfre Woodard,0.3333333333333333,Acting,Alfre Woodard,0.3174309348891405
Saffron Burrows,0.3333333333333333,Acting,Saffron Burrows,0.3173978794965664
Yoshino Aoyama,0.3333333333333333,Acting,青山吉能,0.31736482410399225
Katsuya Maiguma,0.6666666666666666,Acting,毎熊克哉,0.31719954714112175
Carmen Ejogo,0.3333333333333333,Acting,Carmen Ejogo,0.31719954714112175
Yukiko Shimazaki,0.3333333333333333,Acting,島崎雪子,0.31716649174854766
Derek Kwok Jing-Hung,0.6666666666666666,Acting,郭政鴻,0.31716649174854766
Ashley Williams,0.3333333333333333,Acting,Ashley Williams,0.31716649174854766
Elena Anaya,0.3333333333333333,Acting,Elena Anaya,0.31716649174854766
Shobana,0.3333333333333333,Acting,Shobana,0.31710038096339943
Lee Dong-Hwi,0.6666666666666666,Acting,이동휘,0.33452057284995335
Mario Casas,0.6666666666666666,Acting,Mario Casas,0.316968159393103
Mie Sonozaki,0.3333333333333333,Acting,園崎未恵,0.3169351040005289
Jerry Lamb Hiu-Fung,0.6666666666666666,Acting,林曉峰,0.31690204860795473
Chase Stokes,0.6666666666666666,Acting,Chase Stokes,0.31686899321538065
Georgie Henley,0.3333333333333333,Acting,Georgie Henley,0.31686899321538065
Sridevi,0.3333333333333333,Acting,Sridevi,0.31667066085993606
Sam Horrigan,0.6666666666666666,Acting,Sam Horrigan,0.3166376054673619
Yoo In-Na,0.3333333333333333,Acting,유인나,0.3166045500747878
Ebru Aytemur,0.3333333333333333,Acting,Ebru Aytemur,0.3165053838970655
Masaharu Fukuyama,0.6666666666666666,Acting,福山雅治,0.3163731623267691
Rie Hikisaka,0.3333333333333333,Acting,引坂理絵,0.316340106934195
Fan Shiqi,0.6666666666666666,Acting,范世锜,0.3162739961490467
Michael Mann,0.6666666666666666,Directing,Michael Mann,0.31624094075647263
Oh Ji-Hyun,0.3333333333333333,Acting,Oh Ji-hyun,0.2972340900263617
Ameesha Patel,0.3333333333333333,Acting,Ameesha Patel,0.3181581535257708
James Corden,0.6666666666666666,Acting,James Corden,0.2652695254072011
Lee Ju-Bin,0.3333333333333333,Acting,이주빈,0.36152682858299795
Alexander Uloom,0.6666666666666666,Acting,Alexander Uloom,0.27151699460370715
Nazanin Boniadi,0.3333333333333333,Acting,نازنین بنیادی,0.3254964506772223
Leanne Liu,0.3333333333333333,Acting,劉雪華,0.363708484492889
Sosie Bacon,0.3333333333333333,Acting,Sosie Bacon,0.2670545166062029
Rachel Ticotin,0.3333333333333333,Acting,Rachel Ticotin,0.29538298804221175
Jing Chao,0.6666666666666666,Acting,Jing Chao,0.29680436992289827
Takumi Yamazaki,0.6666666666666666,Acting,山崎たくみ,0.2249750018593658
Shotaro Ishinomori,0.6666666666666666,Writing,石ノ森章太郎,0.35217215248452594
Fuka Koshiba,0.3333333333333333,Acting,小芝風花,0.34311497491922094
Dougray Scott,0.6666666666666666,Acting,Dougray Scott,0.34503218768851907
Kimberly Williams-Paisley,0.3333333333333333,Acting,Kimberly Williams-Paisley,0.30219239891247757
Jurota Kosugi,0.6666666666666666,Acting,小杉十郎太,0.3540232544686759
Adivi Sesh,0.6666666666666666,Acting,Adivi Sesh,0.36906345808989416
Kōichirō Uno,0.6666666666666666,Writing,宇能鴻一郎,0.3654273649067425
Takashi Shimizu,0.6666666666666666,Directing,清水崇,0.39474749811997456
Armie Hammer,0.6666666666666666,Acting,Armie Hammer,0.36744374385376294
Joel David Moore,0.6666666666666666,Acting,Joel David Moore,0.28401193299671923
Kate Ashfield,0.3333333333333333,Acting,Kate Ashfield,0.23489161963159763
Biju Menon,0.6666666666666666,Acting,Biju Menon,0.3280417159054285
Tamao Nakamura,0.3333333333333333,Acting,中村玉緒,0.2221652934905668
Charlene Choi Chuek-Yin,0.3333333333333333,Acting,蔡卓妍,0.33300002479154445
Ian Tracey,0.6666666666666666,Acting,Ian Tracey,0.2954490988273599
Jeong In-Gi,0.6666666666666666,Acting,정인기,0.27634308191952667
Mickey Rooney,0.6666666666666666,Acting,Mickey Rooney,0.3455941293622788
Sam Anderson,0.6666666666666666,Acting,Sam Anderson,0.2576667851151568
Brian Tee,0.6666666666666666,Acting,Brian Tee,0.35699823980034545
Megan Mullally,0.3333333333333333,Acting,Megan Mullally,0.36602236197307636
David Ogden Stiers,0.6666666666666666,Acting,David Ogden Stiers,0.2806733383467345
Carol Kane,0.3333333333333333,Acting,Carol Kane,0.3464205141766315
Yuko Nakamura,0.3333333333333333,Acting,中村優子,0.31438983877232274
Jane Kaczmarek,0.3333333333333333,Acting,Jane Kaczmarek,0.3149187250535084
Kokoro Aoshima,0.3333333333333333,Acting,青島心,0.3148856696609343
David Giuntoli,0.6666666666666666,Acting,David Giuntoli,0.3148856696609343
Suzanna Son,0.3333333333333333,Acting,Suzanna Son,0.3148526142683602
Jun Murakami,0.6666666666666666,Acting,村上淳,0.3148526142683602
Jun Negami,0.6666666666666666,Acting,根上淳,0.31478650348321197
Lee Joon-Gi,0.6666666666666666,Acting,이준기,0.31478650348321197
Christa Miller,0.3333333333333333,Acting,Christa Miller,0.3147534480906379
Rob Paulsen,0.6666666666666666,Acting,Rob Paulsen,0.3146873373054897
Raven-Symoné,0.3333333333333333,Acting,Raven-Symoné,0.3146873373054897
Vernee Watson,0.3333333333333333,Acting,Vernee Watson,0.31462122652034147
Kevin Pollak,0.6666666666666666,Acting,Kevin Pollak,0.31462122652034147
Nivin Pauly,0.6666666666666666,Acting,Nivin Pauly,0.3144228941648969
Theresa Lee Yee-Hung,0.3333333333333333,Acting,李綺虹,0.31432372798717456
Tabitha St. Germain,0.3333333333333333,Acting,Tabitha St. Germain,0.31432372798717456
Austin Amelio,0.6666666666666666,Acting,Austin Amelio,0.3142245618094522
Neeraj Vora,0.6666666666666666,Writing,Neeraj Vora,0.21876058805543389
Eric Bauza,0.6666666666666666,Acting,Eric Bauza,0.25707178804882286
Jon Jon Briones,0.6666666666666666,Acting,Jon Jon Briones,0.30239073126792226
Jennie,0.3333333333333333,Acting,제니,0.2614681552611789
Nolan North,0.6666666666666666,Acting,Nolan North,0.27677280202299004
He Zhonghua,0.6666666666666666,Acting,何中华,0.31938120305101275
Noah Taylor,0.6666666666666666,Acting,Noah Taylor,0.30493599649612835
Tim Heidecker,0.6666666666666666,Acting,Tim Heidecker,0.28979662669718786
King Shih-Chieh,0.6666666666666666,Acting,金士傑,0.31888537216240115
Uhm Jung-Hwa,0.3333333333333333,Acting,엄정화,0.28176416630168005
Kim Chiu,0.3333333333333333,Acting,Kim Chiu,0.2809708368799015
Phil Lord,0.6666666666666666,Production,Phil Lord,0.25353486104339346
Isuzu Yamada,0.3333333333333333,Acting,山田五十鈴,0.2623937062532539
Mia Farrow,0.3333333333333333,Acting,Mia Farrow,0.2865571982249254
Joe Miñoso,0.6666666666666666,Acting,Joe Miñoso,0.16993777322347925
Arata Iura,0.6666666666666666,Acting,井浦新,0.27505392160913655
Jess Weixler,0.3333333333333333,Acting,Jess Weixler,0.25998066259534414
Loreto Peralta,0.3333333333333333,Acting,Loreto Peralta,1.0
Toshiko Fujita,0.3333333333333333,Acting,藤田淑子,0.25670817873050766
Serenay Sarıkaya,0.3333333333333333,Acting,Serenay Sarıkaya,0.2992835243659563
Jake Mclaughlin,0.6666666666666666,Acting,Jake McLaughlin,0.23383384706922627
Noriko Eguchi,0.3333333333333333,Acting,江口のりこ,0.3159764976158798
Evan Goldberg,0.6666666666666666,Production,Evan Goldberg,0.2036212182564933
Christian Camargo,0.6666666666666666,Acting,Christian Camargo,0.35025493971522775
Khary Payton,0.6666666666666666,Acting,Khary Payton,0.29872158269219645
Rie Tomosaka,0.3333333333333333,Acting,ともさかりえ,0.2588567792478245
Ayumu Nakajima,0.6666666666666666,Acting,中島歩,0.3881694749977274
Sean Patrick Thomas,0.6666666666666666,Acting,Sean Patrick Thomas,0.2767397466304159
Robert Powell,0.6666666666666666,Acting,Robert Powell,0.2313877480187424
Joo Jong-Hyuk,0.6666666666666666,Acting,주종혁,0.3123404044327282
Ron Livingston,0.6666666666666666,Acting,Ron Livingston,0.29806047484071435
Luke Perry,0.6666666666666666,Acting,Luke Perry,0.2814997231610872
Houka Kinoshita,0.6666666666666666,Acting,木下ほうか,0.25310514093993014
Leung Sam-Wing,0.6666666666666666,Acting,梁琛榮,0.2788552917551587
Inuko Inuyama,0.3333333333333333,Acting,犬山イヌコ,0.2853010933071094
Shou Okumura,0.6666666666666666,Acting,奥村翔,0.28685469675809233
Noriko Kohara,0.3333333333333333,Acting,小原徳子,0.31068763480402284
Meera Jasmine,0.3333333333333333,Acting,Meera Jasmine,0.44879306497863797
Brett Goldstein,0.6666666666666666,Acting,Brett Goldstein,0.24097381186523315
Yuko Kobayashi,0.3333333333333333,Acting,小林優子,0.2721119916700411
T.J. Thyne,0.6666666666666666,Acting,T.J. Thyne,0.3632787643894256
Giuliana De Sio,0.3333333333333333,Acting,Giuliana De Sio,0.07173020188581014
Kwak Sun-Young,0.3333333333333333,Acting,곽선영,0.3013660140981249
Han Suk-Kyu,0.6666666666666666,Acting,한석규,0.31052235784115234
Misako Renbutsu,0.3333333333333333,Acting,蓮佛美沙子,0.293895495376377
Miriam Margolyes,0.3333333333333333,Acting,Miriam Margolyes,0.3115470750109496
Tamsin Topolski,0.3333333333333333,Acting,Tamsin Topolski,0.3115140196183755
Betsy Brandt,0.3333333333333333,Acting,Betsy Brandt,0.31131568726293085
Ryunosuke Watanuki,0.6666666666666666,Acting,綿貫竜之介,0.31128263187035676
Antonia Thomas,0.3333333333333333,Acting,Antonia Thomas,0.3112495764777827
Diana Rigg,0.3333333333333333,Acting,Diana Rigg,0.3112495764777827
François Arnaud,0.6666666666666666,Acting,François Arnaud,0.31115041030006035
Eiko Matsuda,0.3333333333333333,Acting,松田暎子,0.31091902255204157
Junko Minagawa,0.3333333333333333,Acting,皆川純子,0.31075374558917107
Laura Fraser,0.3333333333333333,Acting,Laura Fraser,0.31065457941144875
Shen Yujie,0.3333333333333333,Acting,沈羽潔,0.31055541323372643
Blythe Danner,0.3333333333333333,Acting,Blythe Danner,0.31039013627085593
Guy Burnet,0.6666666666666666,Acting,Guy Burnet,0.31035708087828184
Angel Locsin,0.3333333333333333,Acting,Angel Locsin,0.31035708087828184
Michelle Stacy,0.3333333333333333,Acting,Michelle Stacy,0.31035708087828184
Tamar Novas,0.6666666666666666,Acting,Tamar Novas,0.3103240254857077
Ma Xiaoyu,0.6666666666666666,Acting,马小宇,0.31025791470055947
Hans Zhang,0.6666666666666666,Acting,张翰,0.31015874852283715
Mark Dacascos,0.6666666666666666,Acting,Mark Dacascos,0.31015874852283715
Jacob Scipio,0.6666666666666666,Acting,Jacob Scipio,0.3100595823451148
Jean-Luc Godard,0.6666666666666666,Directing,Jean-Luc Godard,0.3100595823451148
Sydne Rome,0.3333333333333333,Acting,Sydne Rome,0.31002652695254074
Felix Wong Yat-Wah,0.6666666666666666,Acting,黃日華,0.31002652695254074
Zu Feng,0.6666666666666666,Acting,祖峰,0.3099934715599666
Zoë Wanamaker,0.3333333333333333,Acting,Zoë Wanamaker,0.3099273607748184
Davika Hoorne,0.3333333333333333,Acting,ดาวิกา โฮร์เน่,0.3098281945970961
Josh Radnor,0.6666666666666666,Acting,Josh Radnor,0.3098281945970961
Kim Chaewon,0.3333333333333333,Acting,김채원,0.309795139204522
Kentaro Ito,0.6666666666666666,Acting,伊藤健太郎,0.309795139204522
Raymond Cruz,0.6666666666666666,Acting,Raymond Cruz,0.3096959730267997
Dai Si,0.3333333333333333,Acting,代斯,0.2647736945185895
Akari Takaishi,0.3333333333333333,Acting,髙石あかり,0.29650687138973136
Ron Eldard,0.6666666666666666,Acting,Ron Eldard,0.27819418390367656
Eric Johnson,0.6666666666666666,Acting,Eric Johnson,0.31888537216240115
Bob Hope,0.6666666666666666,Acting,Bob Hope,0.3393136047731987
Peter Krause,0.6666666666666666,Acting,Peter Krause,0.3687659595567272
Retta,0.3333333333333333,Acting,Retta,0.22735499012470148
David Koechner,0.6666666666666666,Acting,David Koechner,0.2736986505135982
Rena Sofer,0.3333333333333333,Acting,Rena Sofer,0.3047046087481097
Junsei Motojima,0.6666666666666666,Acting,本島純政,0.28629275508433255
Lim Cheol-Soo,0.6666666666666666,Acting,임철수,0.3941855564462147
Caylee Cowan,0.3333333333333333,Acting,Caylee Cowan,0.24272574767166077
Claudia Salas,0.3333333333333333,Acting,Claudia Salas,0.3518085431662108
Kenny Bee,0.6666666666666666,Acting,鍾鎮濤,0.3878719764645605
Kim Hee-Seon,0.3333333333333333,Acting,김희선,0.3007049062466428
Tim Thomerson,0.6666666666666666,Acting,Tim Thomerson,0.251518482096373
Denden,0.6666666666666666,Acting,でんでん,0.2887719095273905
Manoj Bajpayee,0.6666666666666666,Acting,मनोज बाजपेयी,0.27574808485319274
Soya Kurokawa,0.6666666666666666,Acting,黒川想矢,0.3547835284978803
Raoul Bova,0.6666666666666666,Acting,Raoul Bova,0.2633853680304771
Arnaldo Dell'Acqua,0.6666666666666666,Acting,Arnaldo Dell'Acqua,0.13661793750878035
Tom Hopper,0.6666666666666666,Acting,Tom Hopper,0.25945177631415844
Sylvia Chang,0.3333333333333333,Acting,張艾嘉,0.3436769165929807
Ivy Chen,0.3333333333333333,Acting,陳意涵,0.3035476700080159
Vincent Woodcock,0.0,Creator,Vincent Woodcock,0.005586361345023933
Candy Veloso,0.3333333333333333,Acting,Candy Veloso,0.3677081869943558
Dion Lam,0.6666666666666666,Acting,林迪安,0.1986298539778033
Felicia Day,0.3333333333333333,Acting,Felicia Day,0.21142229090398235
Jay Hernandez,0.6666666666666666,Acting,Jay Hernandez,0.30801014800552023
Katherine Mcnamara,0.3333333333333333,Acting,Katherine McNamara,0.27948334421406673
Nassar,0.6666666666666666,Acting,Nassar,0.28705302911353703
Linda Park,0.3333333333333333,Acting,Linda Park,0.2973993669892322
Rupert Everett,0.6666666666666666,Acting,Rupert Everett,0.28113611384277204
Kenji Mizuhashi,0.6666666666666666,Acting,水橋研二,0.3077457048649274
Joe Morton,0.6666666666666666,Acting,Joe Morton,0.30767959407977924
Paris Jackson,0.3333333333333333,Acting,Paris Jackson,0.30758042790205686
Michiyo Aratama,0.3333333333333333,Acting,新珠三千代,0.30748126172433454
Akira Kobayashi,0.6666666666666666,Acting,小林旭,0.3073820955466122
Chieko Honda,0.3333333333333333,Acting,本多知恵子,0.3072829293688899
Kotaro Daigo,0.6666666666666666,Acting,醍醐虎汰朗,0.30718376319116764
Kanako Yanagihara,0.3333333333333333,Acting,柳原かなこ,0.3071507077985935
Yasuhiro Takato,0.6666666666666666,Acting,高戸靖広,0.3071507077985935
Bethany Joy Lenz,0.3333333333333333,Acting,Bethany Joy Lenz,0.3071507077985935
Saul Rubinek,0.6666666666666666,Acting,Saul Rubinek,0.3071507077985935
Shiori Akita,0.3333333333333333,Acting,秋田汐梨,0.3071176524060194
Yuen Shun-Yi,0.6666666666666666,Acting,袁信義,0.3071176524060194
Natsuko Yashiro,0.3333333333333333,Acting,八城夏子,0.3070515416208712
Sayaka Yamaguchi,0.3333333333333333,Acting,山口紗弥加,0.3070515416208712
Paget Brewster,0.3333333333333333,Acting,Paget Brewster,0.30695237544314885
Eric Braeden,0.6666666666666666,Acting,Eric Braeden,0.3068862646580006
Takashi Ukaji,0.6666666666666666,Acting,宇梶剛士,0.30682015387285244
Pauline Chan Bo-Lin,0.3333333333333333,Acting,陳寶蓮,0.3067209876951301
Haruna Mikawa,0.3333333333333333,Acting,三川華月,0.30668793230255603
Sam Richardson,0.6666666666666666,Acting,Sam Richardson,0.2165789321455429
Angelina Lo,0.3333333333333333,Acting,盧宛茵,0.30668793230255603
Bianca Lawson,0.3333333333333333,Acting,Bianca Lawson,0.3066548769099819
Dulquer Salmaan,0.6666666666666666,Acting,Dulquer Salmaan,0.3066218215174078
Claire Foy,0.3333333333333333,Acting,Claire Foy,0.3065887661248337
Taylor Anthony Miller,0.6666666666666666,Acting,Taylor Anthony Miller,0.3065557107322596
Kevin Sorbo,0.6666666666666666,Acting,Kevin Sorbo,0.3065226553396855
Zhu Lilan,0.3333333333333333,Acting,朱丽岚,0.3064895999471114
Nozomi Sasaki,0.3333333333333333,Acting,ささきのぞみ,0.3064565445545373
Ayelet Zurer,0.3333333333333333,Acting,Ayelet Zurer,0.306357378376815
Jack Elam,0.6666666666666666,Acting,Jack Elam,0.3063243229842409
Kristin Davis,0.3333333333333333,Acting,Kristin Davis,0.30619210141394443
Kenji Nomura,0.6666666666666666,Acting,乃村健次,0.30619210141394443
Ludi Lin,0.6666666666666666,Acting,Ludi Lin,0.3060929352362221
Sadao Abe,0.6666666666666666,Acting,阿部サダヲ,0.3060929352362221
Jack Warden,0.6666666666666666,Acting,Jack Warden,0.3060929352362221
Joseph Sikora,0.6666666666666666,Acting,Joseph Sikora,0.306059879843648
Carla Woodcock,0.3333333333333333,Acting,Carla Woodcock,0.3059937690584998
Erica Dunton,0.3333333333333333,Directing,Erica Dunton,0.3059937690584998
Yuri Yamaoka,0.3333333333333333,Acting,山岡ゆり,0.30592765827335155
Alyshia Ochse,0.3333333333333333,Acting,Alyshia Ochse,0.3058284920956293
Kento Hayashi,0.6666666666666666,Acting,林遣都,0.30572932591790697
Song Young-Chang,0.6666666666666666,Acting,송영창,0.30566321513275874
Lauren Lyle,0.3333333333333333,Acting,Lauren Lyle,0.3056301597401846
Hideo Nakata,0.6666666666666666,Directing,中田秀夫,0.3056301597401846
Dabney Coleman,0.6666666666666666,Acting,Dabney Coleman,0.3056301597401846
Lydia Lozano,0.3333333333333333,Acting,Lydia Lozano,0.3054648827773141
Mai Gotou,0.3333333333333333,Acting,後藤麻衣,0.30539877199216586
Nikki Glaser,0.3333333333333333,Acting,Nikki Glaser,0.30539877199216586
Hiroshi Naka,0.6666666666666666,Acting,中博史,0.3053326612070177
Tony Cavalero,0.6666666666666666,Acting,Tony Cavalero,0.30526655042186945
Peter Berg,0.6666666666666666,Directing,Peter Berg,0.30526655042186945
William L. Petersen,0.6666666666666666,Acting,William L. Petersen,0.30513432885157304
Ben Johnson,0.6666666666666666,Acting,Ben Johnson,0.30506821806642487
John Abraham,0.6666666666666666,Acting,John Abraham,0.3050351626738507
Anne Archer,0.3333333333333333,Acting,Anne Archer,0.3050351626738507
Yun Yoo-Sun,0.3333333333333333,Acting,윤유선,0.3049690518887025
Rio Uchida,0.3333333333333333,Acting,内田理央,0.30493599649612835
Lyubov Aksyonova,0.3333333333333333,Acting,Любовь Аксёнова,0.26374897734879227
Winston Chao,0.6666666666666666,Acting,趙文瑄,0.3544529745721393
Christopher Miller,0.6666666666666666,Production,Christopher Miller,0.255881793916155
Diane Ladd,0.3333333333333333,Acting,Diane Ladd,0.24163491971671525
Svenja Jung,0.3333333333333333,Acting,Svenja Jung,0.28629275508433255
Koji Tsuruta,0.6666666666666666,Acting,鶴田浩二,0.26969894801213135
Lee Mi-Sook,0.3333333333333333,Acting,이미숙,0.3273806080539464
Wasabi Mizuta,0.3333333333333333,Acting,水田わさび,0.29901908122536347
Lin Qiunan,0.6666666666666666,Acting,林秋楠,0.2782933500813989
Meghan Leon,0.3333333333333333,Writing,Meghan Leon,0.06640828368137906
Danica De La Rey,0.3333333333333333,Acting,Danica De La Rey,0.32539728449950006
Nashiko Momotsuki,0.3333333333333333,Acting,桃月なしこ,0.23350329314348517
Mary Elizabeth Ellis,0.3333333333333333,Acting,Mary Elizabeth Ellis,0.26374897734879227
Tzi Ma,0.6666666666666666,Acting,Tzi Ma,0.4679982480641936
Anna Yamada,0.3333333333333333,Acting,山田杏奈,0.29369716302093235
Lene Maria Christensen,0.3333333333333333,Acting,Lene Maria Christensen,0.28414415456701564
Maika Yamamoto,0.3333333333333333,Acting,山本舞香,0.262724260178995
Fred Hechinger,0.6666666666666666,Acting,Fred Hechinger,0.3031840606897008
Hope Davis,0.3333333333333333,Acting,Hope Davis,0.3031840606897008
Fairuza Balk,0.3333333333333333,Acting,Fairuza Balk,0.3031840606897008
Frederic Heidorn,0.6666666666666666,Acting,Frederic Heidorn,0.3031510052971267
Hu Ge,0.6666666666666666,Acting,胡歌,0.3031179499045526
Deniz Akdeniz,0.6666666666666666,Acting,Deniz Akdeniz,0.3030187837268303
Kyoko Koizumi,0.3333333333333333,Acting,小泉今日子,0.3029196175491079
Robert Taylor,0.6666666666666666,Acting,Robert Taylor,0.3028865621565338
Drake Bell,0.6666666666666666,Acting,Drake Bell,0.3028865621565338
Yukiyo Fujii,0.3333333333333333,Acting,藤井ゆきよ,0.30285350676395967
Isao Hashizume,0.6666666666666666,Acting,橋爪功,0.30285350676395967
Yûka,0.3333333333333333,Acting,優香,0.30285350676395967
Seiichi Tanabe,0.6666666666666666,Acting,田辺誠一,0.30285350676395967
Tracy Morgan,0.6666666666666666,Acting,Tracy Morgan,0.3027543405862374
Daniel Ings,0.6666666666666666,Acting,Daniel Ings,0.30272128519366326
Kazuko Shirakawa,0.3333333333333333,Acting,白川和子,0.302622119015941
Elsa Pataky,0.3333333333333333,Acting,Elsa Pataky,0.32516589675148133
Jonathan Roumie,0.6666666666666666,Acting,Jonathan Roumie,0.29287077820657964
Rio Yamashita,0.3333333333333333,Acting,山下リオ,0.34906494558256
Rekha,0.3333333333333333,Acting,Rekha,0.33792527828508623
Kim Sang-Ho,0.6666666666666666,Acting,김상호,0.22081002239502845
Taylor Cole,0.3333333333333333,Acting,Taylor Cole,0.3180589873480485
Tomorowo Taguchi,0.6666666666666666,Acting,田口トモロヲ,0.3284053252237437
Janina Gavankar,0.3333333333333333,Acting,Janina Gavankar,0.27184754852944826
Frankie Chan Fan-Kei,0.6666666666666666,Acting,陳勳奇,0.25247708848102207
Elton John,0.6666666666666666,Acting,Elton John,0.2585923361072317
Billy Chow Bei-Lei,0.6666666666666666,Acting,周比利,0.36678263600228084
Danny Pino,0.6666666666666666,Acting,Danny Pino,0.2787561255774364
Kim Jeong-Ah,0.3333333333333333,Acting,Kim Jeong-ah,0.30209323273475525
Kelly Mcgillis,0.3333333333333333,Acting,Kelly McGillis,0.30202712194960707
Jung Sung-Il,0.6666666666666666,Acting,정성일,0.301994066557033
Jay O. Sanders,0.6666666666666666,Acting,Jay O. Sanders,0.301994066557033
Lynn,0.3333333333333333,Acting,Lynn,0.30189490037931066
Kenji Hamada,0.6666666666666666,Acting,浜田賢二,0.30186184498673657
Jinyoung,0.6666666666666666,Acting,진영,0.30172962341644016
Marsha Thomason,0.3333333333333333,Acting,Marsha Thomason,0.30163045723871773
Misa Ishii,0.3333333333333333,Acting,石井未紗,0.30159740184614364
Sprague Grayden,0.3333333333333333,Acting,Sprague Grayden,0.30153129106099547
Brian Thompson,0.6666666666666666,Acting,Brian Thompson,0.30143212488327314
Jin Dong,0.6666666666666666,Acting,靳东,0.3013329587055508
James Ortiz,0.6666666666666666,Acting,James Ortiz,0.30129990331297674
Ruka Ishikawa,0.3333333333333333,Acting,石川瑠華,0.30126684792040265
Ethan Kai,0.6666666666666666,Acting,Ethan Kai,0.3012337925278285
Fumi Hirano,0.3333333333333333,Acting,平野文,0.3012337925278285
Christopher Gorham,0.6666666666666666,Acting,Christopher Gorham,0.3012337925278285
Troy Donahue,0.6666666666666666,Acting,Troy Donahue,0.3012337925278285
Jacqueline Law Wai-Guen,0.3333333333333333,Acting,羅慧娟,0.3012007371352544
Moon Chae-Won,0.3333333333333333,Acting,문채원,0.30113462635010624
Kalabhavan Mani,0.6666666666666666,Acting,കലാഭവൻ മണി,0.3010354601723839
Nao Nagasawa,0.3333333333333333,Acting,長澤奈央,0.30100240477980983
Becky Armstrong,0.3333333333333333,Acting,เบ็คกี้ อาร์มสตรอง,0.3008701832095133
Melissa Mcbride,0.3333333333333333,Acting,Melissa McBride,0.30077101703179104
Emmanuelle Béart,0.3333333333333333,Acting,Emmanuelle Béart,0.30077101703179104
Joseph Mazzello,0.6666666666666666,Acting,Joseph Mazzello,0.30077101703179104
Ma Su,0.3333333333333333,Acting,马苏,0.3007379616392169
Mai Kiryu,0.3333333333333333,Acting,木竜麻生,0.3006057400689205
Minho,0.6666666666666666,Acting,민호,0.3006057400689205
Madison Wolfe,0.3333333333333333,Acting,Madison Wolfe,0.3005065738911982
Jackie Li,0.3333333333333333,Acting,李嘉琦,0.3004735184986241
Ayumi Fujimura,0.3333333333333333,Acting,藤村歩,0.3004735184986241
Scott Porter,0.6666666666666666,Acting,Scott Porter,0.30044046310605
Shaalin Zoya,0.3333333333333333,Acting,Shaalin Zoya,0.3364377856192515
Ko Chun-Hsiung,0.6666666666666666,Acting,柯俊雄,0.3364377856192515
Jo Kok Cho-Lam,0.3333333333333333,Acting,谷祖琳,0.3364377856192515
Benjamin Tsang,0.6666666666666666,Acting,曾向镇,0.3364047302266774
Kent Ito,0.6666666666666666,Acting,伊東健人,0.3364047302266774
Shinobu Otake,0.3333333333333333,Acting,大竹しのぶ,0.3364047302266774
Kazuko Sugiyama,0.3333333333333333,Acting,杉山佳寿子,0.3364047302266774
Susan Misner,0.3333333333333333,Acting,Susan Misner,0.3364047302266774
Henry Ian Cusick,0.6666666666666666,Acting,Henry Ian Cusick,0.3363716748341033
Lee Sin-Ho,0.3333333333333333,Acting,Lee Sin-ho,0.33623945326380683
Idy Chan Yuk-Lin,0.3333333333333333,Acting,陳玉蓮,0.3362063978712327
Arata Furuta,0.6666666666666666,Acting,古田新太,0.3361733424786586
Christopher Mcquarrie,0.6666666666666666,Writing,Christopher McQuarrie,0.3361733424786586
Isabelle Chow Wang,0.3333333333333333,Acting,周弘,0.3361072316935104
Rii Sen,0.3333333333333333,Acting,Rii Sen,0.3360741763009363
Chris Coy,0.6666666666666666,Acting,Chris Coy,0.3360411209083622
Cole Allen,0.6666666666666666,Acting,Cole Allen,0.33597501012321396
Kang Min-Ah,0.3333333333333333,Acting,강민아,0.33594195473063987
Vithaya Pansringarm,0.6666666666666666,Acting,วิทยา ปานศรีงาม,0.33594195473063987
David Benioff,0.6666666666666666,Writing,David Benioff,0.3359088993380658
Eiji Takemoto,0.6666666666666666,Acting,竹本英史,0.29363105223578406
Issei Futamata,0.6666666666666666,Acting,二又一成,0.23575105983852443
Saho Shirasu,0.3333333333333333,Acting,白砂沙帆,0.2378996603558413
Reiko Takashima,0.3333333333333333,Acting,高島礼子,0.3202736986505136
Ayaka Suwa,0.3333333333333333,Acting,諏訪彩花,0.3491971671528564
Friederike Dörr,0.0,Acting,Friederike Dörr,0.12518077167813962
Wu Chun,0.6666666666666666,Acting,吳尊,0.2717814377443
Conomi Fujimura,0.3333333333333333,Acting,藤村鼓乃美,0.22302473369749362
Sid Caesar,0.6666666666666666,Acting,Sid Caesar,0.2889041310976869
Jessica Lowndes,0.3333333333333333,Acting,Jessica Lowndes,0.3002751861431794
Tim Meadows,0.6666666666666666,Acting,Tim Meadows,0.2906891222966887
Jaleel White,0.6666666666666666,Acting,Jaleel White,0.25373319339883815
Yamato Kinjo,0.6666666666666666,Acting,金城大和,0.284540819277905
Gemma Whelan,0.3333333333333333,Acting,Gemma Whelan,0.26497202687403415
Hidekazu Mashima,0.6666666666666666,Acting,眞島秀和,0.2868877521506665
Ryo Ishibashi,0.6666666666666666,Acting,石橋凌,0.34298275334892453
Peter Coyote,0.6666666666666666,Acting,Peter Coyote,0.29845713955160363
Saranya Ponvannan,0.3333333333333333,Acting,Saranya Ponvannan,0.2983910287664554
Tracee Ellis Ross,0.3333333333333333,Acting,Tracee Ellis Ross,0.2983910287664554
Stevie Lynn Jones,0.3333333333333333,Acting,Stevie Lynn Jones,0.2983249179813072
Ko Chang-Seok,0.6666666666666666,Acting,고창석,0.2983249179813072
Ahn Ha-Young,0.3333333333333333,Acting,하영,0.298291862588733
Conchata Ferrell,0.3333333333333333,Acting,Conchata Ferrell,0.29825880719615894
An Kil-Kang,0.6666666666666666,Acting,안길강,0.29819269641101076
Justin Chatwin,0.6666666666666666,Acting,Justin Chatwin,0.29819269641101076
Haruka Chisuga,0.3333333333333333,Acting,千菅春香,0.2981596410184366
Seo Hye-Won,0.3333333333333333,Acting,서혜원,0.29812658562586253
Manfred Wong Man-Chun,0.6666666666666666,Writing,文雋,0.29809353023328844
Pat Ha Man-Jik,0.3333333333333333,Acting,夏文汐,0.29806047484071435
Yumi Hara,0.3333333333333333,Acting,原由実,0.2980274194481402
Addison Timlin,0.3333333333333333,Acting,Addison Timlin,0.2979943640555661
Haru,0.3333333333333333,Acting,波瑠,0.2978290870926956
Morgan Davies,0.6666666666666666,Acting,Morgan Davies,0.2978290870926956
Audrey Tautou,0.3333333333333333,Acting,Audrey Tautou,0.2978290870926956
Ana Alexander,0.3333333333333333,Acting,Ana Alexander,0.2977629763075474
Tomoya Warabino,0.6666666666666666,Acting,蕨野友也,0.2977299209149733
Yeon Woo-Jin,0.6666666666666666,Acting,연우진,0.2977299209149733
Maria Bakalova,0.3333333333333333,Acting,Мария Бакалова,0.2976638101298251
Alden Ehrenreich,0.6666666666666666,Acting,Alden Ehrenreich,0.2976638101298251
Noel Gugliemi,0.6666666666666666,Acting,Noel Gugliemi,0.2976307547372509
David Spade,0.6666666666666666,Acting,David Spade,0.29759769934467684
Rica Fukami,0.3333333333333333,Acting,深見梨加,0.2975646439521027
Evan Ross,0.6666666666666666,Acting,Evan Ross,0.2975646439521027
Kwak Do-Won,0.6666666666666666,Acting,곽도원,0.2974985331669545
Navi Rawat,0.3333333333333333,Acting,Navi Rawat,0.2974654777743804
Mayuko Iwasa,0.3333333333333333,Acting,岩佐真悠子,0.2974324223818063
Cheena Dizon,0.0,Acting,Cheena Dizon,0.2973993669892322
Dann Florek,0.6666666666666666,Acting,Dann Florek,0.2973993669892322
Josh Peck,0.6666666666666666,Acting,Josh Peck,0.2973663115966581
Yasushi Fuchikami,0.6666666666666666,Acting,淵上泰史,0.2973002008115099
Tamsin Egerton,0.3333333333333333,Acting,Tamsin Egerton,0.2972010346337876
Şahan Gökbakar,0.6666666666666666,Acting,Şahan Gökbakar,0.29716797924121346
Stephen Tung Wai,0.6666666666666666,Acting,董瑋,0.29703575767091706
Renny Harlin,0.6666666666666666,Directing,Renny Harlin,0.2969696468857688
Kumiko Takeda,0.3333333333333333,Acting,武田久美子,0.2969035361006206
Susannah Harker,0.3333333333333333,Acting,Susannah Harker,0.2969035361006206
Oh Dae-Hwan,0.6666666666666666,Acting,오대환,0.29680436992289827
Stephen Dillane,0.6666666666666666,Acting,Stephen Dillane,0.3093654191010586
Asami Sawaki,0.3333333333333333,Acting,沢木麻美,0.3807320116685536
Monique Parent,0.3333333333333333,Acting,Monique Parent,0.282359163368014
Masachika Ichimura,0.6666666666666666,Acting,市村正親,0.2654017469774975
Jessica Kate Meyer,0.3333333333333333,Acting,Jessica Kate Meyer,0.2529729193696336
William Peter Blatty,0.6666666666666666,Writing,William Peter Blatty,0.2308258063449826
Kelly Cunningham,0.3333333333333333,Acting,Kelly Cunningham,0.26930228330124206
Kevin Rankin,0.6666666666666666,Acting,Kevin Rankin,0.36572486343990945
Son Byung-Ho,0.6666666666666666,Acting,손병호,0.34790800684246626
Dominique Swain,0.3333333333333333,Acting,Dominique Swain,0.29614326207141617
Shizuka Ishibashi,0.3333333333333333,Acting,石橋静河,0.32222396681238585
Eiji Okada,0.6666666666666666,Acting,岡田英次,0.3539901990761018
Imanol Arias,0.6666666666666666,Acting,Imanol Arias,0.30242378666049635
Yuri Nakamura,0.3333333333333333,Acting,中村ゆり,0.28711913989868526
Jamie Mcshane,0.6666666666666666,Acting,Jamie McShane,0.2557826277384327
Rıza Kocaoğlu,0.6666666666666666,Acting,Rıza Kocaoğlu,0.34298275334892453
Ryô Matsuda,0.6666666666666666,Acting,松田凌,0.3090018097827435
Tristin Mays,0.3333333333333333,Acting,Tristin Mays,0.2706575543967804
Anthony Chan Yau,0.6666666666666666,Acting,陳友,0.2502623771785569
Damon Wayans,0.6666666666666666,Acting,Damon Wayans,0.2400482608731582
Kazuki Ura,0.6666666666666666,Acting,浦和希,0.27488864464626594
Liu Fengchao,0.6666666666666666,Acting,刘峰超,0.2545926336057649
N.T. Rama Rao Jr.,0.6666666666666666,Acting,N.T. Rama Rao Jr.,0.33898305084745767
Chris Sanders,0.6666666666666666,Directing,Chris Sanders,0.23998215008801
Hideyo Amamoto,0.6666666666666666,Acting,天本英世,0.23155302498161293
Hana Sato,0.3333333333333333,Acting,佐藤はな,0.2580965052186201
Meredith Salenger,0.3333333333333333,Acting,Meredith Salenger,0.26024510573593695
Alex Borstein,0.3333333333333333,Acting,Alex Borstein,0.24748572420233206
Wei Xiang,0.6666666666666666,Acting,魏翔,0.24725433645431333
Shinnosuke Mitsushima,0.6666666666666666,Acting,満島真之介,0.2692361725160939
Cassidy Freeman,0.3333333333333333,Acting,Cassidy Freeman,0.2601789949507888
Jo Hee-Bong,0.6666666666666666,Acting,조희봉,0.28427637613731205
Lauren Lane,0.3333333333333333,Acting,Lauren Lane,0.4573874670479055
Willam Belli,0.6666666666666666,Acting,Willam Belli,0.2736986505135982
Charlie Evans,0.6666666666666666,Acting,Charlie Evans,0.2956804865753787
Julie K. Smith,0.3333333333333333,Acting,Julie K. Smith,0.2956804865753787
Liu Xiaoqing,0.3333333333333333,Acting,刘晓庆,0.2956474311828046
Yuan Quan,0.3333333333333333,Acting,袁泉,0.2956143757902305
David Lam Wai,0.6666666666666666,Acting,林威,0.29558132039765633
Sarah Bolger,0.3333333333333333,Acting,Sarah Bolger,0.29554826500508224
Ryan Robbins,0.6666666666666666,Acting,Ryan Robbins,0.2954490988273599
Daichi Hayashi,0.6666666666666666,Acting,林大地,0.29541604343478584
Urara Takano,0.3333333333333333,Acting,高乃麗,0.29541604343478584
Jung Jin-Young,0.6666666666666666,Acting,정진영,0.29534993264963766
Bill Cusack,0.6666666666666666,Acting,Bill Cusack,0.2952838218644894
Josephine Park,0.3333333333333333,Acting,Josephine Park,0.29521771107934125
Carl Weathers,0.6666666666666666,Acting,Carl Weathers,0.29521771107934125
Oriana Ferrero,0.0,Acting,Oriana Ferrero,0.2951846556867671
Shin Yu-Ju,0.3333333333333333,Acting,Shin Yu-ju,0.295151600294193
Feng Xiaogang,0.6666666666666666,Directing,冯小刚,0.295151600294193
Ha Yeon,0.3333333333333333,Acting,Ha Yeon,0.2950193787238966
Jo Woo-Jin,0.6666666666666666,Acting,조우진,0.2950193787238966
Kanna Nakamura,0.3333333333333333,Acting,中村カンナ,0.29052384533381814
Woo Da-Vi,0.3333333333333333,Acting,우다비,0.3247031212554438
Jukki Hanada,0.6666666666666666,Writing,花田十輝,0.3215628589609037
Daniel Zhou,0.6666666666666666,Acting,周柯宇,0.2251402788222364
Bj Harrison,0.3333333333333333,Acting,BJ Harrison,0.24695683792114634
Peter Weatherley,0.6666666666666666,Editing,Peter Weatherley,0.15770727797106004
Yu Koyanagi,0.6666666666666666,Acting,小柳友,0.28731747225412985
Paul Reubens,0.6666666666666666,Acting,Paul Reubens,0.24272574767166077
Adam Arkin,0.6666666666666666,Acting,Adam Arkin,0.31957953540645734
Harry Melling,0.6666666666666666,Acting,Harry Melling,0.2921435595699493
Kōtarō Satomi,0.6666666666666666,Acting,里見浩太朗,0.2600137179879183
Ben Schnetzer,0.6666666666666666,Acting,Ben Schnetzer,0.22778471022816488
Sandrine Pinna,0.3333333333333333,Acting,張榕容,0.3189514829475493
Aditya Chopra,0.6666666666666666,Production,Aditya Chopra,0.28920162963085394
Kanichi Kurita,0.6666666666666666,Acting,栗田貫一,0.3022585096976258
Gordon Chan,0.6666666666666666,Directing,陳嘉上,0.36549347569189067
Im Tae-Mok,0.6666666666666666,Acting,임태묵,0.2620962077200869
Tatsuya Mihashi,0.6666666666666666,Acting,三橋達也,0.339412770950921
Chang Huasen,0.6666666666666666,Acting,Chang Huasen,0.25974927484732546
Fan Wei,0.6666666666666666,Acting,范偉,0.2865571982249254
James Mason,0.6666666666666666,Acting,James Mason,0.27740085448189805
Albert Finney,0.6666666666666666,Acting,Albert Finney,0.26579841168838686
Kristy Swanson,0.3333333333333333,Acting,Kristy Swanson,0.2504937649265757
Seo Ji-Hye,0.3333333333333333,Acting,서지혜,0.2939946615540993
Hibiku Yamamura,0.3333333333333333,Acting,山村響,0.2760125279937856
Emily Alyn Lind,0.3333333333333333,Acting,Emily Alyn Lind,0.2770041897710088
Nanoka Hara,0.3333333333333333,Acting,原菜乃華,0.32827310365344725
Atsushi Ono,0.6666666666666666,Acting,斧アツシ,0.2628564817492914
David Hyde Pierce,0.6666666666666666,Acting,David Hyde Pierce,0.26007982877306646
Hakan Kurtaş,0.6666666666666666,Acting,Hakan Kurtaş,0.32810782669057675
Neymar,0.6666666666666666,Acting,Neymar,0.40102802270905474
Tenka Hashimoto,0.3333333333333333,Acting,橋本甜歌,0.25290680858448544
Mitsuru Fukikoshi,0.6666666666666666,Acting,吹越満,0.29320133213232075
Dolly Parton,0.3333333333333333,Acting,Dolly Parton,0.29667214835260186
Adrian Scarborough,0.6666666666666666,Acting,Adrian Scarborough,0.2280491533687577
Erika Savastani,0.3333333333333333,Acting,Erika Savastani,0.3279094943351321
Yoku Shioya,0.6666666666666666,Acting,塩屋翼,0.31230734904015406
Akiji Kobayashi,0.6666666666666666,Acting,小林昭二,0.263352312637903
Honoka Matsumoto,0.3333333333333333,Acting,松本穂香,0.3120098505069871
Sasha Pieterse,0.3333333333333333,Acting,Sasha Pieterse,0.2835161021081076
Jennifer Lee,0.3333333333333333,Writing,Jennifer Lee,0.23551967209050564
Eijirō Tōno,0.6666666666666666,Acting,東野英治郎,0.2849044285962201
Miyoko Akaza,0.3333333333333333,Acting,赤座美代子,0.26007982877306646
Seo Kang-Joon,0.6666666666666666,Acting,서강준,0.2962754836417126
Holland Roden,0.3333333333333333,Acting,Holland Roden,0.27158310538885533
Nida Blanca,0.3333333333333333,Acting,Nida Blanca,0.2565429017676371
Tanner Buchanan,0.6666666666666666,Acting,Tanner Buchanan,0.2727400441289491
Katy Louise Saunders,0.3333333333333333,Acting,Katy Louise Saunders,0.20398482757480849
Bian Tianyang,0.6666666666666666,Acting,边天扬,0.234362733350412
Priyanka Arul Mohan,0.3333333333333333,Acting,Priyanka Arul Mohan,0.23389995785437448
Simone Susinna,0.6666666666666666,Acting,Simone Susinna,0.34949466568602333
Dan Fogelman,0.6666666666666666,Writing,Dan Fogelman,0.23627994611971007
Sarah Polley,0.3333333333333333,Acting,Sarah Polley,0.2645092513779967
Chen Hung-Lieh,0.6666666666666666,Acting,陳鴻烈,0.26831062152401886
Chris Mulkey,0.6666666666666666,Acting,Chris Mulkey,0.2850035947739425
Hilal Altınbilek,0.3333333333333333,Acting,Hilal Altınbilek,0.278326405473973
Jimmy Warden,0.6666666666666666,Writing,Jimmy Warden,0.22031419150641685
Asuka Kawazu,0.3333333333333333,Acting,川津明日香,0.29885380426249286
Laverne Cox,0.3333333333333333,Acting,Laverne Cox,0.33848721995884606
Grayson Maxwell Gurnsey,0.6666666666666666,Acting,Grayson Maxwell Gurnsey,0.15988893388095102
Lee Seung-Joon,0.6666666666666666,Acting,이승준,0.2916807840739119
Pihla Viitala,0.3333333333333333,Acting,Pihla Viitala,0.2916807840739119
Momo Asakura,0.3333333333333333,Acting,麻倉もも,0.2916477286813378
Shinobu Nakayama,0.3333333333333333,Acting,中山忍,0.2916146732887636
Christine Ebersole,0.3333333333333333,Acting,Christine Ebersole,0.2916146732887636
Samantha Ruth Prabhu,0.3333333333333333,Acting,సమంత రూత్ ప్రభు,0.2915816178961895
Sam Mendes,0.6666666666666666,Directing,Sam Mendes,0.2915816178961895
Junko Asahina,0.3333333333333333,Acting,朝比奈順子,0.2914493963258931
Rupert Penry-Jones,0.6666666666666666,Acting,Rupert Penry-Jones,0.2914493963258931
Marlène Jobert,0.3333333333333333,Acting,Marlène Jobert,0.2914493963258931
Jessy Mendiola,0.3333333333333333,Acting,Jessy Mendiola,0.2913502301481708
Dax Shepard,0.6666666666666666,Acting,Dax Shepard,0.2913171747555967
Nancy Travis,0.3333333333333333,Acting,Nancy Travis,0.2913171747555967
Sam Butters,0.0,Acting,Sam Butters,0.2912841193630226
Matthias Schoenaerts,0.6666666666666666,Acting,Matthias Schoenaerts,0.2912510639704485
Taiki Matsuno,0.6666666666666666,Acting,松野太紀,0.2912180085778744
Timur Bekmambetov,0.6666666666666666,Production,Тимур Бекмамбетов,0.2912180085778744
Karina,0.3333333333333333,Acting,카리나,0.2911518977927262
Wan Peng,0.3333333333333333,Acting,万鹏,0.23568494905337622
Chang Yuan,0.6666666666666666,Acting,常远,0.26804617838342604
Tatsuo Yamada,0.6666666666666666,Acting,山田辰夫,0.27141782842598483
Hans Sigl,0.6666666666666666,Acting,Hans Sigl,0.23555272748307976
Christina Robinson,0.3333333333333333,Acting,Christina Robinson,0.2826236065086068
Claudie Blakley,0.3333333333333333,Acting,Claudie Blakley,0.2789214025403069
Eitarō Shindō,0.6666666666666666,Acting,進藤英太郎,0.26870728623490814
Hio Miyazawa,0.6666666666666666,Acting,宮沢氷魚,0.2878463585353156
Fung Ging-Man,0.6666666666666666,Acting,馮敬文,0.2579973390408978
John Spencer,0.6666666666666666,Acting,John Spencer,0.21535588262030098
W. Earl Brown,0.6666666666666666,Acting,W. Earl Brown,0.31832343048864137
Halle Bailey,0.3333333333333333,Acting,Halle Bailey,0.3081754249683908
Alberto Ammann,0.6666666666666666,Acting,Alberto Ammann,0.2677817352428332
Geng Le,0.6666666666666666,Acting,耿乐,0.28728441686155576
Devadarshini,0.3333333333333333,Acting,Devadarshini,0.2170086522490063
Thomas Elms,0.6666666666666666,Acting,Thomas Elms,0.2430232462048278
Steven R. Mcqueen,0.6666666666666666,Acting,Steven R. McQueen,0.3906816848333595
Bipasha Basu,0.3333333333333333,Acting,Bipasha Basu,0.2700295019378724
Nestor Serrano,0.6666666666666666,Acting,Nestor Serrano,0.21724003999702504
Phoebe Tonkin,0.3333333333333333,Acting,Phoebe Tonkin,0.3391152724177541
Michael Malarkey,0.6666666666666666,Acting,Michael Malarkey,0.27465725689824727
Mirai Yamamoto,0.3333333333333333,Acting,山本未來,0.276144749564082
Brooke Langton,0.3333333333333333,Acting,Brooke Langton,0.21433116545050365
Noah Emmerich,0.6666666666666666,Acting,Noah Emmerich,0.3404705435132924
Amaury Nolasco,0.6666666666666666,Acting,Amaury Nolasco,0.3339255757836194
Tom Conti,0.6666666666666666,Acting,Tom Conti,0.3881364196051533
Billie Roy,0.0,Acting,Billie Roy,0.2070920344767745
Kwon Hae-Hyo,0.6666666666666666,Acting,권해효,0.3159434422233057
Satish Kaushik,0.6666666666666666,Acting,Satish Kaushik,0.2557495723458586
Shannon Lucio,0.3333333333333333,Acting,Shannon Lucio,0.27459114611309904
Julie Graham,0.3333333333333333,Acting,Julie Graham,0.2999115768248643
Peter Boyle,0.6666666666666666,Acting,Peter Boyle,0.2526423654438926
Tracie Thoms,0.3333333333333333,Acting,Tracie Thoms,0.24222991678304917
Joe Adler,0.6666666666666666,Acting,Joe Adler,0.20838119478716463
Nobuko Miyamoto,0.3333333333333333,Acting,宮本信子,0.31405928484658163
Jr Bourne,0.6666666666666666,Acting,JR Bourne,0.2316852465519094
Hideyuki Umezu,0.6666666666666666,Acting,梅津秀行,0.2344618995281343
John Sarkisian,0.6666666666666666,Acting,John Sarkisian,0.14041930765480257
Ai Furihata,0.3333333333333333,Acting,降幡愛,0.2778305745853614
Diane Baker,0.3333333333333333,Acting,Diane Baker,0.2586253914998058
Jean-Paul Belmondo,0.6666666666666666,Acting,Jean-Paul Belmondo,0.28378054524870056
Sophie Sloan,0.3333333333333333,Acting,Sophie Sloan,0.20041484517680505
Charles Michael Davis,0.6666666666666666,Acting,Charles Michael Davis,0.29425910469469213
Razane Jammal,0.3333333333333333,Acting,رزان جمال,0.2678147906354073
Rafe Spall,0.6666666666666666,Acting,Rafe Spall,0.36456792469981575
Wang Xun,0.6666666666666666,Acting,王迅,0.3369997272930113
Tak Sakaguchi,0.6666666666666666,Acting,坂口拓,0.2585923361072317
Han Jin-Won,0.6666666666666666,Directing,한진원,0.27264087795122677
David Niven,0.6666666666666666,Acting,David Niven,0.2646745283408672
Zhou You,0.6666666666666666,Acting,周游,0.2891685742382798
James Pickens Jr.,0.6666666666666666,Acting,James Pickens Jr.,0.2891355188457057
Basil Joseph,0.6666666666666666,Acting,Basil Joseph,0.28906940806055753
Bobby Lee,0.6666666666666666,Acting,Bobby Lee,0.28906940806055753
Kaera Uehara,0.3333333333333333,Acting,Kaera Uehara,0.2890363526679834
Nozomi Sasaki,0.3333333333333333,Acting,佐々木希,0.28887107570511283
Lily Gladstone,1.0,Acting,Lily Gladstone,0.28883802031253875
Peter Greene,0.6666666666666666,Acting,Peter Greene,0.28883802031253875
Han Seon-Hwa,0.3333333333333333,Acting,한선화,0.2888049649199646
Geetha,0.3333333333333333,Acting,Geetha,0.2888049649199646
Kazunori Ito,0.6666666666666666,Writing,伊藤和典,0.2888049649199646
Tom Burke,0.6666666666666666,Acting,Tom Burke,0.2888049649199646
Nanoka Hara,0.3333333333333333,Acting,原菜乃華,0.2887719095273905
Nadhiya,0.3333333333333333,Acting,Nadhiya,0.28870579874224234
Travis Van Winkle,0.6666666666666666,Acting,Travis Van Winkle,0.25703873265624877
Ann Mitchell,0.3333333333333333,Acting,Ann Mitchell,0.24996487864539002
Hoon Lee,0.6666666666666666,Acting,Hoon Lee,0.3121090166847094
Mark Ivanir,0.6666666666666666,Acting,Mark Ivanir,0.30953069606392913
Zhang Yuxi,0.3333333333333333,Acting,张予曦,0.32500061978861083
Emily Kinney,0.3333333333333333,Acting,Emily Kinney,0.26282342635671724
Richard Crenna,0.6666666666666666,Acting,Richard Crenna,0.246229619284516
Frances De La Tour,0.3333333333333333,Acting,Frances de la Tour,0.2947218801907296
Michael Provost,0.6666666666666666,Acting,Michael Provost,0.31273706914361743
Flávio Migliaccio,0.6666666666666666,Acting,Flávio Migliaccio,0.22123974249849188
Park Ha-Seon,0.3333333333333333,Acting,박하선,0.25786511747060137
Alex Williams,0.0,Directing,Alex Williams,0.2533365286879488
Xiang Hanzhi,0.3333333333333333,Acting,向涵之,0.4306456544554537
Yang Ze,0.6666666666666666,Acting,楊澤,0.2459651761439232
Judd Nelson,0.6666666666666666,Acting,Judd Nelson,0.25727012040426744
Rabia Soytürk,0.3333333333333333,Acting,Rabia Soytürk,0.23938715302167607
Christine Lahti,0.3333333333333333,Acting,Christine Lahti,0.3047046087481097
Hikaru Kondô,0.6666666666666666,Production,近藤光,0.22785082101331308
Julia Benson,0.3333333333333333,Acting,Julia Benson,0.25803039443347187
Park Ji-Hwan,0.6666666666666666,Acting,박지환,0.2854663702699799
Peter Firth,0.6666666666666666,Acting,Peter Firth,0.2822599971902916
Dmitriy Nagiev,0.6666666666666666,Acting,Дмитрий Нагиев,0.20137345156145411
Anupart Luangsodsai,0.6666666666666666,Acting,อนุภาษ เหลืองสดใส,0.2553529076349693
Alia Bhatt,0.3333333333333333,Acting,Alia Bhatt,0.2760786387789338
Mitch Gulbin,0.0,Lighting,Mitch Gulbin,0.0005619416737597778
Peter Ustinov,0.6666666666666666,Acting,Peter Ustinov,0.2847060962407755
Li Xueqin,0.3333333333333333,Acting,李雪琴,0.2962754836417126
John Francis Daley,0.6666666666666666,Writing,John Francis Daley,0.3192159260881422
Sarah Rafferty,0.3333333333333333,Acting,Sarah Rafferty,0.24732044723946153
Takahiro Tamura,0.6666666666666666,Acting,田村高廣,0.2729383764843937
Kin Sugai,0.3333333333333333,Acting,菅井きん,0.21542199340544918
Tatsuo Endō,0.6666666666666666,Acting,遠藤太津朗,0.2818633324794024
Jimmy Wong Shu-Kei,0.6666666666666666,Acting,王書麒,0.26199704154236464
Kayoko Kishimoto,0.3333333333333333,Acting,岸本加世子,0.2040839937525308
Hideo Ishikawa,0.6666666666666666,Acting,石川英郎,0.372765662058194
Numan Acar,0.6666666666666666,Acting,Numan Acar,0.3081754249683908
Salli Richardson-Whitfield,0.3333333333333333,Acting,Salli Richardson-Whitfield,0.2910527316150039
Jimmy Kimmel,0.6666666666666666,Acting,Jimmy Kimmel,0.23198274508507633
Zhang Xiaofei,0.3333333333333333,Acting,张小斐,0.3092662529233363
Jermaine Fowler,0.6666666666666666,Acting,Jermaine Fowler,0.2614350998686048
Aliki Vougiouklaki,0.3333333333333333,Acting,Αλίκη Βουγιουκλάκη,0.25089042963746494
Methaphat Chimkul,0.6666666666666666,Acting,เมธาพัฒน์ ฉิมกุล,0.20976952127527707
Tinsley Grimes,0.3333333333333333,Acting,Tinsley Grimes,0.300142964572883
Nao Oikawa,0.3333333333333333,Acting,及川奈央,0.2778305745853614
Kim Do-Hoon,0.6666666666666666,Acting,김도훈,0.2865902536174995
Raymond Cho Wing-Lim,0.6666666666666666,Acting,曹永廉,0.2865571982249254
Shek Sau,0.6666666666666666,Acting,石修,0.2865571982249254
David James Elliott,0.6666666666666666,Acting,David James Elliott,0.28649108743977725
Amy Jo Johnson,0.3333333333333333,Acting,Amy Jo Johnson,0.28649108743977725
Miloš Forman,0.6666666666666666,Directing,Miloš Forman,0.2864580320472031
Huang Xuan,0.6666666666666666,Acting,黄轩,0.286424976654629
Tamara Tunie,0.3333333333333333,Acting,Tamara Tunie,0.286424976654629
Joe Lo Truglio,0.6666666666666666,Acting,Joe Lo Truglio,0.286424976654629
Ataska Mercado,0.3333333333333333,Acting,Ataska Mercado,0.2863919212620549
Annalise Basso,0.3333333333333333,Acting,Annalise Basso,0.2863919212620549
Jacki Weaver,0.3333333333333333,Acting,Jacki Weaver,0.28635886586948084
Finn Jones,0.6666666666666666,Acting,Finn Jones,0.28629275508433255
Yuriko Hishimi,0.3333333333333333,Acting,ひし美ゆり子,0.7198472840863076
Jessalyn Gilsig,0.3333333333333333,Acting,Jessalyn Gilsig,0.2498657124676677
Taylor Russell,0.3333333333333333,Acting,Taylor Russell,0.35660157508945617
Hiromichi Tezuka,0.6666666666666666,Acting,手塚ヒロミチ,0.23951937459197248
Yōko Tsukasa,0.3333333333333333,Acting,司葉子,0.3127040137510433
Kingsley Ben-Adir,0.6666666666666666,Acting,Kingsley Ben-Adir,0.2637159219562182
Fred Armisen,0.6666666666666666,Acting,Fred Armisen,0.24206463982017867
Jean Simmons,0.3333333333333333,Acting,Jean Simmons,0.6720491864241503
Ed Asner,0.6666666666666666,Acting,Ed Asner,0.3123404044327282
Tommy Lister Jr.,0.6666666666666666,Acting,Tommy Lister Jr.,0.3251989521440554
Maksim Matveev,0.6666666666666666,Acting,Максим Матвеев,0.24817988744638828
Phuripan Sapsangsawat,0.6666666666666666,Acting,Phuripan Sapsangsawat,0.28682164136551824
Sunshine Guimary,0.3333333333333333,Acting,Sunshine Guimary,0.20633176044756998
Rojbin Erden,0.3333333333333333,Acting,Rojbin Erden,0.3514118784553215
Shuntaro Yanagi,0.6666666666666666,Acting,栁俊太郎,0.2525431992661703
Ralph Bellamy,0.6666666666666666,Acting,Ralph Bellamy,0.23003247692320405
David Ayer,0.6666666666666666,Directing,David Ayer,0.20309233197530766
Romola Garai,0.3333333333333333,Acting,Romola Garai,0.2853341486996835
Ren Min,0.3333333333333333,Acting,任敏,0.2853010933071094
Devin Ratray,0.6666666666666666,Acting,Devin Ratray,0.2853010933071094
Jang Dong-Gun,0.6666666666666666,Acting,장동건,0.28523498252196117
Yuki Sakakihara,0.6666666666666666,Acting,榊原優希,0.2852019271293871
Koo Hye-Sun,0.3333333333333333,Acting,구혜선,0.2852019271293871
Ann Hui,0.3333333333333333,Directing,許鞍華,0.2852019271293871
Yuki Tanaka,0.3333333333333333,Acting,田中有紀,0.285168871736813
Oh Na-Ra,0.3333333333333333,Acting,오나라,0.2851358163442389
Amber Tamblyn,0.3333333333333333,Acting,Amber Tamblyn,0.28506970555909067
Isao Takahata,0.6666666666666666,Directing,高畑勲,0.28506970555909067
Brenda Strong,0.3333333333333333,Acting,Brenda Strong,0.2849044285962201
Tarō Suwa,0.6666666666666666,Acting,諏訪太朗,0.2848052624184978
Barry Levinson,0.6666666666666666,Directing,Barry Levinson,0.2846730408482014
Matt Nable,0.6666666666666666,Acting,Matt Nable,0.2701947789007429
Rick Hoffman,0.6666666666666666,Acting,Rick Hoffman,0.2907221776892628
Da'Vine Joy Randolph,0.3333333333333333,Acting,Da'Vine Joy Randolph,0.15073259013792362
Park Se-Hyun,0.3333333333333333,Acting,박세현,0.22371889694154984
Park Ju-Hyun,0.3333333333333333,Acting,박주현,0.28665636440264775
Joel Mchale,0.6666666666666666,Acting,Joel McHale,0.4446941962994488
Gina Mckee,0.3333333333333333,Acting,Gina McKee,0.2941268831243957
Ray Romano,0.6666666666666666,Acting,Ray Romano,0.25327041790280064
Madhubala,0.3333333333333333,Acting,Madhubala,0.2520804237701328
Christopher Judge,0.6666666666666666,Acting,Christopher Judge,0.23254468675883613
Davina Karamoy,0.3333333333333333,Acting,Davina Karamoy,0.3199762001173467
Jim Sturgess,0.6666666666666666,Acting,Jim Sturgess,0.2220330719202704
Sienna Guillory,0.3333333333333333,Acting,Sienna Guillory,0.2530059747622078
Kei Shindo,0.3333333333333333,Acting,真堂圭,0.2760786387789338
Lisa Lui Yau-Wai,0.3333333333333333,Acting,呂有慧,0.28414415456701564
Nina Paw Hei-Ching,0.3333333333333333,Acting,鮑起靜,0.28407804378186746
Valerie Chow,0.3333333333333333,Acting,周嘉玲,0.2840449883892934
Qi Wei,0.3333333333333333,Acting,戚薇,0.28401193299671923
Amber Anderson,0.3333333333333333,Acting,Amber Anderson,0.28401193299671923
Rakesh Roshan,0.6666666666666666,Production,राकेश रोशन,0.28391276681899696
Harvey Guillén,0.6666666666666666,Acting,Harvey Guillén,0.28391276681899696
Jj Feild,0.6666666666666666,Acting,JJ Feild,0.28391276681899696
Danny Nucci,0.6666666666666666,Acting,Danny Nucci,0.28391276681899696
Nie Yuan,0.6666666666666666,Acting,聂远,0.28381360064127464
Shihori Kanjiya,0.3333333333333333,Acting,貫地谷しほり,0.28381360064127464
Matthew Han,0.6666666666666666,Acting,幸卓輝,0.2837474898561264
Dong Zijian,0.6666666666666666,Acting,董子健,0.2837474898561264
William Ho,0.6666666666666666,Acting,何家駒,0.2837474898561264
Adam Beach,0.6666666666666666,Acting,Adam Beach,0.2837474898561264
Sean Hayes,0.6666666666666666,Acting,Sean Hayes,0.2837144344635523
Tye Sheridan,0.6666666666666666,Acting,Tye Sheridan,0.28368137907097823
Richard Rankin,0.6666666666666666,Acting,Richard Rankin,0.28361526828582995
Kim Min-Jae,0.6666666666666666,Acting,김민재,0.28358221289325586
Hassan Hamin Assad,0.6666666666666666,Acting,Hassan Hamin Assad,0.28348304671553354
Kathryn Morris,0.3333333333333333,Acting,Kathryn Morris,0.28348304671553354
Kentaro Maeda,0.6666666666666666,Acting,前田拳太郎,0.28344999132295945
Shin Eun-Soo,0.3333333333333333,Acting,신은수,0.28341693593038536
Kazuko Sugiyama,0.3333333333333333,Acting,杉山佳寿子,0.28341693593038536
Yumiko Kobayashi,0.3333333333333333,Acting,小林由美子,0.2833838805378112
Charles Malik Whitfield,0.6666666666666666,Acting,Charles Malik Whitfield,0.28335082514523713
Rintaro,0.6666666666666666,Directing,りんたろう,0.28331776975266304
Paul Adelstein,0.6666666666666666,Acting,Paul Adelstein,0.28315249278979254
Yuko Goto,0.3333333333333333,Acting,後藤邑子,0.2831194373972184
Aoi Nakajima,0.3333333333333333,Acting,中島葵,0.2831194373972184
Ali Landry,0.3333333333333333,Acting,Ali Landry,0.2830863820046443
Misako Tanaka,0.3333333333333333,Acting,田中美佐子,0.28302027121949613
Bae Sung-Woo,0.6666666666666666,Acting,배성우,0.28302027121949613
Zi Yu,0.6666666666666666,Acting,梓渝,0.2797808427472337
Sebastián Rulli,0.6666666666666666,Acting,Sebastián Rulli,0.34228859010486823
Carlos Chan Ka-Lok,0.6666666666666666,Acting,陳家樂,0.24123825500582602
Mark Margolis,0.6666666666666666,Acting,Mark Margolis,0.22685915923608985
Karen Lopez,0.3333333333333333,Acting,Karen Lopez,0.28176416630168005
Chandra Wilson,0.3333333333333333,Acting,Chandra Wilson,0.21995058218810173
Dai Xu,0.6666666666666666,Acting,代旭,0.25373319339883815
Tooru Yoshida,0.6666666666666666,Visual Effects,吉田徹,0.24844433058698115
Katsuji Mori,0.6666666666666666,Acting,森功至,0.2459321207513491
Nao,0.3333333333333333,Acting,奈緒,0.39240056524721306
Philippine Velge,0.3333333333333333,Acting,Philippine Velge,0.2249750018593658
Valentina Zenere,0.3333333333333333,Acting,Valentina Zenere,0.23905659909593505
Yuki Kaida,0.3333333333333333,Acting,甲斐田ゆき,0.2841772099595898
John Stamos,0.6666666666666666,Acting,John Stamos,0.2494029369716302
Jack Champion,0.6666666666666666,Acting,Jack Champion,0.3544860299647134
Ángela Molina,0.3333333333333333,Acting,Ángela Molina,0.2821277756199952
Kanata Hosoda,0.6666666666666666,Acting,細田佳央太,0.2820947202274211
Naoki Hosaka,0.6666666666666666,Acting,保阪尚希,0.2820947202274211
Kōji Takada,0.6666666666666666,Writing,高田宏治,0.2820947202274211
Misako Takahashi,0.3333333333333333,Acting,高橋美咲子,0.282061664834847
Seray Kaya,0.3333333333333333,Acting,Seray Kaya,0.282061664834847
John Diehl,0.6666666666666666,Acting,John Diehl,0.282061664834847
Takehiko Ono,0.6666666666666666,Acting,小野武彦,0.2818633324794024
Christopher Mcquarrie,0.6666666666666666,Writing,Christopher McQuarrie,0.2818302770868283
Scott Menville,0.6666666666666666,Acting,Scott Menville,0.2816650001239578
Minami Tanaka,0.3333333333333333,Acting,田中美海,0.2815988893388095
Eric Nam,0.6666666666666666,Acting,에릭 남,0.28153277855366127
Maki Horikita,0.3333333333333333,Acting,堀北真希,0.28153277855366127
Liu Tianzuo,0.6666666666666666,Acting,刘天佐,0.2813344461982167
Shira Haas,0.3333333333333333,Acting,שירה האס,0.28130139080564254
Bobby Deol,0.6666666666666666,Acting,Bobby Deol,0.2810369476650497
Athina Tzimouli,0.3333333333333333,Acting,Αθηνά Τζιμούλη,0.28100389227247563
Álvaro Morte,0.6666666666666666,Acting,Álvaro Morte,0.28093778148732734
Luke Kleintank,0.6666666666666666,Acting,Luke Kleintank,0.28090472609475325
Takashi Matsuyama,0.6666666666666666,Acting,松山鷹志,0.28090472609475325
Nene Otsuka,0.3333333333333333,Acting,大塚寧々,0.28087167070217917
Tomoya Nagase,0.6666666666666666,Acting,長瀬智也,0.2808386153096051
Madeleine Mcgraw,0.3333333333333333,Acting,Madeleine McGraw,0.28080555991703093
Vikram,0.6666666666666666,Acting,Vikram,0.28080555991703093
Peter Outerbridge,0.6666666666666666,Acting,Peter Outerbridge,0.28080555991703093
Jonathan Nolan,0.6666666666666666,Writing,Jonathan Nolan,0.28080555991703093
Michael Jeter,0.6666666666666666,Acting,Michael Jeter,0.28077250452445685
R. Madhavan,0.6666666666666666,Acting,R. Madhavan,0.28073944913188276
David Denman,0.6666666666666666,Acting,David Denman,0.28073944913188276
Frankie Lam,0.6666666666666666,Acting,林文龍,0.2806733383467345
Maria Kawamura,0.3333333333333333,Acting,川村万梨阿,0.2806733383467345
Lucrezia Guidone,0.3333333333333333,Acting,Lucrezia Guidone,0.280508061383864
Anna Popplewell,0.3333333333333333,Acting,Anna Popplewell,0.28292110504177376
Kaan Çakır,0.6666666666666666,Acting,Kaan Çakır,0.19991901428819345
Conleth Hill,0.6666666666666666,Acting,Conleth Hill,0.2828880496491996
Etsuko Shihomi,0.3333333333333333,Acting,志穂美悦子,0.2828549942566255
Rachel Ward,0.3333333333333333,Acting,Rachel Ward,0.2827227726863291
Kim Ji-Soo,0.6666666666666666,Acting,김지수,0.20497648935203164
Isshin Chiba,0.6666666666666666,Acting,千葉一伸,0.2825905511160327
Mie Hama,0.3333333333333333,Acting,浜美枝,0.2798469535323819
Archen Aydin,0.6666666666666666,Acting,อาเชน ไอย์ดึน,0.2798138981398078
Wang Luodan,0.3333333333333333,Acting,王珞丹,0.2797477873546596
Yosuke Kubozuka,0.6666666666666666,Acting,窪塚洋介,0.2797477873546596
Juan El Caballo Loco,0.6666666666666666,,Juan El Caballo Loco,0.2796486211769373
Yuka Terasaki,0.3333333333333333,Acting,寺崎裕香,0.2796486211769373
Larry Hankin,0.6666666666666666,Acting,Larry Hankin,0.2796486211769373
Eiji Gō,0.6666666666666666,Acting,郷鍈治,0.2795163996066408
Yoko Shimada,0.3333333333333333,Acting,島田陽子,0.2795163996066408
Burt Lancaster,0.6666666666666666,Acting,Burt Lancaster,0.2795163996066408
Debbie Reynolds,0.3333333333333333,Acting,Debbie Reynolds,0.2795163996066408
Hayal Köseoğlu,0.3333333333333333,Acting,Hayal Köseoğlu,0.2794502888214926
Barbie Hsu,0.3333333333333333,Acting,徐熙媛,0.2794502888214926
Jia Zhangke,0.6666666666666666,Directing,贾樟柯,0.2794502888214926
Elisha Cook Jr.,0.6666666666666666,Acting,Elisha Cook Jr.,0.2794502888214926
Gao Shuguang,0.6666666666666666,Acting,高曙光,0.2402135378360287
Carl Ng Ka-Lung,0.6666666666666666,Acting,吳嘉龍,0.2794172334289185
Eriq La Salle,0.6666666666666666,Acting,Eriq La Salle,0.36331181978199967
Mai Ohtani,0.3333333333333333,Acting,大谷麻衣,0.25769984050773087
Zach Cregger,0.6666666666666666,Acting,Zach Cregger,0.4630068837855036
Shiri Appleby,0.3333333333333333,Acting,Shiri Appleby,0.27313670883983837
Mitsuhiro Oikawa,0.6666666666666666,Acting,及川光博,0.34774272987959576
Mitsuru Miyamoto,0.6666666666666666,Acting,宮本充,0.2680792337760001
Yuji Oda,0.6666666666666666,Acting,織田裕二,0.24874182912014808
Diana Silvers,0.3333333333333333,Acting,Diana Silvers,0.23046219702666745
Wei Daxun,0.6666666666666666,Acting,魏大勋,0.3121751274698576
Carla Gallo,0.3333333333333333,Acting,Carla Gallo,0.345627184754853
Ronny Chieng,0.6666666666666666,Acting,Ronny Chieng,0.19796874612632118
Kim Hyeon-Soo,0.3333333333333333,Acting,김현수,0.25991455181019596
Roxanne Mckee,0.3333333333333333,Acting,Roxanne McKee,0.26966589261955726
David Howard Thornton,0.6666666666666666,Acting,David Howard Thornton,0.20484426778173523
Anna Enger Ritch,0.3333333333333333,Acting,Anna Enger Ritch,0.25915427778099154
Asha Sarath,0.3333333333333333,Acting,Asha Sarath,0.15089786710079414
Gemma Jones,0.3333333333333333,Acting,Gemma Jones,0.26698840582105465
Trine Dyrholm,0.3333333333333333,Acting,Trine Dyrholm,0.23842854663702703
Sybil Danning,0.3333333333333333,Acting,Sybil Danning,0.24583295457362678
An Seo-Hyun,0.3333333333333333,Acting,안서현,0.2459982315364973
Angie Everhart,0.3333333333333333,Acting,Angie Everhart,0.22414861704501318
Hwang Seung-Eon,0.3333333333333333,Acting,황승언,0.2597162194547513
Kiyohiko Shibukawa,0.6666666666666666,Acting,渋川清彦,0.2752853093571553
Lamont Johnson,0.6666666666666666,Acting,Lamont Johnson,0.3671793007131701
Mike Tyson,0.6666666666666666,Acting,Mike Tyson,0.23105719409300138
Chi Mcbride,0.6666666666666666,Acting,Chi McBride,0.2769711343784346
Aiko Morishita,0.3333333333333333,Acting,森下愛子,0.28602831194373973
Joe Hisaishi,0.6666666666666666,Sound,久石譲,0.19734069366741316
Sidal Damar,0.3333333333333333,Acting,Sidal Damar,0.29650687138973136
John Bell,0.6666666666666666,Acting,John Bell,0.2165128213603947
T.J. Miller,0.6666666666666666,Acting,T.J. Miller,0.26275731557156906
Mel Blanc,0.6666666666666666,Acting,Mel Blanc,0.2428910246345313
Marc Ma,0.6666666666666666,Acting,馬浴柯,0.2139675561321885
Venus Wong Man-Yik,0.3333333333333333,Acting,王敏奕,0.24203158442760456
Leonard Nimoy,0.6666666666666666,Acting,Leonard Nimoy,0.30348155922286774
Liu Mengmeng,0.3333333333333333,Acting,刘萌萌,0.20428232610797542
Loredana Bertè,0.3333333333333333,Acting,Loredana Bertè,0.19773735837830247
Deric Wan,0.6666666666666666,Acting,温兆倫,0.24427935112264373
Kylie Rogers,0.3333333333333333,Acting,Kylie Rogers,0.26959978183440897
Minoru Shiraishi,0.6666666666666666,Acting,白石稔,0.2466593393879794
Heike Makatsch,0.3333333333333333,Acting,Heike Makatsch,0.27792974076308374
Choi Mei-Yau,0.3333333333333333,Acting,蔡美优,0.27789668537050966
Jirō Tamiya,0.6666666666666666,Acting,田宮二郎,0.27779751919278733
Gabriel Macht,0.6666666666666666,Acting,Gabriel Macht,0.2776652976224909
Wil Wheaton,0.6666666666666666,Acting,Wil Wheaton,0.27759918683734264
Kozo Shioya,0.6666666666666666,Acting,塩屋浩三,0.27756613144476855
Kieron Moore,0.6666666666666666,Acting,Kieron Moore,0.27753307605219446
Teetut Chungmanirat,0.6666666666666666,Acting,ธีร์ทัศน์ จึงมณีรัตน์,0.27750002065962037
Dhumal,0.6666666666666666,Acting,Dhumal,0.27750002065962037
Julie Delpy,0.3333333333333333,Acting,Julie Delpy,0.27746696526704623
Sae Bom,0.3333333333333333,Acting,Sae Bom,0.27743390987447214
Nobuaki Kaneko,0.6666666666666666,Acting,金子ノブアキ,0.27743390987447214
Kevin Mckidd,0.6666666666666666,Acting,Kevin McKidd,0.27743390987447214
Monica Chan Fat-Yung,0.3333333333333333,Acting,陳法蓉,0.27740085448189805
Moeko Ezawa,0.3333333333333333,Acting,絵沢萠子,0.27740085448189805
Rinko Mayumi,0.3333333333333333,Acting,真弓倫子,0.2773347436967498
William Zabka,0.6666666666666666,Acting,William Zabka,0.2773347436967498
Chen Xinhai,0.6666666666666666,Acting,陈鑫海,0.34648662496177973
Ryuzo Kikushima,0.6666666666666666,Writing,菊島隆三,0.2220000165276963
Keeley Karsten,0.3333333333333333,Acting,Keeley Karsten,0.34754439752415106
Camila Cabello,0.3333333333333333,Acting,Camila Cabello,0.23647827847515476
Keita Amemiya,0.6666666666666666,Directing,雨宮慶太,0.23313968382517006
Tsuguo Mogami,0.6666666666666666,Acting,最上嗣生,0.2754175309274517
Ken Yasuda,0.6666666666666666,Acting,安田顕,0.3216620251386261
Stephen Dorff,0.6666666666666666,Acting,Stephen Dorff,0.26245981703840215
Eric Justen,0.6666666666666666,Sound,Eric Justen,0.25436124585774617
Adam Mckay,0.6666666666666666,Directing,Adam McKay,0.2803758398135676
Greta Gerwig,0.3333333333333333,Acting,Greta Gerwig,0.2675834028873885
Elvis Han,0.6666666666666666,Acting,韩东君,0.3021262881273294
Alba Baptista,0.3333333333333333,Acting,Alba Baptista,0.2668561842507582
Jang Dong-Yoon,0.6666666666666666,Acting,장동윤,0.2853341486996835
Hiroshi Fujioka,0.6666666666666666,Acting,藤岡弘、,0.3790131312547001
Makio Inoue,0.6666666666666666,Acting,井上真樹夫,0.2737647612987464
Elvis Han,0.6666666666666666,Acting,韩东君,0.30863820046442825
Shigeru Nakahara,0.6666666666666666,Acting,中原茂,0.23208191126279862
Bing Russell,0.6666666666666666,Acting,Bing Russell,0.22431389400788368
Busy Philipps,0.3333333333333333,Acting,Busy Philipps,0.2676164582799626
Tsai Ming-Liang,0.6666666666666666,Directing,蔡明亮,0.24196547364245635
D'Arcy Carden,0.3333333333333333,Acting,D'Arcy Carden,0.30801014800552023
Brian Tyree Henry,0.6666666666666666,Acting,Brian Tyree Henry,0.3136626201356924
Saya Aizawa,0.3333333333333333,Acting,会沢紗弥,0.2916807840739119
Yuko Kotegawa,0.3333333333333333,Acting,古手川祐子,0.31987703393962436
Akiva Goldsman,0.6666666666666666,Writing,Akiva Goldsman,0.2287433166128139
Benny Chan Ho-Man,0.6666666666666666,Acting,陳浩民,0.3081754249683908
Akihiro Miwa,0.6666666666666666,Acting,美輪明宏,0.2760125279937856
Fabien Frankel,0.6666666666666666,Acting,Fabien Frankel,0.2759794726012115
Takaya Kamikawa,0.6666666666666666,Acting,上川隆也,0.2759794726012115
A.J. Cook,0.3333333333333333,Acting,A.J. Cook,0.2759794726012115
Song Geon-Hee,0.6666666666666666,Acting,송건희,0.2759464172086374
Wim Wenders,0.6666666666666666,Directing,Wim Wenders,0.2759464172086374
Daisuke Kishio,0.6666666666666666,Acting,岸尾だいすけ,0.2758803064234892
Jacqueline Obradors,0.3333333333333333,Acting,Jacqueline Obradors,0.27584725103091506
Sydney Pollack,0.6666666666666666,Directing,Sydney Pollack,0.275814195638341
Erik Per Sullivan,0.6666666666666666,Acting,Erik Per Sullivan,0.2757811402457669
Machiko Washio,0.3333333333333333,Acting,鷲尾真知子,0.27571502946061865
Kendrick Sampson,0.6666666666666666,Acting,Kendrick Sampson,0.2547248551760613
Kinya Kitaoji,0.6666666666666666,Acting,北大路欣也,0.2756489186754705
Saku Mizuno,0.3333333333333333,Acting,水野朔,0.2756158632828963
Yurina Yanagi,0.3333333333333333,Acting,柳ゆり菜,0.2756158632828963
Barbara Niven,0.3333333333333333,Acting,Barbara Niven,0.2755828078903222
Chiaki Omigawa,0.3333333333333333,Acting,小見川千明,0.27551669710517396
Kent Ito,0.6666666666666666,Acting,伊東健人,0.27548364171259987
Glenn Morshower,0.6666666666666666,Acting,Glenn Morshower,0.24794849969836955
Hoyeon,0.3333333333333333,Acting,정호연,0.2463618408548125
Essie Davis,0.3333333333333333,Acting,Essie Davis,0.2309910833078531
Alan Oppenheimer,0.6666666666666666,Acting,Alan Oppenheimer,0.25277458701418903
Maggie Siff,0.3333333333333333,Acting,Maggie Siff,0.544521481873249
Silvia Navarro,0.3333333333333333,Acting,Silvia Navarro,0.29888685965506695
Roger Kwok Chun-On,0.6666666666666666,Acting,郭晉安,0.22057863464700975
P.J. Byrne,0.6666666666666666,Acting,P.J. Byrne,0.23029692006379687
Callie Thorne,0.3333333333333333,Acting,Callie Thorne,0.22993331074548176
Clive Standen,0.6666666666666666,Acting,Clive Standen,0.25981538563247364
Robert John Burke,0.6666666666666666,Acting,Robert John Burke,0.27796279615565783
Steven Weber,0.6666666666666666,Acting,Steven Weber,0.23274301911428075
Kunal Nayyar,0.6666666666666666,Acting,Kunal Nayyar,0.22857803964994342
Rana Daggubati,0.6666666666666666,Acting,Rana Daggubati,0.27264087795122677
Joshua Rudoy,0.6666666666666666,Acting,Joshua Rudoy,0.2515515374889471
Baomu Zhongyang,0.6666666666666666,Acting,宝木中阳,0.3129684568916361
April Bowlby,0.3333333333333333,Acting,April Bowlby,0.21386838995446622
Fred Savage,0.6666666666666666,Acting,Fred Savage,0.2587245576775281
Nachi Nozawa,0.6666666666666666,Acting,野沢那智,0.28047500599128994
Tate Donovan,0.6666666666666666,Acting,Tate Donovan,0.333165301754415
Hera Hilmar,0.3333333333333333,Acting,Hera Hilmar,0.23284218529200307
Kevin Cheng Ka-Wing,0.6666666666666666,Acting,鄭嘉穎,0.24173408589443765
Ben Gazzara,0.6666666666666666,Acting,Ben Gazzara,0.20329066433075227
Chase Sui Wonders,0.3333333333333333,Acting,Chase Sui Wonders,0.17820162136700574
Jim Jarmusch,0.6666666666666666,Directing,Jim Jarmusch,0.26983116958242775
Sidney Poitier,0.6666666666666666,Acting,Sidney Poitier,0.22960275681974066
Mirta Busnelli,0.3333333333333333,Acting,Mirta Busnelli,0.24788238891322134
Constance Wu,0.3333333333333333,Acting,Constance Wu,0.31591038683073164
Courtney B. Vance,0.6666666666666666,Acting,Courtney B. Vance,0.25029543257113107
Stella Stevens,0.3333333333333333,Acting,Stella Stevens,0.24989876786024182
Bob Hoskins,0.6666666666666666,Acting,Bob Hoskins,0.23647827847515476
Janice Wu,0.3333333333333333,Acting,吴倩,0.27393003826161694
Angela Kinsey,0.3333333333333333,Acting,Angela Kinsey,0.2738639274764687
Fuka Izumi,0.3333333333333333,Acting,和泉風花,0.2737317059061723
Li Chengru,0.6666666666666666,Acting,李成儒,0.27359948433587583
Charles Heung,0.6666666666666666,Acting,向華強,0.2735333735507276
Jang Yoon-Ju,0.3333333333333333,Acting,장윤주,0.2735003181581535
Kimiko Saito,0.3333333333333333,Acting,斉藤貴美子,0.2735003181581535
Matt Walsh,0.6666666666666666,Acting,Matt Walsh,0.2734672627655794
Iman Vellani,0.3333333333333333,Acting,Iman Vellani,0.2733019858027089
Kim Yoon-Hye,0.3333333333333333,Acting,김윤혜,0.2732358750175607
Michael T. Weiss,0.6666666666666666,Acting,Michael T. Weiss,0.2732358750175607
Jo Kok Cho-Lam,0.3333333333333333,Acting,谷祖琳,0.2732028196249866
Loretta Devine,0.3333333333333333,Acting,Loretta Devine,0.2731697642324125
Maria Doyle Kennedy,0.3333333333333333,Acting,Maria Doyle Kennedy,0.27313670883983837
Pam Ferris,0.3333333333333333,Acting,Pam Ferris,0.30480377492583194
Mio Sugiyama,0.3333333333333333,Acting,杉山未央,0.30477071953325785
Yuliya Frants,0.3333333333333333,Acting,Юлия Франц,0.30477071953325785
Hayal Köseoğlu,0.3333333333333333,Acting,Hayal Köseoğlu,0.30477071953325785
Jun Miho,0.3333333333333333,Acting,美保純,0.3047046087481097
Yuko Goto,0.3333333333333333,Acting,後藤邑子,0.3045393317852391
Jia Ling,0.3333333333333333,Acting,贾玲,0.30450627639266503
J. Smith-Cameron,0.3333333333333333,Acting,J. Smith-Cameron,0.30450627639266503
Amybeth Mcnulty,0.3333333333333333,Acting,Amybeth McNulty,0.30447322100009094
Min Tanaka,0.6666666666666666,Acting,田中泯,0.3044401656075168
Nana Katase,0.3333333333333333,Acting,片瀬那奈,0.3044071102149427
Robin Atkin Downes,0.6666666666666666,Acting,Robin Atkin Downes,0.3044071102149427
George Perez,0.6666666666666666,Acting,George Perez,0.3043740548223686
Taiten Kusunoki,0.6666666666666666,Acting,楠大典,0.3043740548223686
Danny Boyle,0.6666666666666666,Directing,Danny Boyle,0.3043740548223686
Li Chengru,0.6666666666666666,Acting,李成儒,0.30434099942979453
Percy Hynes White,0.6666666666666666,Acting,Percy Hynes White,0.3043079440372204
Shota Matsuda,0.6666666666666666,Acting,松田翔太,0.30424183325207216
Yukijiro Hotaru,0.6666666666666666,Acting,螢雪次朗,0.304208777859498
Courtney Henggeler,0.3333333333333333,Acting,Courtney Henggeler,0.3041757224669239
Wade Williams,0.6666666666666666,Acting,Wade Williams,0.27254171177350445
Park Hae-Il,0.6666666666666666,Acting,박해일,0.2722772686329116
Dennis Weaver,0.6666666666666666,Acting,Dennis Weaver,0.2721119916700411
Rii Sen,0.3333333333333333,Acting,Rii Sen,0.272078936277467
Pyo Ye-Jin,0.3333333333333333,Acting,표예진,0.27204588088489284
Kazuya Kamenashi,0.6666666666666666,Acting,亀梨和也,0.27204588088489284
Yuriko Fuchizaki,0.3333333333333333,Acting,渕崎ゆり子,0.27197977009974467
Koji Yamamoto,0.6666666666666666,Acting,山本耕史,0.2719467147071706
Chen Zhangtaikang,0.6666666666666666,Acting,陈张太康,0.27184754852944826
Ayaka Nanase,0.3333333333333333,Acting,七瀬彩夏,0.27174838235172594
Chen Jianbin,0.6666666666666666,Acting,陈建斌,0.27174838235172594
Toshinori Omi,0.6666666666666666,Acting,尾美としのり,0.27174838235172594
Meredith Monroe,0.3333333333333333,Acting,Meredith Monroe,0.27161616078142947
Rhen Escaño,0.3333333333333333,Acting,Rhen Escaño,0.29250716888826456
Lee Jun-Hyuk,0.6666666666666666,Acting,이준혁,0.2787891809700105
Rokkō Toura,0.6666666666666666,Acting,戸浦六宏,0.2040839937525308
Timothy Omundson,0.6666666666666666,Acting,Timothy Omundson,0.24540323447016338
Jeong Da-Eun,0.3333333333333333,Acting,정다은,0.2984901949441777
Katie Mcgrath,0.3333333333333333,Acting,Katie McGrath,0.29254022428083865
Raymond Massey,0.6666666666666666,Acting,Raymond Massey,0.18772157442834833
Ahn Sung-Ki,0.6666666666666666,Acting,안성기,0.26107149055028966
Orson Bean,0.6666666666666666,Acting,Orson Bean,0.2673189597467957
Katayoun Riahi,0.3333333333333333,Acting,کتایون ریاحی,0.21836392334454466
Simon Callow,0.6666666666666666,Acting,Simon Callow,0.2095050781346842
Marina Sirtis,0.3333333333333333,Acting,Marina Sirtis,0.22752026708757198
Junna Itō,0.3333333333333333,Acting,伊藤純奈,0.2225619582014561
Ryoko Maekawa,0.3333333333333333,Acting,前川涼子,0.23251163136626204
Marcia Cross,0.3333333333333333,Acting,Marcia Cross,0.2711864406779661
Walter Hill,0.6666666666666666,Directing,Walter Hill,0.2711864406779661
Jang So-Yeon,0.3333333333333333,Acting,장소연,0.271153385285392
Ayako Wakao,0.3333333333333333,Acting,若尾文子,0.2711203298928179
Sara Martins,0.3333333333333333,Acting,Sara Martins,0.27108727450024384
Shin Hyun-Been,0.3333333333333333,Acting,신현빈,0.2710211637150956
Kiichi Nakai,0.6666666666666666,Acting,中井貴一,0.2710211637150956
Victoria Hamilton,0.3333333333333333,Acting,Victoria Hamilton,0.2710211637150956
Raoul Max Trujillo,0.6666666666666666,Acting,Raoul Max Trujillo,0.2710211637150956
Zhou Yiwei,0.6666666666666666,Acting,周一围,0.2709881083225215
Min Kyu-Dong,0.6666666666666666,Directing,민규동,0.2709881083225215
Aneet Padda,0.3333333333333333,Acting,अनीत पड्डा,0.2709550529299473
Maya Okamoto,0.3333333333333333,Acting,岡本麻弥,0.2709550529299473
Kyōko Kagawa,0.3333333333333333,Acting,香川京子,0.2709219975373732
Saranphat Pedersen,0.3333333333333333,Acting,ศรัณย์ภัทร์ พีเดอร์เซน,0.27072366518192864
Michael Landes,0.6666666666666666,Acting,Michael Landes,0.27072366518192864
Osamu Mukai,0.6666666666666666,Acting,向井理,0.2706575543967804
Mariah Carey,0.3333333333333333,Acting,Mariah Carey,0.2706244990042063
Kenji Tanigaki,0.6666666666666666,Crew,谷垣健治,0.27059144361163223
Asami Shimoda,0.3333333333333333,Acting,下田麻美,0.22675999305836755
Tarciana Saad,0.3333333333333333,Acting,Tarciana Saad,0.18901073473873842
Yuu Kashii,0.3333333333333333,Acting,香椎由宇,0.25105570660033555
Q'Orianka Kilcher,0.3333333333333333,Acting,Q'orianka Kilcher,0.3342561297093604
Vishnu Priya Bhimeneni,0.3333333333333333,Acting,Vishnu Priya Bhimeneni,0.26616202100670194
Corey Hawkins,0.6666666666666666,Acting,Corey Hawkins,0.1865646356882546
Martin Donovan,0.6666666666666666,Acting,Martin Donovan,0.18782074060607065
Julia Schlaepfer,0.3333333333333333,Acting,Julia Schlaepfer,0.24401490798205092
Leonor Varela,0.3333333333333333,Acting,Leonor Varela,0.23204885587022453
Toshio Yasumi,0.6666666666666666,Writing,八住利雄,0.2488740506904445
Whitney Peak,0.3333333333333333,Acting,Whitney Peak,0.2643770298077003
Hinata Hiiragi,0.6666666666666666,Acting,柊木陽太,0.22388417390442034
Karine Vanasse,0.3333333333333333,Acting,Karine Vanasse,0.29845713955160363
Park Yoon-Ho,0.6666666666666666,Acting,박윤호,0.29207744878480113
Riri Kuribayashi,0.3333333333333333,Acting,栗林里莉,0.21499227330198578
Ed Speleers,0.6666666666666666,Acting,Ed Speleers,0.24444462808551434
Ashina Kwok,0.3333333333333333,Acting,郭奕芯,0.24355213248601343
Seohyun,0.3333333333333333,Acting,서현,0.3654273649067425
Ariel Lin,0.3333333333333333,Acting,林依晨,0.22411556165243907
Fang Yilun,0.6666666666666666,Acting,方逸倫,0.2317183019444835
Nicholas Hammond,0.6666666666666666,Acting,Nicholas Hammond,0.2134717252435769
Hacken Lee,0.6666666666666666,Acting,李克勤,0.21459560859109655
Marta Hazas,0.3333333333333333,Acting,Marta Hazas,0.17165665363733273
Tsuyoshi Muro,0.6666666666666666,Acting,ムロツヨシ,0.22986719996033356
Ty Simpkins,0.6666666666666666,Acting,Ty Simpkins,0.2489732168681668
Shin Jung-Keun,0.6666666666666666,Acting,신정근,0.21743837235246966
Kunie Tanaka,0.6666666666666666,Acting,田中邦衛,0.3647993124478345
Yuan Ran,0.3333333333333333,Acting,苑冉,0.23059441859696386
Brian Blessed,0.6666666666666666,Acting,Brian Blessed,0.194795428439207
Rattanawadee Wongtong,0.3333333333333333,Acting,รัตนวดี วงศ์ทอง,0.3694601228007834
Tensai Okamura,0.6666666666666666,Directing,岡村天斎,0.269269227908668
John Michael Higgins,0.6666666666666666,Acting,John Michael Higgins,0.2692361725160939
Jack Dylan Grazer,0.6666666666666666,Acting,Jack Dylan Grazer,0.26920311712351974
Callum Keith Rennie,0.6666666666666666,Acting,Callum Keith Rennie,0.26920311712351974
Courtney Henggeler,0.3333333333333333,Acting,Courtney Henggeler,0.2691039509457975
Jack Palance,0.6666666666666666,Acting,Jack Palance,0.2691039509457975
Sergey Burunov,0.6666666666666666,Acting,Сергей Бурунов,0.26907089555322333
Yūjirō Ishihara,0.6666666666666666,Acting,石原裕次郎,0.26903784016064924
Kaho Minami,0.3333333333333333,Acting,南果歩,0.26903784016064924
Kadeem Hardison,0.6666666666666666,Acting,Kadeem Hardison,0.26900478476807516
Wrenn Schmidt,0.3333333333333333,Acting,Wrenn Schmidt,0.26897172937550096
Sofia Black-D'Elia,0.3333333333333333,Acting,Sofia Black-D'Elia,0.26893867398292687
Masanobu Ando,0.6666666666666666,Acting,安藤政信,0.26883950780520455
Shen Haonan,0.6666666666666666,Acting,申浩男,0.26880645241263046
Mario López,0.6666666666666666,Acting,Mario López,0.26877339702005637
Hana Hishikawa,0.3333333333333333,Acting,菱川花菜,0.2687403416274822
Céline Buckens,0.3333333333333333,Acting,Celine Buckens,0.26870728623490814
Leslie Medina,0.3333333333333333,Acting,Leslie Medina,0.26259203860869856
Sarita Choudhury,0.3333333333333333,Acting,Sarita Choudhury,0.2941929939095439
Chi Lewis-Parry,0.6666666666666666,Acting,Chi Lewis-Parry,0.4694196299448801
David Dhawan,0.6666666666666666,Directing,David Dhawan,0.3332975233247114
Archana Puran Singh,0.3333333333333333,Acting,Archana Puran Singh,0.11777636374153988
Lau Siu-Ming,0.6666666666666666,Acting,劉兆銘,0.3001099091803089
Sam Riley,0.6666666666666666,Acting,Sam Riley,0.1703013825417944
Lulu Wilson,0.3333333333333333,Acting,Lulu Wilson,0.19833235544463632
Ko Chia-Yen,0.3333333333333333,Acting,柯佳嬿,0.3220256344569412
David Shore,0.6666666666666666,Writing,David Shore,0.2509565404226132
Niu Junfeng,0.6666666666666666,Acting,牛駿峰,0.20857952714260924
Son Hyun-Joo,0.6666666666666666,Acting,손현주,0.277995851548232
Harvey Weinstein,0.6666666666666666,Production,Harvey Weinstein,0.2225950135940302
Miki Narahashi,0.3333333333333333,Acting,ならはしみき,0.2547248551760613
Park Byung-Eun,0.6666666666666666,Acting,박병은,0.2883421894239272
Ye Seul,0.3333333333333333,Acting,Ye Seul,0.35594046723797407
Virginia Gardner,0.3333333333333333,Acting,Virginia Gardner,0.35597352263054816
Sidharth Malhotra,0.6666666666666666,Acting,Sidharth Malhotra,0.31977786776190203
Telly Savalas,0.6666666666666666,Acting,Telly Savalas,0.2877141369650192
Marla Sokoloff,0.3333333333333333,Acting,Marla Sokoloff,0.24265963688651257
Sonija Kwok Sin-Nae,0.3333333333333333,Acting,郭羨妮,0.25958399788445485
Peter Mensah,0.6666666666666666,Acting,Peter Mensah,0.21816559098909996
Alexa Meyer,0.0,Production,Alexa Meyer,0.10157922138022793
Jo Yu-Ri,0.3333333333333333,Acting,조유리,0.36486542323298266
Lauren Lee Smith,0.3333333333333333,Acting,Lauren Lee Smith,0.2284788734722211
Jung Woong-In,0.6666666666666666,Acting,정웅인,0.1746316389690023
Aki Maeda,0.3333333333333333,Acting,前田亜季,0.28120222462792027
René Auberjonois,0.6666666666666666,Acting,René Auberjonois,0.24100686725780732
Jay Lau Kam-Ling,0.3333333333333333,Acting,劉錦玲,0.26536869158492343
Lee Hak-Ju,0.6666666666666666,Acting,이학주,0.2523779223032998
Ivy Yin,0.3333333333333333,Acting,尹馨,0.24384963101918042
Michelle Hurd,0.3333333333333333,Acting,Michelle Hurd,0.22900775975340681
Volcano Ota,0.6666666666666666,Acting,ボルケーノ太田,0.21386838995446622
Airi Matsui,0.3333333333333333,Acting,松井愛莉,0.2933996644877654
Julia Jones,0.3333333333333333,Acting,Julia Jones,0.21456255319852244
Noriko Ohara,0.3333333333333333,Acting,小原乃梨子,0.2249750018593658
Yū Fujiki,0.6666666666666666,Acting,藤木悠,0.264608417555719
Dennis Chan Kwok-San,0.6666666666666666,Acting,陳國新,0.30863820046442825
Larry Miller,0.6666666666666666,Acting,Larry Miller,0.2544604120354685
Takahiro Miki,0.6666666666666666,Directing,三木孝浩,0.2876149707872968
Wood Harris,0.6666666666666666,Acting,Wood Harris,0.25293986397705953
Amanda Morrow,0.3333333333333333,Acting,Amanda Morrow,0.20018345742878627
Eileen Brennan,0.3333333333333333,Acting,Eileen Brennan,0.2618317645794941
Amy Lindsay,0.3333333333333333,Acting,Amy Lindsay,0.2011751192060095
Youssef Fakhouri,0.0,Acting,Youssef Fakhouri,0.10395920964556356
Ichirō Nakatani,0.6666666666666666,Acting,中谷一郎,0.2771033559487311
Esra Ronabar,0.3333333333333333,Acting,Esra Ronabar,0.16392169177499197
Kouki Miyata,0.6666666666666666,Acting,宮田幸季,0.2550884644943765
Gam Biu,0.6666666666666666,Acting,金彪,0.21519060565743045
Aleksey Panin,0.6666666666666666,Acting,Алексей Панин,0.19859679858522922
Deanna Merryman,0.3333333333333333,Acting,Deanna Merryman,0.005949970663339096
Yoichiro Saito,0.6666666666666666,Acting,斉藤陽一郎,0.22398334008214266
Greg Hsu,0.6666666666666666,Acting,許光漢,0.24834516440925886
Andy Richter,0.6666666666666666,Acting,Andy Richter,0.20319149815302995
Isabel Gravitt,0.3333333333333333,Acting,Isabel Gravitt,0.22609888520688542
Evergreen Mak Cheung-Ching,0.6666666666666666,Acting,麥長青,0.23284218529200307
Park Hoon-Jung,0.6666666666666666,Directing,박훈정,0.2509234850300391
Jakrapatr Kaewpanpong,0.6666666666666666,Acting,จักรภัทร แก้วพันธุ์พงษ์,0.2942921600872662
Jake Weary,0.6666666666666666,Acting,Jake Weary,0.2696328372269831
Danielle Nicolet,0.3333333333333333,Acting,Danielle Nicolet,0.2404118701914734
Katrina Dovey,0.3333333333333333,Acting,Katrina Dovey,0.278954457932881
Ren Meguro,0.6666666666666666,Acting,目黒蓮,0.2636167557784958
Tomo Sakurai,0.3333333333333333,Acting,櫻井智,0.22758637787272018
Ren Meguro,0.6666666666666666,Acting,目黒蓮,0.29703575767091706
Tomo Sakurai,0.3333333333333333,Acting,櫻井智,0.29703575767091706
Norifumi Suzuki,0.6666666666666666,Directing,鈴木則文,0.29703575767091706
Laura Harring,0.3333333333333333,Acting,Laura Harring,0.29703575767091706
Emily Bader,0.3333333333333333,Acting,Emily Bader,0.2969365914931947
Dulé Hill,0.6666666666666666,Acting,Dulé Hill,0.2969365914931947
Lauren Lyle,0.3333333333333333,Acting,Lauren Lyle,0.2969035361006206
Larenz Tate,0.6666666666666666,Acting,Larenz Tate,0.2969035361006206
Jung Sung-Il,0.6666666666666666,Acting,정성일,0.2968704807080465
Julia Nickson,0.3333333333333333,Acting,Julia Nickson,0.2968704807080465
Kotori Koiwai,0.3333333333333333,Acting,小岩井ことり,0.2968374253154724
Oleksandr Hai,0.6666666666666666,Acting,Олександр Гай,0.2968374253154724
Vanessa Ferlito,0.3333333333333333,Acting,Vanessa Ferlito,0.2968374253154724
Halsey,0.3333333333333333,Acting,Halsey,0.2967713145303242
Vikram,0.6666666666666666,Acting,Vikram,0.296705203745176
Lorenzo Lamas,0.6666666666666666,Acting,Lorenzo Lamas,0.29667214835260186
Chen Jianbin,0.6666666666666666,Acting,陈建斌,0.2966060375674537
Tsuyoshi Kusanagi,0.6666666666666666,Acting,草彅剛,0.2966060375674537
Burt Lancaster,0.6666666666666666,Acting,Burt Lancaster,0.2966060375674537
Gena Rowlands,0.3333333333333333,Acting,Gena Rowlands,0.2965729821748796
Devon Aoki,0.3333333333333333,Acting,Devon Aoki,0.26599674404383145
Sharlto Copley,0.6666666666666666,Acting,Sharlto Copley,0.26596368865125736
Grace Caroline Currey,0.3333333333333333,Acting,Grace Caroline Currey,0.26596368865125736
Kyla Pratt,0.3333333333333333,Acting,Kyla Pratt,0.26593063325868327
Patrick Gibson,0.6666666666666666,Acting,Patrick Gibson,0.2658975778661091
Martyn Ford,0.6666666666666666,Acting,Martyn Ford,0.26586452247353504
Madiha Kamel,0.3333333333333333,Acting,مديحة كامل,0.26569924551066454
Noriko Nakagoshi,0.3333333333333333,Acting,中越典子,0.26563313472551625
Lisa Bonet,0.3333333333333333,Acting,Lisa Bonet,0.26560007933294216
Warren Beatty,0.6666666666666666,Acting,Warren Beatty,0.26553396854779393
Eric Balfour,0.6666666666666666,Acting,Eric Balfour,0.26533563619234934
Frances Sternhagen,0.3333333333333333,Acting,Frances Sternhagen,0.26530258079977526
Yan Bingyan,0.3333333333333333,Acting,Yan Bingyan,0.265236470014627
John Corbett,0.6666666666666666,Acting,John Corbett,0.265236470014627
Kim Min-Gue,0.6666666666666666,Acting,김민규,0.29591187432339744
Liv Ullmann,0.3333333333333333,Acting,Liv Ullmann,0.23717244171921098
Rock Hudson,0.6666666666666666,Acting,Rock Hudson,0.25135320513350246
Eri Sendai,0.3333333333333333,Acting,仙台エリ,0.20375343982678978
Oh In-Hye,0.3333333333333333,Acting,오인혜,0.20206761480551033
Toshinari Fukamachi,0.6666666666666666,Acting,深町寿成,0.2318174681222058
Nadia Gray,0.3333333333333333,Acting,Nadia Gray,0.3037790577560347
Eliza Coupe,0.3333333333333333,Acting,Eliza Coupe,0.21998363758067582
Ikuko Tani,0.3333333333333333,Acting,谷育子,0.21991752679552762
J. D. Pardo,0.6666666666666666,Acting,J. D. Pardo,0.20015040203621218
Berg Ng Ting-Yip,0.6666666666666666,Acting,吳廷燁,0.2542620796800238
Kinryu Arimoto,0.6666666666666666,Acting,有本欽隆,0.2555181845978398
Yvette Nicole Brown,0.3333333333333333,Acting,Yvette Nicole Brown,0.25277458701418903
Wang Zhener,0.3333333333333333,Acting,王真儿,0.2772355775190275
Julian Mcmahon,0.6666666666666666,Acting,Julian McMahon,0.22675999305836755
Ricardo Mendoza,0.6666666666666666,Acting,Ricardo Mendoza,0.20613342809212537
Nina Arianda,0.3333333333333333,Acting,Nina Arianda,0.21849614491484107
Paul Sparks,0.6666666666666666,Acting,Paul Sparks,0.22768554405044256
Armin Mueller-Stahl,0.6666666666666666,Acting,Armin Mueller-Stahl,0.15823616425224568
Olivia Taylor Dudley,0.3333333333333333,Acting,Olivia Taylor Dudley,0.2752853093571553
Jackson Rathbone,0.6666666666666666,Acting,Jackson Rathbone,0.1980018015188953
Sofia Helin,0.3333333333333333,Acting,Sofia Helin,0.2764753034898231
Blanca De Castejón,0.3333333333333333,Acting,Blanca de Castejón,0.037683147534480904
Amanda Rawles,0.3333333333333333,Acting,Amanda Rawles,0.20904230263864676
Kenta Izuka,0.6666666666666666,Acting,猪塚健太,0.23251163136626204
Chris Navarro,0.6666666666666666,Sound,Chris Navarro,0.14779066019882822
Lee Hye-Ri,0.3333333333333333,Acting,이혜리,0.29445743705013677
S. Epatha Merkerson,0.3333333333333333,Acting,S. Epatha Merkerson,0.21862836648513748
Barkhad Abdi,0.6666666666666666,Acting,Barkhad Abdi,0.23489161963159763
Terunosuke Takezai,0.6666666666666666,Acting,竹財輝之助,0.30434099942979453
Yoshino Takamori,0.3333333333333333,Acting,鷹森淑乃,0.21208339875546448
Peter Tramm,0.6666666666666666,Acting,Peter Tramm,0.21843003412969286
Jin Xuanyu,0.6666666666666666,Acting,金玄雨,0.29637464981943495
Jesse L. Martin,0.6666666666666666,Acting,Jesse L. Martin,0.26378203274136636
Jung Moon-Sung,0.6666666666666666,Acting,정문성,0.26374897734879227
Jack Mcbrayer,0.6666666666666666,Acting,Jack McBrayer,0.26374897734879227
Grace Van Dien,0.3333333333333333,Acting,Grace Van Dien,0.2636498111710699
Shuhei Nomura,0.6666666666666666,Acting,野村周平,0.2636167557784958
Zhang Jiongmin,0.6666666666666666,Acting,张炯敏,0.26358370038592166
Yoko Honna,0.3333333333333333,Acting,本名陽子,0.26358370038592166
Naho Toda,0.3333333333333333,Acting,戸田菜穂,0.26355064499334757
Ayumi Mano,0.3333333333333333,Acting,真野あゆみ,0.2634845342081994
Bill Duke,0.6666666666666666,Acting,Bill Duke,0.2634845342081994
Christina Plate,0.3333333333333333,Acting,Christina Plate,0.26341842342305116
April Tung Ling,0.3333333333333333,Acting,April Tung Ling,0.2633853680304771
Zhang Wanyi,0.6666666666666666,Acting,张晚意,0.26328620185275475
Vijitha Vijayakumar,0.3333333333333333,Acting,Vijitha Vijayakumar,0.26325314646018066
Emiko Takeuchi,0.3333333333333333,Acting,竹内恵美子,0.2632200910676066
Nozomi Yamamoto,0.3333333333333333,Acting,山本希望,0.2632200910676066
John Carradine,0.6666666666666666,Acting,John Carradine,0.2632200910676066
Chihiro Suzuki,0.6666666666666666,Acting,鈴木千尋,0.26318703567503243
Lau Kar-Wing,0.6666666666666666,Acting,劉家榮,0.26318703567503243
Nobuko Otowa,0.3333333333333333,Acting,乙羽信子,0.26315398028245834
Nobuyo Oyama,0.3333333333333333,Acting,大山のぶ代,0.263054814104736
Martin Sensmeier,0.6666666666666666,Acting,Martin Sensmeier,0.26302175871216193
Skye Mccole Bartusiak,0.3333333333333333,Acting,Skye McCole Bartusiak,0.26298870331958785
Greta Lee,0.3333333333333333,Acting,Greta Lee,0.2628564817492914
河北彩花,0.0,Acting,河北彩花,0.26279037096414315
Chang Kuo-Chu,0.6666666666666666,Acting,張國柱,0.26279037096414315
Jung Jae-Young,0.6666666666666666,Acting,정재영,0.2642778636299779
Seo Hyun-Woo,0.6666666666666666,Acting,서현우,0.23882521134791626
Shin Ha-Kyun,0.6666666666666666,Acting,신하균,0.30791098182779797
George Clayton Johnson,0.6666666666666666,Writing,George Clayton Johnson,0.15727755786759665
Richard Roundtree,0.6666666666666666,Acting,Richard Roundtree,0.23419745638754141
Wang Ziyi,0.6666666666666666,Acting,王杍逸,0.25399763653943097
Meg Bush,0.3333333333333333,Acting,Meg Bush,0.18068077581006373
Katsuhiro Otomo,0.6666666666666666,Writing,大友克洋,0.2729383764843937
An Yu-Jin,0.3333333333333333,Acting,안유진,0.23039608624151925
Ever Carradine,0.3333333333333333,Acting,Ever Carradine,0.2661950763992761
Narana Erdyneeva,0.3333333333333333,Acting,Нарана Эрдынеева,0.19681180738622747
Tetsuji Tamayama,0.6666666666666666,Acting,玉山鉄二,0.24573378839590448
Louis Yuen Siu-Cheung,0.6666666666666666,Acting,阮兆祥,0.19786957994859888
Amber Valletta,0.3333333333333333,Acting,Amber Valletta,0.24143658736127063
Eliza Yue Chi-Wai,0.3333333333333333,Acting,于芷蔚,0.37511259493095556
Akira Ishihama,0.6666666666666666,Acting,石濱朗,0.26328620185275475
Kwak Dong-Yeon,0.6666666666666666,Acting,곽동연,0.2620631523275128
Chuck Connors,0.6666666666666666,Acting,Chuck Connors,0.19096100290061066
Oh Yeon-Seo,0.3333333333333333,Acting,오연서,0.2492046046161856
Cush Jumbo,0.3333333333333333,Acting,Cush Jumbo,0.2008445652802684
Tsutomu Shibayama,0.6666666666666666,Directing,芝山努,0.2526093100513185
Sean Harris,0.6666666666666666,Acting,Sean Harris,0.15959143534778403
Michael Tao Tai-Yu,0.6666666666666666,Acting,陶大宇,0.2946557694055814
Sachi Hamano,0.3333333333333333,Directing,浜野佐知,0.24563462221818208
Ai Kato,0.3333333333333333,Acting,加藤あい,0.22758637787272018
Mark Chao,0.6666666666666666,Acting,趙又廷,0.2921435595699493
Naoko Watanabe,0.3333333333333333,Acting,渡辺菜生子,0.2492376600087597
Kurtwood Smith,0.6666666666666666,Acting,Kurtwood Smith,0.2751530877868589
Koji Ishizaka,0.6666666666666666,Acting,石坂浩二,0.2548901321389318
Eitarō Ozawa,0.6666666666666666,Acting,小沢栄太郎,0.29316827673974666
Pamela Franklin,0.3333333333333333,Acting,Pamela Franklin,0.1616408696873786
Tamae Ando,0.3333333333333333,Acting,安藤玉恵,0.34665190192465023
Sun Haiying,0.6666666666666666,Acting,孙海英,0.2966060375674537
Ryohei Suzuki,0.6666666666666666,Acting,鈴木亮平,0.34582551711029763
Natsu Yorita,0.3333333333333333,Acting,依田菜津,0.2466593393879794
Liu Lin,0.3333333333333333,Acting,刘琳,0.3120759612921353
Bergüzar Korel,0.3333333333333333,Acting,Bergüzar Korel,0.2680792337760001
Wang Ou,0.3333333333333333,Acting,王鸥,0.29650687138973136
Zach Woods,0.6666666666666666,Acting,Zach Woods,0.22166946260195527
Takako Tanaka,0.3333333333333333,Acting,田中貴子,0.24768405655777673
Melina Kanakaredes,0.3333333333333333,Acting,Melina Kanakaredes,0.2036212182564933
Benny Safdie,0.6666666666666666,Directing,Benny Safdie,0.22395028468956854
Gua Ah-Leh,0.3333333333333333,Acting,歸亞蕾,0.2908874546521333
Kaoru Okunuki,0.3333333333333333,Acting,奥貫薫,0.2920113379996529
Hiroshi Iwasaki,0.6666666666666666,Acting,岩崎ひろし,0.20990174284557347
Shunya Shiraishi,0.6666666666666666,Acting,白石隼也,0.2766736358452677
Aybüke Pusat,0.3333333333333333,Acting,Aybüke Pusat,0.21033146294903682
Ryoko Yonekura,0.3333333333333333,Acting,米倉涼子,0.2585592807146576
Yasuko Matsuyuki,0.3333333333333333,Acting,松雪泰子,0.3045393317852391
Frank Kjosås,0.6666666666666666,Acting,Frank Kjosås,0.1827302101496583
Warwick Davis,0.6666666666666666,Acting,Warwick Davis,0.23624689072713598
Tomoyo Harada,0.3333333333333333,Acting,原田知世,0.16577279375914192
Shigeru Kōyama,0.6666666666666666,Acting,神山繁,0.1888124023832938
Tu Songyan,0.6666666666666666,Acting,涂松岩,0.2518820914146882
Azumi Asakura,0.3333333333333333,Acting,浅倉杏美,0.2581956713963424
Morgan Lindholm,0.3333333333333333,Acting,Morgan Lindholm,0.2259005528514408
Kj Apa,0.6666666666666666,Acting,KJ Apa,0.3862522622284293
Li Hongyi,0.6666666666666666,Acting,李宏毅,0.2155542149757456
Florence Kwok Siu-Wan,0.3333333333333333,Acting,郭少芸,0.23988298391028767
Lu Wei,0.6666666666666666,Writing,芦苇,0.21155451247427876
Francis Lawrence,0.6666666666666666,Directing,Francis Lawrence,0.32833921443859554
Diana Scarwid,0.3333333333333333,Acting,Diana Scarwid,0.18950656562735002
Hu Yitian,0.6666666666666666,Acting,胡一天,0.2991513027956599
Danielle Rose Russell,0.3333333333333333,Acting,Danielle Rose Russell,0.23069358477468618
Linda Chung Ka-Yan,0.3333333333333333,Acting,鐘嘉欣,0.25118792817063196
Siobhan Fallon Hogan,0.3333333333333333,Acting,Siobhan Fallon Hogan,0.28692080754324056
Dong Chengpeng,0.6666666666666666,Acting,董成鹏,0.1980679123040435
Hiroshi Miyauchi,0.6666666666666666,Acting,宮内洋,0.22523944499995868
Hidenobu Kiuchi,0.6666666666666666,Acting,木内秀信,0.2588898346403986
January Jones,0.3333333333333333,Acting,January Jones,0.31782759960002976
Masato Hagiwara,0.6666666666666666,Acting,萩原聖人,0.2591212223884174
Lauren London,0.3333333333333333,Acting,Lauren London,0.25502235370922827
Yuu Hayashi,0.6666666666666666,Acting,林勇,0.258691502284954
Katia Winter,0.3333333333333333,Acting,Katia Winter,0.24150269814641884
Chyler Leigh,0.3333333333333333,Acting,Chyler Leigh,0.28685469675809233
Jodhi May,0.3333333333333333,Acting,Jodhi May,0.26725284896164747
Hitomi Takahashi,0.3333333333333333,Acting,高橋ひとみ,0.30473766414068376
Takeru Kikuchi,0.6666666666666666,Acting,菊池勇成,0.16792139427645877
Lee Chan-Hyeong,0.6666666666666666,Acting,이찬형,0.23485856423902352
Susumu Fujita,0.6666666666666666,Acting,藤田進,0.21710781842672863
Marc Warren,0.6666666666666666,Acting,Marc Warren,0.2964407606045832
Djody Grimeau,0.0,Acting,Djody Grimeau,0.1862010263699394
James Tien Chun,0.6666666666666666,Acting,田俊,0.309497640671355
Zhang Fengyi,0.6666666666666666,Acting,张丰毅,0.2617656537943459
Miyuki Matsuda,0.3333333333333333,Acting,松田美由紀,0.2369079985786181
Martin Balsam,0.6666666666666666,Acting,Martin Balsam,0.2433207447379947
Madison Hu,0.3333333333333333,Acting,Madison Hu,0.38826864117544974
Dan Trachtenberg,0.6666666666666666,Directing,Dan Trachtenberg,0.25948483170673253
Teri Garr,0.3333333333333333,Acting,Teri Garr,0.25945177631415844
Yaphet Kotto,0.6666666666666666,Acting,Yaphet Kotto,0.25945177631415844
Jing Lusi,0.3333333333333333,Acting,Jing Lusi,0.2593856655290102
Matthew Glave,0.6666666666666666,Acting,Matthew Glave,0.2593526101364361
J. Smith-Cameron,0.3333333333333333,Acting,J. Smith-Cameron,0.25931955474386204
Sam Page,0.6666666666666666,Acting,Sam Page,0.25931955474386204
Natsumi Okumura,0.3333333333333333,Acting,奥村夏未,0.25928649935128795
Robert Stack,0.6666666666666666,Acting,Robert Stack,0.25915427778099154
Sayuri Hara,0.3333333333333333,Acting,原紗友里,0.2591212223884174
Yoh Yoshida,0.3333333333333333,Acting,吉田羊,0.2591212223884174
Kim Seung-O,0.6666666666666666,Acting,김성오,0.2591212223884174
Eiji Funakoshi,0.6666666666666666,Acting,船越英二,0.2591212223884174
Zara Khan,0.3333333333333333,Sound,Zara Khan,0.2590881669958433
Sakura Tange,0.3333333333333333,Acting,丹下桜,0.2590881669958433
Ed Begley Jr.,0.6666666666666666,Acting,Ed Begley Jr.,0.2590551116032692
Yoji Matsuda,0.6666666666666666,Acting,松田洋治,0.2590551116032692
Ponlawit Ketprapakorn,0.6666666666666666,Acting,พลวิชญ์ เกตุประภากร,0.25902205621069513
Adeline Rudolph,0.3333333333333333,Acting,Adeline Rudolph,0.25902205621069513
Shinobu Otake,0.3333333333333333,Acting,大竹しのぶ,0.25902205621069513
Kosuke Toyohara,0.6666666666666666,Acting,豊原功補,0.25902205621069513
Hinaki Yano,0.3333333333333333,Acting,矢野妃菜喜,0.258989000818121
Kento Nagayama,0.6666666666666666,Acting,永山絢斗,0.25895594542554684
Patrick Finkler,0.6666666666666666,Acting,尹浩宇,0.25892289003297275
Yu Mizushima,0.6666666666666666,Acting,水島裕,0.25892289003297275
Kohei Shoji,0.6666666666666666,Acting,庄司浩平,0.2588567792478245
Genki Muro,0.6666666666666666,Acting,室元気,0.2588567792478245
Robert Carradine,0.6666666666666666,Acting,Robert Carradine,0.2588567792478245
Michiyo Yasuda,0.3333333333333333,Acting,大楠道代,0.2587576130701022
Domenick Lombardozzi,0.6666666666666666,Acting,Domenick Lombardozzi,0.2320158004776504
Jiiva,0.6666666666666666,Acting,Jiiva,0.2319496896925022
Débora Falabella,0.3333333333333333,Acting,Débora Falabella,0.24517184672214465
Myolie Wu Hang-Yee,0.3333333333333333,Acting,胡杏兒,0.22943747985687013
John Cassavetes,0.6666666666666666,Directing,John Cassavetes,0.206959812906478
John Bradley,0.6666666666666666,Acting,John Bradley,0.24953515854192662
Lin Shaye,0.3333333333333333,Acting,Lin Shaye,0.2905569007263923
Joanna Gleason,0.3333333333333333,Acting,Joanna Gleason,0.2684758984868894
Cody Rhodes,0.6666666666666666,Acting,Cody Rhodes,0.20441454767827189
Jeeja Yanin,0.3333333333333333,Acting,ฉันทธนิสา ตัง,0.204447603070846
Park Hae-Young,0.3333333333333333,Writing,박해영,0.3033493376525713
G.W. Bailey,0.6666666666666666,Acting,G.W. Bailey,0.2761116941715079
Kenji Akabane,0.6666666666666666,Acting,赤羽根健治,0.22742110090984968
Karena Lam Kar-Yan,0.3333333333333333,Acting,林嘉欣,0.2605095488765299
Ned Dennehy,0.6666666666666666,Acting,Ned Dennehy,0.2139675561321885
Emel Çölgeçen,0.3333333333333333,Acting,Emel Çölgeçen,0.36817096249039327
Karena Lam Kar-Yan,0.3333333333333333,Acting,林嘉欣,0.2877141369650192
Ned Dennehy,0.6666666666666666,Acting,Ned Dennehy,0.2877141369650192
Ángela Molina,0.3333333333333333,Acting,Ángela Molina,0.2877141369650192
Emel Çölgeçen,0.3333333333333333,Acting,Emel Çölgeçen,0.28768108157244504
Tamio Kawachi,0.6666666666666666,Acting,川地民夫,0.28764802617987095
Chen Kaige,0.6666666666666666,Directing,陈凯歌,0.28764802617987095
Michael Irby,0.6666666666666666,Acting,Michael Irby,0.28758191539472266
Tess Harper,0.3333333333333333,Acting,Tess Harper,0.28758191539472266
Lisa Ann Cabasa,0.3333333333333333,Acting,Lisa Ann Cabasa,0.2875488600021486
Kazuko Shirakawa,0.3333333333333333,Acting,白川和子,0.2875158046095745
Ning Li,0.6666666666666666,Acting,宁理,0.2875158046095745
Ryoko Kuninaka,0.3333333333333333,Acting,国仲涼子,0.2875158046095745
Kōji Takada,0.6666666666666666,Writing,高田宏治,0.2874827492170004
Dhruv Vikram,0.6666666666666666,Acting,Dhruv Vikram,0.28744969382442626
Shinsuke Ashida,0.6666666666666666,Acting,芦田伸介,0.28741663843185217
Becky Armstrong,0.3333333333333333,Acting,เบ็คกี้ อาร์มสตรอง,0.28728441686155576
Kristin Davis,0.3333333333333333,Acting,Kristin Davis,0.28725136146898167
James Arnold Taylor,0.6666666666666666,Acting,James Arnold Taylor,0.2872183060764076
Kathy Griffin,0.3333333333333333,Acting,Kathy Griffin,0.2872183060764076
Heather Mitchell,0.3333333333333333,Acting,Heather Mitchell,0.28715219529125935
Karlina Zhang,0.3333333333333333,Acting,张佳宁,0.28711913989868526
Yuina Kuroshima,0.3333333333333333,Acting,黒島結菜,0.28711913989868526
Russell Tovey,0.6666666666666666,Acting,Russell Tovey,0.28711913989868526
Josephine Park,0.3333333333333333,Acting,Josephine Park,0.28708608450611117
Louis Mandylor,0.6666666666666666,Acting,Louis Mandylor,0.28701997372096294
Moe Sakura,0.3333333333333333,Acting,佐倉萌,0.28698691832838885
Angie Cheung Wai-Yee,0.3333333333333333,Acting,張慧儀,0.28698691832838885
Michael Moore,0.6666666666666666,Directing,Michael Moore,0.28698691832838885
Brion James,0.6666666666666666,Acting,Brion James,0.28698691832838885
Kumiko Nishihara,0.3333333333333333,Acting,西原久美子,0.28682164136551824
Tatum O'Neal,0.3333333333333333,Acting,Tatum O'Neal,0.28682164136551824
Yang Shuo,0.6666666666666666,Acting,杨烁,0.28678858597294415
Wilson Ai Wai,0.6666666666666666,Acting,艾威,0.28678858597294415
Haru,0.3333333333333333,Acting,波瑠,0.28675553058037007
Misako Watanabe,0.3333333333333333,Acting,渡辺美佐子,0.28675553058037007
Emma Kenney,0.3333333333333333,Acting,Emma Kenney,0.2867224751877959
Jacqueline Obradors,0.3333333333333333,Acting,Jacqueline Obradors,0.2867224751877959
Barry Shabaka Henley,0.6666666666666666,Acting,Barry Shabaka Henley,0.2867224751877959
Bernie Mac,0.6666666666666666,Acting,Bernie Mac,0.28668941979522183
Amber Kuo Tsai-Chieh,0.3333333333333333,Acting,郭采潔,0.28665636440264775
Shotaro Mamiya,0.6666666666666666,Acting,間宮祥太朗,0.25660901255278534
Ghassan Massoud,0.6666666666666666,Acting,غسان مسعود,0.25660901255278534
Bonnie Bartlett,0.3333333333333333,Acting,Bonnie Bartlett,0.25660901255278534
Miriam Shor,0.3333333333333333,Acting,Miriam Shor,0.25660901255278534
Wataru Ichinose,0.6666666666666666,Acting,一ノ瀬ワタル,0.25647679098248893
Francisca Aronsson,0.3333333333333333,Acting,Francisca Aronsson,0.2564106801973407
Takanori Hoshino,0.6666666666666666,Acting,星野貴紀,0.2564106801973407
Ning Li,0.6666666666666666,Acting,宁理,0.2563445694121925
Wang Runze,0.6666666666666666,Acting,王润泽,0.2563115140196183
Siobhán Cullen,0.3333333333333333,Acting,Siobhán Cullen,0.2563115140196183
Nana Okada,1.0,Acting,岡田奈々,0.25624540323447015
Finn Han,0.6666666666666666,Acting,韩昊霖,0.2561462370567478
Wang Deshun,0.6666666666666666,Acting,王德顺,0.2561462370567478
Troy Baker,0.6666666666666666,Acting,Troy Baker,0.2561462370567478
Giannis Tsimitselis,0.6666666666666666,Acting,Γιάννης Τσιμιτσέλης,0.2561462370567478
Yuki Kimura,0.3333333333333333,Acting,木村有希,0.13602294044244642
Lisagay Hamilton,0.3333333333333333,Acting,LisaGay Hamilton,0.30397739011147934
Lim Soo-Jung,0.3333333333333333,Acting,임수정,0.24262658149393848
Lee Bong-Ryeon,0.3333333333333333,Acting,이봉련,0.253072085547356
Pilar López De Ayala,0.3333333333333333,Acting,Pilar López de Ayala,0.08799345503227032
Nicholas Cassim,0.6666666666666666,Acting,Nicholas Cassim,0.20748869918766372
Kriti Sanon,0.3333333333333333,Acting,Kriti Sanon,0.2885405217793718
Sharif Atkins,0.6666666666666666,Acting,Sharif Atkins,0.22801609797618358
Nico Tortorella,1.0,Acting,Nico Tortorella,0.20904230263864676
Chatchapon Pranotphong,0.6666666666666666,Acting,ชัชพล ประณตพงศ์,0.22563610971084794
Patrick Keleher,0.6666666666666666,Acting,Patrick Keleher,0.21003396441586988
Blackie Ko Sau-Leung,0.6666666666666666,Acting,柯受良,0.2668231288581841
Paulyn Sun,0.3333333333333333,Acting,孫佳君,0.2676825690651109
Kim Kap-Soo,0.6666666666666666,Acting,김갑수,0.253700138006264
Kani Kusruti,0.3333333333333333,Acting,Kani Kusruti,0.24444462808551434
Cynthia Khan,0.3333333333333333,Acting,楊麗菁,0.2215041856390847
Aleksandra Bortich,0.3333333333333333,Acting,Александра Бортич,0.27148393921113306
Nikita Efremov,0.6666666666666666,Acting,Никита Ефремов,0.18282937632738058
Jonathan Loughran,0.6666666666666666,Acting,Jonathan Loughran,0.2489401614755927
Eric Idle,0.6666666666666666,Acting,Eric Idle,0.20550537563321736
Jiang Qiming,0.6666666666666666,Acting,蒋奇明,0.2673189597467957
Craig Lamar Traylor,0.6666666666666666,Acting,Craig Lamar Traylor,0.2220661273128445
Lilli Kay,0.3333333333333333,Acting,Lilli Kay,0.2642448082374038
Lee Hoi-Sang,0.6666666666666666,Acting,李海生,0.24411407415977324
Bobby Au-Yeung Tsan-Wah,0.6666666666666666,Acting,歐陽震華,0.20272872265699246
Yuen Qiu,0.3333333333333333,Acting,元秋,0.267418125924518
Erik Palladino,0.6666666666666666,Acting,Erik Palladino,0.17152443206703633
Sandahl Bergman,0.3333333333333333,Acting,Sandahl Bergman,0.21763670470791427
Mick Jagger,0.6666666666666666,Acting,Mick Jagger,0.2488079399052963
Yoo Ah-In,0.6666666666666666,Acting,유아인,0.3671131899280219
Candy Clark,0.3333333333333333,Acting,Candy Clark,0.2281813749390541
Illeana Douglas,0.3333333333333333,Acting,Illeana Douglas,0.248708773727574
Ashley Jensen,0.3333333333333333,Acting,Ashley Jensen,0.13919625812956063
Ken Ishiguro,0.6666666666666666,Acting,石黒賢,0.22424778322273548
Kazuo Kasahara,0.6666666666666666,Writing,笠原和夫,0.24236213835334566
Kokoro Terada,0.6666666666666666,Acting,寺田心,0.1920848862481303
Frida Gustavsson,0.3333333333333333,Acting,Frida Gustavsson,0.21995058218810173
Larisa Oleynik,0.3333333333333333,Acting,Larisa Oleynik,0.22788387640588717
Kim Poong,0.6666666666666666,Acting,김풍,0.28969746051946554
Connor Paolo,0.6666666666666666,Acting,Connor Paolo,0.23542050591278335
Ekin Mert Daymaz,0.6666666666666666,Acting,Ekin Mert Daymaz,0.23680883240089579
Reggie Lee,0.6666666666666666,Acting,Reggie Lee,0.24150269814641884
Sohvi Rodriguez,0.3333333333333333,Acting,Sohvi Rodriguez,0.3339916865687676
Phill Lewis,0.6666666666666666,Acting,Phill Lewis,0.1975059706302837
Motoki Fukami,0.6666666666666666,Acting,深水元基,0.2929368889917279
Alan Dale,0.6666666666666666,Acting,Alan Dale,0.21565338115346788
Max Burkholder,0.6666666666666666,Acting,Max Burkholder,0.20910841342379496
Kim Chang-Wan,0.6666666666666666,Acting,김창완,0.23608161376426545
David A.R. White,0.6666666666666666,Acting,David A.R. White,0.2012412299911577
Hong Chau,0.3333333333333333,Acting,Hong Chau,0.33227280615491406
Mang Hoi,0.6666666666666666,Acting,孟海,0.25353486104339346
Gord Robertson,0.6666666666666666,Acting,Gord Robertson,0.25350180565081937
Choo Ja-Hyun,0.3333333333333333,Acting,추자현,0.2534687502582452
Koji Kikkawa,0.6666666666666666,Acting,吉川晃司,0.25343569486567114
Rayan Dashti,0.3333333333333333,Acting,ريان دشتي,0.25340263947309705
Misa Shimizu,0.3333333333333333,Acting,清水美沙,0.25340263947309705
David Leitch,0.6666666666666666,Directing,David Leitch,0.25340263947309705
Michael Conner Humphreys,0.6666666666666666,Acting,Michael Conner Humphreys,0.25340263947309705
Pakho Chau,0.6666666666666666,Acting,周柏豪,0.25336958408052296
Alvina Kong Yan-Yin,0.3333333333333333,Acting,江欣燕,0.2533034732953747
Paterson Joseph,0.6666666666666666,Acting,Paterson Joseph,0.25323736251022655
Morgan Saylor,0.3333333333333333,Acting,Morgan Saylor,0.2532043071176524
Chan Hing-Kai,0.6666666666666666,Writing,陳慶嘉,0.2532043071176524
Luis Buñuel,0.6666666666666666,Directing,Luis Buñuel,0.2532043071176524
Max Greenfield,0.6666666666666666,Acting,Max Greenfield,0.2531712517250783
Sherry Jackson,0.3333333333333333,Acting,Sherry Jackson,0.2531712517250783
Erika Savastani,0.3333333333333333,Acting,Erika Savastani,0.25313819633250423
Kaito Yoshimura,0.6666666666666666,Acting,吉村界人,0.1794577262848218
Erick Hayden,0.6666666666666666,Acting,Erick Hayden,0.20256344569412194
Madolyn Smith Osborne,0.3333333333333333,Acting,Madolyn Smith Osborne,0.21155451247427876
Meg Lam Kin-Ming,0.3333333333333333,Acting,林建明,0.21251311885892787
María Cecilia Botero,0.3333333333333333,Acting,María Cecilia Botero,0.2170086522490063
Summer Glau,0.3333333333333333,Acting,Summer Glau,0.3128362353213397
Ji-Young Yoo,0.3333333333333333,Acting,Ji-young Yoo,0.3044401656075168
Asuna Tomari,0.3333333333333333,Acting,泊明日菜,0.19611764414217123
Yoko Nogiwa,0.3333333333333333,Acting,野際陽子,0.25776595129287905
Laura Bailey,0.3333333333333333,Acting,Laura Bailey,0.2341644009949673
Jeon Kuk-Hwan,0.6666666666666666,Acting,전국환,0.26520341462205294
Misa Wada,0.3333333333333333,Acting,和田光沙,0.16603723689973474
Kirsten Vangsness,0.3333333333333333,Acting,Kirsten Vangsness,0.1747638605392987
Bona,0.3333333333333333,Acting,보나,0.21876058805543389
Frank Sinatra,0.6666666666666666,Acting,Frank Sinatra,0.19651430885306054
Takashi Kashiwabara,0.6666666666666666,Acting,柏原崇,0.2545926336057649
Kyoko Hasegawa,0.3333333333333333,Acting,長谷川京子,0.22117363171334364
Pavel Priluchnyy,0.6666666666666666,Acting,Павел Прилучный,0.29584576353824926
Toshio Masuda,0.6666666666666666,Directing,舛田利雄,0.2404779809766216
Wu Ze Lin,0.6666666666666666,Acting,吴泽林,0.16441752266360357
Nancy Allen,0.3333333333333333,Acting,Nancy Allen,0.26070788123197447
Kim Joo-Hyuk,0.6666666666666666,Acting,김주혁,0.29035856837094765
Ben Ng Ngai-Cheung,0.6666666666666666,Acting,吳毅將,0.2760455833863597
Wong Cho-Lam,0.6666666666666666,Acting,王祖藍,0.2377674387855449
Shelley Conn,0.3333333333333333,Acting,Shelley Conn,0.23984992851771358
Yutaka Mizutani,0.6666666666666666,Acting,水谷豊,0.24246130453106796
Sei Hiraizumi,0.6666666666666666,Acting,平泉成,0.3182573197034931
Mark Waters,0.6666666666666666,Directing,Mark Waters,0.16610334768488294
Halit Özgür Sarı,0.6666666666666666,Acting,Halit Özgür Sarı,0.22315695526779003
Sheridan Smith,0.3333333333333333,Acting,Sheridan Smith,0.28933385120115035
Edmond Pang Ho-Cheung,0.6666666666666666,Directing,彭浩翔,0.26179870918692
George 'Gabby' Hayes,0.6666666666666666,Acting,George 'Gabby' Hayes,0.28741663843185217
Eva Marie Saint,0.3333333333333333,Acting,Eva Marie Saint,0.18061466502491552
Ivy Shao,0.3333333333333333,Acting,邵雨薇,0.2102653521638886
Aslıhan Malbora,0.3333333333333333,Acting,Aslıhan Malbora,0.20219983637580674
Yang Lixin,0.6666666666666666,Acting,杨立新,0.21905808658860088
Liu Wai-Hung,0.6666666666666666,Acting,廖偉雄,0.21770281549306253
Shin Kishida,0.6666666666666666,Acting,岸田森,0.25003098943053825
Tamori,0.6666666666666666,Acting,タモリ,0.2770372451635829
Ravi Teja,0.6666666666666666,Acting,Ravi Teja,0.27406225983191335
Mark Bonnar,0.6666666666666666,Acting,Mark Bonnar,0.18282937632738058
Akiyoshi Nakao,0.6666666666666666,Acting,中尾明慶,0.18805212835408935
Divi Vadthya,0.3333333333333333,Acting,Divi Vadthya,0.19053128279714734
Li Youbin,0.6666666666666666,Acting,李幼斌,0.20844730557231284
Cenk Torun,0.6666666666666666,Acting,Cenk Torun,0.23508995198704233
David Lee,0.6666666666666666,Acting,이다윗,0.3277111619796875
Robert Loggia,0.6666666666666666,Acting,Robert Loggia,0.23644522308258067
Mako Midori,0.3333333333333333,Acting,緑魔子,0.21486005173168937
Lim Sang-Choon,0.3333333333333333,Writing,임상춘,0.2046128800337165
Karin Ono,0.3333333333333333,Acting,小野花梨,0.23396606863952268
Ong Seong-Wu,0.6666666666666666,Acting,옹성우,0.22411556165243907
Yuri Shiratori,0.3333333333333333,Acting,白鳥由里,0.24798155509094366
Fu Meng-Po,0.6666666666666666,Acting,傅孟柏,0.26199704154236464
Dennis Christopher,0.6666666666666666,Acting,Dennis Christopher,0.15142675338197983
Mischa Barton,0.3333333333333333,Acting,Mischa Barton,0.2646414729482931
Manu Ríos,0.6666666666666666,Acting,Manu Ríos,0.24100686725780732
Erika Sawajiri,0.3333333333333333,Acting,沢尻エリカ,0.24140353196869654
Tora Sudiro,0.6666666666666666,Acting,Tora Sudiro,0.21495921790941167
Shin Ye-Eun,0.3333333333333333,Acting,신예은,0.276442248097249
Nasim Pedrad,0.3333333333333333,Acting,Nasim Pedrad,0.2513862605260766
Hakuryu,0.6666666666666666,Acting,白竜,0.26946756026411256
Wakana Sakai,0.3333333333333333,Acting,酒井若菜,0.2192233635514714
Kim Ki-Duk,0.6666666666666666,Directing,김기덕,0.2614350998686048
David E. Kelley,0.6666666666666666,Writing,David E. Kelley,0.2433207447379947
Jennifer Saunders,0.3333333333333333,Acting,Jennifer Saunders,0.22021502532869455
Chie Sato,0.3333333333333333,Acting,佐藤智恵,0.19724152748969087
Ezra Miller,1.0,Acting,Ezra Miller,0.45153666256228875
Masao Shimizu,0.6666666666666666,Acting,清水将夫,0.2612037121205861
Dante Lam Chiu-Yin,0.6666666666666666,Directing,林超賢,0.24219686139047508
Lindsay Wagner,0.3333333333333333,Acting,Lindsay Wagner,0.21743837235246966
Mickey Curtis,0.6666666666666666,Acting,五十嵐信次郎,0.2855985918402763
Benjamin Hollingsworth,0.6666666666666666,Acting,Benjamin Hollingsworth,0.24441157269294023
Madeline Carroll,0.3333333333333333,Acting,Madeline Carroll,0.25102265120776146
Lee Joo-Young,0.3333333333333333,Acting,이주영,0.25098959581518726
Indy Lewis,0.3333333333333333,Acting,Indy Lewis,0.2509565404226132
Julie Gonzalo,0.3333333333333333,Acting,Julie Gonzalo,0.2509565404226132
Wong Yu,0.6666666666666666,Acting,汪禹,0.2509234850300391
Karunas,0.6666666666666666,Acting,Karunas,0.2509234850300391
Liu Yijun,0.6666666666666666,Acting,刘奕君,0.25089042963746494
Marc Herrmann,0.6666666666666666,Acting,Marc Herrmann,0.25085737424489085
Aina Suzuki,0.3333333333333333,Acting,鈴木愛奈,0.25085737424489085
Kensuke Sonomura,0.6666666666666666,Directing,園村健介,0.25085737424489085
Ileana D'Cruz,0.3333333333333333,Acting,Ileana D'Cruz,0.25085737424489085
Norifumi Suzuki,0.6666666666666666,Directing,鈴木則文,0.25085737424489085
Ann Bridgewater,0.3333333333333333,Acting,柏安妮,0.25075820806716853
Sang Heon Lee,0.6666666666666666,Acting,이상헌,0.25072515267459444
Jamie Luk Kim-Ming,0.6666666666666666,Acting,陸劍明,0.25069209728202035
Shaun Johnston,0.6666666666666666,Acting,Shaun Johnston,0.2506259864968721
Ida Engvoll,0.3333333333333333,Acting,Ida Engvoll,0.25059293110429803
Christopher Lee,0.6666666666666666,Acting,李銘順,0.22441306018560606
Meru Nukumi,0.3333333333333333,Acting,生見愛瑠,0.1982001338743399
Kang Ye-Won,0.3333333333333333,Acting,강예원,0.24761794577262847
Ricky Hui Koon-Ying,0.6666666666666666,Acting,許冠英,0.23343718235833696
Yuki Matsuoka,0.3333333333333333,Acting,松岡由貴,0.21568643654604208
Isaiah Mustafa,0.6666666666666666,Acting,Isaiah Mustafa,0.1984315216223587
Sze-To Cheuk-Hon,0.6666666666666666,Writing,司徒卓漢,0.24232908296077155
James Whitmore,0.6666666666666666,Acting,James Whitmore,0.18187076994273155
Rosalind Chao,0.3333333333333333,Acting,Rosalind Chao,0.27802890694080606
Emmy Raver-Lampman,0.3333333333333333,Acting,Emmy Raver-Lampman,0.20748869918766372
Yuya Murakami,0.6666666666666666,Acting,村上裕哉,0.19611764414217123
Zhang Zixian,0.6666666666666666,Acting,张子贤,0.1924484955664455
Shum Wai,0.6666666666666666,Acting,沈威,0.2497665462899454
Erin Cahill,0.3333333333333333,Acting,Erin Cahill,0.2163805997900983
Katsuhisa Houki,0.6666666666666666,Acting,宝亀克寿,0.25998066259534414
Kim Jong-Soo,0.6666666666666666,Acting,김종수,0.2394863191993984
Mayumi Asano,0.3333333333333333,Acting,浅野まゆみ,0.24203158442760456
Zlatko Burić,0.6666666666666666,Acting,Zlatko Burić,0.22239668123858558
Elizabeth Moy,0.3333333333333333,Acting,Elizabeth Moy,0.28126833541306845
Miyu Kubota,0.3333333333333333,Acting,久保田未夢,0.19909262947384082
Yoshiyuki Tomino,0.6666666666666666,Directing,富野由悠季,0.20841425017973872
Armand Assante,0.6666666666666666,Acting,Armand Assante,0.2762108603492302
Adjoa Andoh,0.3333333333333333,Acting,Adjoa Andoh,0.22077696700245436
Yasutaka Tsutsui,0.6666666666666666,Writing,筒井康隆,0.21819864638167408
Judy Davis,0.3333333333333333,Acting,Judy Davis,0.23872604517019394
Chiharu Sawashiro,0.6666666666666666,Acting,沢城千春,0.23396606863952268
Lyndsy Fonseca,0.3333333333333333,Acting,Lyndsy Fonseca,0.1800196679585816
Jiang Long,0.6666666666666666,Acting,蒋龙,0.18477964448925285
Arienne Mandi,0.3333333333333333,Acting,Arienne Mandi,0.22057863464700975
Suga,0.6666666666666666,Acting,슈가,0.1630291961754911
Zuo Xiaoqing,0.3333333333333333,Acting,左小青,0.19641514267533822
Karl Maka,0.6666666666666666,Acting,麥嘉,0.2401143716583064
Évelyne Dhéliat,0.3333333333333333,Acting,Évelyne Dhéliat,0.20067928831739787
Kazunori Ozawa,0.6666666666666666,Visual Effects,小澤和則,0.17159054285218453
Denise Gough,0.3333333333333333,Acting,Denise Gough,0.17922633853680306
Teresa Mo Shun-Kwan,0.3333333333333333,Acting,毛舜筠,0.3091340313530399
Uche Agada,0.0,Acting,Uche Agada,0.2874827492170004
Yeung Chak-Lam,0.6666666666666666,Acting,楊澤霖,0.19710930591939446
Arden Cho,0.3333333333333333,Acting,Arden Cho,0.2714508838185589
Lou Yixiao,0.3333333333333333,Acting,娄艺潇,0.19714236131196855
Yuuki Shin,0.6666666666666666,Acting,新祐樹,0.25769984050773087
Madelyn Keys,0.3333333333333333,Acting,Madelyn Keys,0.3122081828624317
Tetsuya Takeda,0.6666666666666666,Acting,武田鉄矢,0.23938715302167607
Kaylah Zander,0.3333333333333333,Acting,Kaylah Zander,0.20441454767827189
Kelly Rebecca Nichols,0.3333333333333333,Production,Kelly Rebecca Nichols,0.24193241824988226
Joss Whedon,0.6666666666666666,Writing,Joss Whedon,0.26249287243097624
Hiroyuki Nagato,0.6666666666666666,Acting,長門裕之,0.20203455941293622
Reg E. Cathey,0.6666666666666666,Acting,Reg E. Cathey,0.17849911990017273
Robert Donavan,0.6666666666666666,Acting,Robert Donavan,0.2489401614755927
Sam J. Jones,0.6666666666666666,Acting,Sam J. Jones,0.2489401614755927
Hwang Chan-Sung,0.6666666666666666,Acting,황찬성,0.2488740506904445
Lucy Fry,0.3333333333333333,Acting,Lucy Fry,0.2488409952978704
Yoon Kyung-Ho,0.6666666666666666,Acting,윤경호,0.2488409952978704
Bill Paterson,0.6666666666666666,Acting,Bill Paterson,0.2487748845127222
Chris Penn,0.6666666666666666,Acting,Chris Penn,0.2487748845127222
Leon Zhang,0.6666666666666666,Acting,张云龙,0.248708773727574
Richard Riehle,0.6666666666666666,Acting,Richard Riehle,0.248708773727574
Melissa Gilbert,0.3333333333333333,Acting,Melissa Gilbert,0.24867571833499988
Huang Yi,0.3333333333333333,Acting,黄奕,0.24854349676470347
Ou Hao,0.6666666666666666,Acting,歐豪,0.24844433058698115
Dayo Okeniyi,0.6666666666666666,Acting,Dayo Okeniyi,0.24844433058698115
Yuka Tano,0.3333333333333333,Acting,田野優花,0.24841127519440706
Tsunehiko Watase,0.6666666666666666,Acting,渡瀬恒彦,0.24841127519440706
Pier Luigi Pasino,0.6666666666666666,Acting,Pier Luigi Pasino,0.24837821980183294
Miho Nakayama,0.3333333333333333,Acting,中山美穂,0.24827905362411057
Gosha Kutsenko,0.6666666666666666,Acting,Гоша Куценко,0.24827905362411057
Sun Yizhou,0.6666666666666666,Acting,孙艺洲,0.24824599823153648
Kang So-Ra,0.3333333333333333,Acting,강소라,0.24821294283896236
Matthew Maccaull,0.6666666666666666,Acting,Matthew MacCaull,0.24821294283896236
Jodie Turner-Smith,0.3333333333333333,Acting,Jodie Turner-Smith,0.24817988744638828
Edmond So Chi-Wai,0.6666666666666666,Acting,蘇志威,0.24817988744638828
Brendan Fehr,0.6666666666666666,Acting,Brendan Fehr,0.24817988744638828
Skye P. Marshall,0.3333333333333333,Acting,Skye P. Marshall,0.24814683205381416
D'Arcy Carden,0.3333333333333333,Acting,D'Arcy Carden,0.24808072126866595
Jun Suk-Ho,0.6666666666666666,Acting,전석호,0.24808072126866595
Haruhiko Arai,0.6666666666666666,Writing,荒井晴彦,0.24808072126866595
Seo Young-Hee,0.3333333333333333,Acting,서영희,0.24808072126866595
Megumi Nakajima,0.3333333333333333,Acting,中島愛,0.24801461048351775
Shin Hyun-Soo,0.6666666666666666,Acting,신현수,0.24798155509094366
Yu Seon,0.3333333333333333,Acting,유선,0.23899048831078676
Allison Scagliotti,0.3333333333333333,Acting,Allison Scagliotti,0.22067780082473204
Aoi Nakamura,0.6666666666666666,Acting,中村蒼,0.2527415316216149
Victor Ma,0.6666666666666666,Acting,馬伯騫,0.2704592220413358
Kim In-Kwon,0.6666666666666666,Acting,김인권,0.22947053524944425
Akaji Maro,0.6666666666666666,Acting,麿赤兒,0.25287375319191135
Haha,0.6666666666666666,Acting,하하,0.2394863191993984
Lalit Prabhakar,0.6666666666666666,Acting,ललित प्रभाकर,0.21218256493318677
David Dencik,0.6666666666666666,Acting,David Dencik,0.2098686874529994
Rory Kinnear,0.6666666666666666,Acting,Rory Kinnear,0.21195117718516807
Teddy Yip Wing-Cho,0.6666666666666666,Acting,葉榮祖,0.14805510333942104
Issey Ogata,0.6666666666666666,Acting,イッセー尾形,0.26979811418985367
Mitsuru Hirata,0.6666666666666666,Acting,平田満,0.23294135146972536
Boyapati Srinu,0.6666666666666666,Directing,Boyapati Srinu,0.2257022204959962
Joe Shishido,0.6666666666666666,Acting,宍戸錠,0.33405779735391583
Ryo Katsuji,0.6666666666666666,Acting,勝地涼,0.2158186581163385
Tomoka Kurotani,0.3333333333333333,Acting,黒谷友香,0.24745266880975794
Yi Daqian,0.6666666666666666,Acting,易大千,0.24741961341718385
Szeto Kam-Yuen,0.6666666666666666,Writing,司徒錦源,0.24735350263203565
Osamu Dezaki,0.6666666666666666,Directing,出崎統,0.24725433645431333
Izumi Inamori,0.3333333333333333,Acting,稲森いずみ,0.24725433645431333
Vivian Sung,0.3333333333333333,Acting,宋芸樺,0.24715517027659104
Kirk Fox,0.6666666666666666,Acting,Kirk Fox,0.24715517027659104
Junpei Takiguchi,0.6666666666666666,Acting,滝口順平,0.24715517027659104
Aoba Kawai,0.3333333333333333,Acting,河井青葉,0.24705600409886871
Roger Craig Smith,0.6666666666666666,Acting,Roger Craig Smith,0.2470229487062946
Lasse Hallström,0.6666666666666666,Directing,Lasse Hallström,0.2470229487062946
Abby Ryder Fortson,0.3333333333333333,Acting,Abby Ryder Fortson,0.24698989331372043
Adrian Edmondson,0.6666666666666666,Acting,Adrian Edmondson,0.24698989331372043
Bai Yu,0.6666666666666666,Acting,白宇,0.24685767174342402
Kiyoyuki Yanada,0.6666666666666666,Acting,梁田清之,0.24685767174342402
Li Naiwen,0.6666666666666666,Acting,李乃文,0.24685767174342402
Wang Chuanjun,0.6666666666666666,Acting,王传君,0.2467915609582758
Kayo Matsuo,0.3333333333333333,Acting,松尾嘉代,0.2467254501731276
Elizabeth Peña,0.3333333333333333,Acting,Elizabeth Peña,0.2466593393879794
Alban Lenoir,0.6666666666666666,Acting,Alban Lenoir,0.2465601732102571
Hideko Takamine,0.3333333333333333,Acting,高峰秀子,0.2465601732102571
Fredric Lehne,0.6666666666666666,Acting,Fredric Lehne,0.2464940624251089
Tolga Sarıtaş,0.6666666666666666,Acting,Tolga Sarıtaş,0.24639489624738659
Lee Kyoo-Hyung,0.6666666666666666,Acting,이규형,0.2463618408548125
Benjamin Yuen Wai-Ho,0.6666666666666666,Acting,袁偉豪,0.24632878546223838
Dawn French,0.3333333333333333,Acting,Dawn French,0.2462957300696642
Morgan Spector,0.6666666666666666,Acting,Morgan Spector,0.24626267467709012
Seetha,0.3333333333333333,Acting,Seetha,0.24626267467709012
Emily Bergl,0.3333333333333333,Acting,Emily Bergl,0.24626267467709012
Xu Mengjie,0.3333333333333333,Acting,徐夢潔,0.24619656389194192
Wu Tianhao,0.6666666666666666,Acting,Wu Tianhao,0.2460643423216455
Melike İpek Yalova,0.3333333333333333,Acting,Melike İpek Yalova,0.2460643423216455
Jin,0.6666666666666666,Acting,진,0.2460643423216455
Mary Kay Place,0.3333333333333333,Acting,Mary Kay Place,0.2459982315364973
Zhang Tianyang,0.6666666666666666,Acting,张天阳,0.2459651761439232
Manu Bennett,0.6666666666666666,Acting,Manu Bennett,0.2459651761439232
Yu Ailei,0.6666666666666666,Acting,余皑磊,0.24589906535877498
Ryusuke Ohbayashi,0.6666666666666666,Acting,大林隆介,0.2458660099662009
Caroline Rhea,0.3333333333333333,Acting,Caroline Rhea,0.2458660099662009
Vincent Cao,0.6666666666666666,Acting,曹恩齊,0.2457998991810527
Akio Kaneda,0.6666666666666666,Acting,金田明夫,0.2457998991810527
Con O'Neill,0.6666666666666666,Acting,Con O'Neill,0.24361824327116163
Jin Suzuki,0.6666666666666666,Acting,鈴木仁,0.24503962515184824
John Gielgud,0.6666666666666666,Acting,John Gielgud,0.18187076994273155
Laura Antonelli,0.3333333333333333,Acting,Laura Antonelli,0.2128436727846689
Michael Rosenbaum,0.6666666666666666,Acting,Michael Rosenbaum,0.30239073126792226
Wayne Brady,0.6666666666666666,Acting,Wayne Brady,0.20848036096488692
Oksana Akinshina,0.3333333333333333,Acting,Оксана Акиньшина,0.3659231957953541
Zachary Gordon,0.6666666666666666,Acting,Zachary Gordon,0.24057714715434392
J.K. Rowling,0.3333333333333333,Writing,J.K. Rowling,0.2010428976357131
Brian Doyle-Murray,0.6666666666666666,Acting,Brian Doyle-Murray,0.23191663429992812
Abby Donnelly,0.3333333333333333,Acting,Abby Donnelly,0.2598484410250477
Tomohiro Ono,0.6666666666666666,Acting,大野智敬,0.25115487277805787
Masayuki Katou,0.6666666666666666,Acting,加藤将之,0.2498326570750936
Francesca Hayward,0.3333333333333333,Acting,Francesca Hayward,0.10716558272525183
Felix Chong Man-Keung,0.6666666666666666,Writing,莊文強,0.2660628548289797
Lennie James,0.6666666666666666,Acting,Lennie James,0.2918130056442083
Rhea Perlman,0.3333333333333333,Acting,Rhea Perlman,0.21208339875546448
Jon Turteltaub,0.6666666666666666,Directing,Jon Turteltaub,0.18454825674123415
Felix Chong Man-Keung,0.6666666666666666,Writing,莊文強,0.2754175309274517
Lennie James,0.6666666666666666,Acting,Lennie James,0.27535142014230346
Rhea Perlman,0.3333333333333333,Acting,Rhea Perlman,0.27531836474972937
Jon Turteltaub,0.6666666666666666,Directing,Jon Turteltaub,0.2752853093571553
Wang Yanhui,0.6666666666666666,Acting,王砚辉,0.27525225396458114
Zhang Tian'Ai,0.3333333333333333,Acting,张天爱,0.27521919857200705
Xu Jiao,0.3333333333333333,Acting,徐娇,0.27521919857200705
Law Lok-Lam,0.6666666666666666,Acting,羅樂林,0.27518614317943296
Xiao Yang,0.6666666666666666,Acting,肖央,0.27518614317943296
Dennis Boutsikaris,0.6666666666666666,Acting,Dennis Boutsikaris,0.2751530877868589
Hidenari Ugaki,0.6666666666666666,Acting,宇垣秀成,0.27508697700171064
Wang Likun,0.3333333333333333,Acting,王丽坤,0.27505392160913655
Ji Shuyi,0.3333333333333333,Acting,邵羽柒,0.2749878108239883
Chelah Horsdal,0.3333333333333333,Acting,Chelah Horsdal,0.2749878108239883
Jorge Garcia,0.6666666666666666,Acting,Jorge Garcia,0.2749217000388401
Kris Wu,0.6666666666666666,Acting,吴亦凡,0.27488864464626594
Ione Skye,0.3333333333333333,Acting,Ione Skye,0.27485558925369186
Chris Carmack,0.6666666666666666,Acting,Chris Carmack,0.27482253386111777
Anthony Russo,0.6666666666666666,Directing,Anthony Russo,0.27482253386111777
Livia Brito Pestana,0.3333333333333333,Acting,Livia Brito Pestana,0.2747894784685437
Thomas Gibson,0.6666666666666666,Acting,Thomas Gibson,0.2338669024618004
Buçe Buse Kahraman,0.3333333333333333,Acting,Buçe Buse Kahraman,0.25419596889487556
Leo Matsumoto,0.6666666666666666,Acting,松本怜生,0.2786569593997141
Ning Hao,0.6666666666666666,Directing,宁浩,0.2404118701914734
Masahiro Yokotani,0.6666666666666666,Writing,横谷昌宏,0.21720698460445093
Maria Grazia Cucinotta,0.3333333333333333,Acting,Maria Grazia Cucinotta,0.21363700220644743
Keiju Kobayashi,0.6666666666666666,Acting,小林桂樹,0.21201728797031627
Veronica Ferres,0.3333333333333333,Acting,Veronica Ferres,0.2428249138493831
Joanna Kulig,0.3333333333333333,Acting,Joanna Kulig,0.21829781255939637
Cherry Jones,0.3333333333333333,Acting,Cherry Jones,0.20662925898073697
Kim Seol,0.3333333333333333,Acting,김설,0.20854647175003513
Nick Searcy,0.6666666666666666,Acting,Nick Searcy,0.18825046070953397
Tom Sizemore,0.6666666666666666,Acting,Tom Sizemore,0.2886727433496682
Yumi Wakatsuki,0.3333333333333333,Acting,若月佑美,0.19717541670454267
Lance Gross,0.6666666666666666,Acting,Lance Gross,0.18834962688725637
Kim Yun-Seok,0.6666666666666666,Acting,김윤석,0.19129155682635177
Lee Sun-Bin,0.3333333333333333,Acting,이선빈,0.25505540910180236
Masaya Katō,0.6666666666666666,Acting,加藤雅也,0.2668561842507582
Harry Morgan,0.6666666666666666,Acting,Harry Morgan,0.27531836474972937
Michael Jordan,0.6666666666666666,Acting,Michael Jordan,0.23799882653356363
Marco D'Amore,0.6666666666666666,Acting,Marco D'Amore,0.2512870943483543
Kim Sun-Young,0.3333333333333333,Acting,김선영,0.2702939450784652
Chelsea Peretti,0.3333333333333333,Acting,Chelsea Peretti,0.26827756613144477
Zhu Yanmanzi,0.3333333333333333,Acting,朱颜曼滋,0.2558487385235809
Anna Friel,0.3333333333333333,Acting,Anna Friel,0.23013164310092638
Hisayoshi Suganuma,0.6666666666666666,Acting,菅沼久義,0.20428232610797542
Howie Mandel,0.6666666666666666,Acting,Howie Mandel,0.17846606450759864
Joyce Jimenez,0.3333333333333333,Acting,Joyce Jimenez,0.22454528175590246
Kozue Tanaka,0.3333333333333333,Acting,田中こずえ,0.38000479303192325
Evgeniya Loza,0.3333333333333333,Acting,Евгения Лоза,0.16706195406953206
Kang Hye-Won,0.3333333333333333,Acting,강혜원,0.17188804138535152
Madison Davenport,0.3333333333333333,Acting,Madison Davenport,0.2760786387789338
Kristen Johnston,0.3333333333333333,Acting,Kristen Johnston,0.2285449842573693
Lizeth Selene,0.3333333333333333,Acting,Lizeth Selene,0.16392169177499197
Kim Seol-Hyun,0.3333333333333333,Acting,김설현,0.17182193060020332
Jaclyn Hellman,0.3333333333333333,Acting,Jaclyn Hellman,0.06964771215364146
Hikaru Akao,0.3333333333333333,Acting,赤尾ひかる,0.18484575527440106
Kiki Sheung,0.3333333333333333,Acting,商天娥,0.28107000305762386
Wendy Moniz,0.3333333333333333,Acting,Wendy Moniz,0.2947218801907296
Hiba Bennani,0.3333333333333333,Acting,Hiba Bennani,0.22302473369749362
Saki Miyashita,0.3333333333333333,Acting,宮下早紀,0.17188804138535152
Jorma Taccone,0.6666666666666666,Acting,Jorma Taccone,0.22659471609549703
Asuka Kurosawa,0.3333333333333333,Acting,黒沢あすか,0.23565189366080205
Tetsu Watanabe,0.6666666666666666,Acting,渡辺哲,0.2499318232528159
Ahn Ji-Ho,0.6666666666666666,Acting,안지호,0.18553991851845728
Vanessa Bell Calloway,0.3333333333333333,Acting,Vanessa Bell Calloway,0.1271310398400119
Edyta Budnik,0.3333333333333333,Acting,Edyta Budnik,0.29574659736052694
Fu Xinbo,0.6666666666666666,Acting,付辛博,0.2340982902098191
Klara Rumyanova,0.3333333333333333,Acting,Клара Румянова,0.2160831012569313
Chieko Matsubara,0.3333333333333333,Acting,松原智恵子,0.23902354370336096
Ashley Park,0.3333333333333333,Acting,Ashley Park,0.19991901428819345
Mina El Hammani,0.3333333333333333,Acting,Mina El Hammani,0.22956970142716654
Janet Hubert,0.3333333333333333,Acting,Janet Hubert,0.14703038616962377
Michael Gandolfini,0.6666666666666666,Acting,Michael Gandolfini,0.22038030229156513
Lee Yul-Eum,0.3333333333333333,Acting,이열음,0.2371393863266369
Deborah Dutch,0.3333333333333333,Acting,Deborah Dutch,0.2127775619995207
Vasilina Yuskovets,0.3333333333333333,Acting,Василина Юсковец,0.22920609210885143
Leland Orser,0.6666666666666666,Acting,Leland Orser,0.23942020841425019
Chandler Riggs,0.6666666666666666,Acting,Chandler Riggs,0.2881769124610566
Louis Cheung,0.6666666666666666,Acting,張繼聰,0.1506664793527754
Tony Cox,0.6666666666666666,Acting,Tony Cox,0.17215248452594434
Park Cheol-Min,0.6666666666666666,Acting,박철민,0.29204439339222704
Miho Wakabayashi,0.3333333333333333,Acting,若林美保,0.25055987571172395
Meaghan Rath,0.3333333333333333,Acting,Meaghan Rath,0.23885826674049035
Kate Tsui Tsz-Shan,0.3333333333333333,Acting,徐子珊,0.12349494665686021
Asao Koike,0.6666666666666666,Acting,小池朝雄,0.19545653629068913
Michael Mcdonald,0.6666666666666666,Acting,Michael McDonald,0.177342181160079
Mandy Fisher,0.3333333333333333,Acting,Mandy Fisher,0.18481269988182697
Rory Cochrane,0.6666666666666666,Acting,Rory Cochrane,0.22877637200538803
Cher,0.3333333333333333,Acting,Cher,0.20676148055103338
Yoshio Tsuchiya,0.6666666666666666,Acting,土屋嘉男,0.21839697873711875
Ryota Bando,0.6666666666666666,Acting,坂東龍汰,0.23370162549892987
Kairi Jo,0.6666666666666666,Acting,城桧吏,0.18755629746547775
Herman Yau,0.6666666666666666,Directing,邱禮濤,0.27859084861456584
Yuki Saito,0.3333333333333333,Acting,斉藤由貴,0.21535588262030098
David Brown,0.6666666666666666,Acting,David Brown,0.24206463982017867
Sammy Hung Tin-Chiu,0.6666666666666666,Acting,洪天照,0.24203158442760456
Tatsumaru Tachibana,0.6666666666666666,Acting,橘龍丸,0.24203158442760456
Xiao Yan,0.3333333333333333,Acting,肖燕,0.24199852903503047
Michaela Watkins,0.3333333333333333,Acting,Michaela Watkins,0.24186630746473406
Man Wah Tsui,0.3333333333333333,Acting,徐曼華,0.24183325207215994
Tanaya Beatty,0.3333333333333333,Acting,Tanaya Beatty,0.24183325207215994
Win Morisaki,0.6666666666666666,Acting,森崎ウィン,0.24170103050186353
Qin Junjie,0.6666666666666666,Acting,秦俊杰,0.24170103050186353
Anri Katsu,0.6666666666666666,Acting,勝杏里,0.24166797510928945
Mansai Nomura,0.6666666666666666,Acting,二世野村萬斎,0.24166797510928945
Ashley French,0.3333333333333333,Acting,Ashley French,0.24166797510928945
Hiromi Konno,0.3333333333333333,Acting,今野宏美,0.24163491971671525
Queenie Leonard,0.3333333333333333,Acting,Queenie Leonard,0.24160186432414116
Junpei Mizobata,0.6666666666666666,Acting,溝端淳平,0.24146964275384475
Dharmendra,0.6666666666666666,Acting,Dharmendra,0.24140353196869654
Tessa Fowler,0.3333333333333333,Acting,Tessa Fowler,0.24137047657612243
Kim Sang-Kyung,0.6666666666666666,Acting,김상경,0.24137047657612243
Yumiko Fujita,0.3333333333333333,Acting,藤田弓子,0.24123825500582602
Shin Jae-Ha,0.6666666666666666,Acting,신재하,0.24117214422067781
Konomi Inagaki,0.3333333333333333,Acting,稲垣好,0.2411060334355296
Yoichi Nukumizu,0.6666666666666666,Acting,温水洋一,0.24107297804295552
Jane Curtin,0.3333333333333333,Acting,Jane Curtin,0.2410399226503814
Hong Jin-Kyung,0.3333333333333333,Acting,홍진경,0.24100686725780732
Jiang Wu,0.6666666666666666,Acting,姜武,0.21981836061780533
Manami Shindo,0.3333333333333333,Acting,新藤まなみ,0.21191812179259395
Coco Hayashi,0.3333333333333333,Acting,林鼓子,0.2675172921022403
Jeon Hye-Jin,0.3333333333333333,Acting,전혜진,0.2556834615607104
Bokuzen Hidari,0.6666666666666666,Acting,左卜全,0.21849614491484107
Hiro Mizushima,0.6666666666666666,Acting,水嶋ヒロ,0.2274872116949979
Avril Lavigne,0.3333333333333333,Acting,Avril Lavigne,0.22180168417225168
Lee Jae-Won,0.6666666666666666,Acting,이재원,0.23836243585187883
Tomoya Maeno,0.6666666666666666,Acting,前野朋哉,0.1615417035096563
Asuka Kudo,0.6666666666666666,Acting,工藤阿須加,0.2515515374889471
Ryu Kyung-Soo,0.6666666666666666,Acting,류경수,0.21806642481137767
Ami Touma,0.3333333333333333,Acting,當真あみ,0.3153153897643977
Stefanie Hertel,0.3333333333333333,Acting,Stefanie Hertel,0.23013164310092638
Felix Mallard,0.6666666666666666,Acting,Felix Mallard,0.2230577890900677
Hiyori Kouno,0.3333333333333333,Acting,河野ひより,0.24474212661868125
Spencer Locke,0.3333333333333333,Acting,Spencer Locke,0.23925493145137966
Lee Se-Young,0.3333333333333333,Acting,이세영,0.2703600558636135
Akira Nakao,0.6666666666666666,Acting,中尾彬,0.2404118701914734
Bebe Neuwirth,0.3333333333333333,Acting,Bebe Neuwirth,0.2404118701914734
Lee Bo-Young,0.3333333333333333,Acting,이보영,0.2402465932286028
Nita Hsia Jo-Yen,0.3333333333333333,Acting,夏若妍,0.2401804824434546
Chiho Katsura,0.6666666666666666,Writing,桂千穂,0.2401474270508805
Soko Wada,0.6666666666666666,Acting,和田聰宏,0.2401143716583064
Michael Wincott,0.6666666666666666,Acting,Michael Wincott,0.2401143716583064
Sun Yining,0.3333333333333333,Acting,孫藝寧,0.2400813162657323
Show Lo,0.6666666666666666,Acting,羅志祥,0.2400482608731582
Mayu Tsuruta,0.3333333333333333,Acting,鶴田真由,0.2400482608731582
Don Swayze,0.6666666666666666,Acting,Don Swayze,0.24001520548058408
Akiko Nakagawa,0.3333333333333333,Acting,中川亜紀子,0.23998215008801
Noboru Iguchi,0.6666666666666666,Directing,井口昇,0.23998215008801
Theresa Russell,0.3333333333333333,Acting,Theresa Russell,0.23998215008801
Tan Zhuo,0.3333333333333333,Acting,谭卓,0.2399160393028618
Rina Kawaei,0.3333333333333333,Acting,川栄李奈,0.23981687312513947
Todd Phillips,0.6666666666666666,Directing,Todd Phillips,0.23981687312513947
Lior Raz,0.6666666666666666,Acting,ליאור רז,0.23975076233999126
Juliano Cazarré,0.6666666666666666,Acting,Juliano Cazarré,0.2396515961622689
Charly Clive,0.3333333333333333,Acting,Charly Clive,0.2396185407696948
Wang Zhifei,0.6666666666666666,Acting,王志飞,0.23958548537712068
Martin Mcdonagh,0.6666666666666666,Directing,Martin McDonagh,0.2395524299845466
Ed Sheeran,0.6666666666666666,Acting,Ed Sheeran,0.23951937459197248
Tsutomu Isobe,0.6666666666666666,Acting,磯部勉,0.2394863191993984
Atticus Shaffer,0.6666666666666666,Acting,Atticus Shaffer,0.23945326380682427
Vanessa Angel,0.3333333333333333,Acting,Vanessa Angel,0.23942020841425019
Chris Carmack,0.6666666666666666,Acting,Chris Carmack,0.23932104223652786
Danielle Harris,0.3333333333333333,Acting,Danielle Harris,0.23932104223652786
Kang Ki-Doong,0.6666666666666666,Acting,강기둥,0.23928798684395378
Yumiko Cheng Hei-Yi,0.3333333333333333,Acting,鄭希怡,0.23928798684395378
Brandon T. Jackson,0.6666666666666666,Acting,Brandon T. Jackson,0.23925493145137966
Nuttapong Mongkolsawas,0.6666666666666666,Directing,ณัฐพงษ์ มงคลสวัสดิ์,0.23922187605880557
Janet Montgomery,0.3333333333333333,Acting,Janet Montgomery,0.23922187605880557
Franco Lo Presti,0.6666666666666666,Acting,Franco Lo Presti,0.23915576527365737
Taichi Saotome,0.6666666666666666,Acting,早乙女太一,0.23908965448850916
R.G. Armstrong,0.6666666666666666,Acting,R.G. Armstrong,0.23908965448850916
Judith Light,0.3333333333333333,Acting,Judith Light,0.23902354370336096
Yeon Sang-Ho,0.6666666666666666,Directing,연상호,0.23889132213306447
Patrick Wayne,0.6666666666666666,Acting,Patrick Wayne,0.23889132213306447
Robin Atkin Downes,0.6666666666666666,Acting,Robin Atkin Downes,0.23875910056276806
Trevor Baxter,0.6666666666666666,Acting,Trevor Baxter,0.23872604517019394
Seizo Kato,0.6666666666666666,Acting,加藤精三,0.23872604517019394
Saima Noor,0.3333333333333333,Acting,Saima Noor,0.23869298977761985
Eric Allan Kramer,0.6666666666666666,Acting,Eric Allan Kramer,0.23869298977761985
Alessandro Nivola,0.6666666666666666,Acting,Alessandro Nivola,0.23869298977761985
Shin Aomori,0.6666666666666666,Acting,青森伸,0.23865993438504574
Wataru Komada,0.6666666666666666,Acting,駒田航,0.23859382359989753
Kumiko Takizawa,0.3333333333333333,Acting,滝沢久美子,0.23859382359989753
Yasuko Kobayashi,0.3333333333333333,Writing,小林靖子,0.23852771281474933
Muse Watson,0.6666666666666666,Acting,Muse Watson,0.23849465742217524
Levy Tran,0.3333333333333333,Acting,Levy Tran,0.23846160202960112
Jack Whitehall,0.6666666666666666,Acting,Jack Whitehall,0.23836243585187883
Bea Alonzo,0.3333333333333333,Acting,Bea Alonzo,0.23836243585187883
Kim Kyung-Nam,0.6666666666666666,Acting,김경남,0.2383293804593047
Nandhu,0.6666666666666666,Acting,Nandhu,0.23829632506673054
Oshirō Maeda,0.6666666666666666,Acting,前田旺志郎,0.23803188192613772
Maimie Mccoy,0.3333333333333333,Acting,Maimie McCoy,0.23803188192613772
Koji Morimoto,0.6666666666666666,Directing,森本晃司,0.23803188192613772
Akemi Kanda,0.3333333333333333,Acting,神田朱未,0.23786660496326723
Reiji Kawashima,0.6666666666666666,Acting,川島零士,0.2378335495706931
Yuzuki Akiyama,0.3333333333333333,Acting,秋山ゆずき,0.23780049417811902
Eliyha Altena,0.6666666666666666,Acting,Eliyha Altena,0.2377674387855449
Nana Katase,0.3333333333333333,Acting,片瀬那奈,0.2377674387855449
Brion James,0.6666666666666666,Acting,Brion James,0.2377674387855449
Billie Blain,0.3333333333333333,Acting,Billie Blain,0.2377013280003967
Mona Goodwin,0.0,Acting,Mona Goodwin,0.2377013280003967
Dada Chan Ching,0.3333333333333333,Acting,陳靜,0.2377013280003967
China Anne Mcclain,0.3333333333333333,Acting,China Anne McClain,0.2377013280003967
Momoko Fukuchi,0.3333333333333333,Acting,福地桃子,0.23760216182267432
Kyusaku Shimada,0.6666666666666666,Acting,嶋田久作,0.237502995644952
Michelle Ye Xuan,0.3333333333333333,Acting,叶璇,0.237502995644952
John Williams,0.6666666666666666,Sound,John Williams,0.237502995644952
Rob Benedict,0.6666666666666666,Acting,Rob Benedict,0.16349197167152854
Monica Keena,0.3333333333333333,Acting,Monica Keena,0.13387433992512957
Sherri Shepherd,0.3333333333333333,Acting,Sherri Shepherd,0.2883752448165013
Leni Lan,0.3333333333333333,Acting,藍心妍,0.26645951953986896
Hiroshi Otake,0.6666666666666666,Acting,大竹宏,0.2665586857175913
Belén Rodríguez,0.3333333333333333,Acting,Belén Rodríguez,0.18124271748382353
Tuana Naz Tiryaki,0.3333333333333333,Acting,Tuana Naz Tiryaki,0.3214967481757555
Veronica Falcón,0.3333333333333333,Acting,Veronica Falcón,0.18276326554223238
Kim Dong-Wook,0.6666666666666666,Acting,김동욱,0.285796924195721
Drew Van Acker,0.6666666666666666,Acting,Drew Van Acker,0.35213909709195185
Lloyd Bridges,0.6666666666666666,Acting,Lloyd Bridges,0.2765414142749713
Yohta Kawase,0.6666666666666666,Acting,川瀬陽太,0.2432546339528465
Rena Maeda,0.3333333333333333,Acting,前田玲奈,0.21089340462279663
Maki Aoyama,0.3333333333333333,Acting,青山真希,0.219719194440083
Im Won-Hee,0.6666666666666666,Acting,임원희,0.3122412382550058
Mary Wickes,0.3333333333333333,Acting,Mary Wickes,0.25184903602211406
He Xuanlin,0.3333333333333333,Acting,何宣林,0.2902263468006512
Kil Hae-Yeon,0.3333333333333333,Acting,길해연,0.19502681618722578
Hero Jaejoong,0.6666666666666666,Acting,김재중,0.29604409589369385
Ellen Chan Nga-Lun,0.3333333333333333,Acting,陳雅倫,0.3090018097827435
Yōichi Masukawa,0.6666666666666666,Acting,増川洋一,0.21264534042922428
Jason Wiles,0.6666666666666666,Acting,Jason Wiles,0.19687791817137568
Trayce Malachi,0.6666666666666666,Acting,Trayce Malachi,0.1796230032476923
Lola Flanery,0.3333333333333333,Acting,Lola Flanery,0.285499425662554
Lindsey Morgan,0.3333333333333333,Acting,Lindsey Morgan,0.21766976010048844
Erin Cummings,0.3333333333333333,Acting,Erin Cummings,0.22758637787272018
Maho Nonami,0.3333333333333333,Acting,野波麻帆,0.1827302101496583
Tony Plana,0.6666666666666666,Acting,Tony Plana,0.23522217355733874
Lauren Tom,0.3333333333333333,Acting,Lauren Tom,0.19810096769661759
Kim Byong-Chul,0.6666666666666666,Acting,김병철,0.31620788536389854
Rikuya Yasuda,0.6666666666666666,Acting,安田陸矢,0.18401937046004843
Hiroki Iijima,0.6666666666666666,Acting,飯島寛騎,0.14514622879289973
Pierfrancesco Favino,0.6666666666666666,Acting,Pierfrancesco Favino,0.2347263426687271
Rodney Dangerfield,0.6666666666666666,Acting,Rodney Dangerfield,0.20256344569412194
Pan Binlong,0.6666666666666666,Acting,潘斌龙,0.2582287267889165
Fuyumi Shiraishi,0.3333333333333333,Acting,白石冬美,0.19125850143377768
John Shum Kin-Fun,0.6666666666666666,Acting,岑建勳,0.2660628548289797
Jon Heder,0.6666666666666666,Acting,Jon Heder,0.21224867571833497
Tang Wei,0.3333333333333333,Acting,湯唯,0.24262658149393848
Craig Mazin,0.6666666666666666,Writing,Craig Mazin,0.18990323033823933
Killian Scott,0.6666666666666666,Acting,Killian Scott,0.18365576114173324
Amy Seimetz,0.3333333333333333,Acting,Amy Seimetz,0.20775314232825662
Josh Lawson,0.6666666666666666,Acting,Josh Lawson,0.18408548124519664
James Patrick Stuart,0.6666666666666666,Acting,James Patrick Stuart,0.18696130039914383
Andy Dick,0.6666666666666666,Acting,Andy Dick,0.23591633680139495
Rona-Lee Shimon,0.3333333333333333,Acting,Rona-Lee Shim'on,0.19972068193274883
Kris Marshall,0.6666666666666666,Acting,Kris Marshall,0.28602831194373973
Norm Macdonald,0.6666666666666666,Acting,Norm Macdonald,0.2665586857175913
Keiichi Nanba,0.6666666666666666,Acting,難波圭一,0.19608458874959714
John De Lancie,0.6666666666666666,Acting,John de Lancie,0.19320876959564992
Adam West,0.6666666666666666,Acting,Adam West,0.19297738184763114
Rod Steiger,0.6666666666666666,Acting,Rod Steiger,0.19833235544463632
Megumi Takamoto,0.3333333333333333,Acting,高本めぐみ,0.13777487624887405
Martin Clunes,0.6666666666666666,Acting,Martin Clunes,0.23274301911428075
Laura Slade Wiggins,0.3333333333333333,Acting,Laura Slade Wiggins,0.20953813352725828
Manzo Shinra,0.6666666666666666,Acting,森羅万象,0.23267690832913254
Xu Lu,0.3333333333333333,Acting,徐璐,0.3728978836284904
Julie Condra,0.3333333333333333,Acting,Julie Condra,0.28007834128040066
Antje Mönning,0.3333333333333333,Acting,Antje Mönning,0.10875224156880893
Lukita Maxwell,0.3333333333333333,Acting,Lukita Maxwell,0.18864712542042328
Tichina Arnold,0.3333333333333333,Acting,Tichina Arnold,0.21962002826236063
Margaret O'Brien,0.3333333333333333,Acting,Margaret O'Brien,0.1442867885859729
Daiki Kobayashi,0.6666666666666666,Acting,小林大紀,0.18481269988182697
John Reardon,0.6666666666666666,Acting,John Reardon,0.24252741531621616
Jang Seung-Jo,0.6666666666666666,Acting,장승조,0.22586749745886672
Freddie Fox,0.6666666666666666,Acting,Freddie Fox,0.15126147641910934
Mariel Hemingway,0.3333333333333333,Acting,Mariel Hemingway,0.192316273996149
Jung Eun-Ji,0.3333333333333333,Acting,정은지,0.18844879306497866
Tom Mcgowan,0.6666666666666666,Acting,Tom McGowan,0.22289251212719713
Tetsuya Watari,0.6666666666666666,Acting,渡哲也,0.20781925311340482
Kenji Misumi,0.6666666666666666,Directing,三隅研次,0.2347263426687271
Ellen Corby,0.3333333333333333,Acting,Ellen Corby,0.20256344569412194
Jo Wan-Jin,0.6666666666666666,Acting,조완진,0.2858299795882951
Brent Huff,0.6666666666666666,Acting,Brent Huff,0.18689518961399562
Ari Aster,0.6666666666666666,Directing,Ari Aster,0.20603426191440305
Yoo Mi,0.3333333333333333,Acting,유미,0.21171978943714934
Riham Hagag,0.3333333333333333,Acting,Riham Hagag,0.26497202687403415
Abbey Lee,0.3333333333333333,Acting,Abbey Lee,0.25227875612557743
Sean Pertwee,0.6666666666666666,Acting,Sean Pertwee,0.22414861704501318
Vision Wei,0.6666666666666666,Acting,魏晨,0.20616648348469946
Jessica Paré,0.3333333333333333,Acting,Jessica Paré,0.2136700575990216
Sema Şimşek,0.3333333333333333,Acting,Sema Şimşek,0.0
Sam Reid,0.6666666666666666,Acting,Sam Reid,0.2520473683775587
Hozumi Goda,0.6666666666666666,Acting,郷田ほづみ,0.2431885231676983
Alison Jaye Horowitz,0.3333333333333333,Acting,Alison Jaye Horowitz,0.1746977497541505
Lino Banfi,0.6666666666666666,Acting,Lino Banfi,0.1736399771917791
Park Soi,0.3333333333333333,Acting,박소이,0.23469328727615302
Ola Ray,0.3333333333333333,Acting,Ola Ray,0.2346602318835789
Matilda Lutz,0.3333333333333333,Acting,Matilda Lutz,0.2345610657058566
Iori Nomizu,0.3333333333333333,Acting,野水伊織,0.2344949549207084
Ritwick Chakraborty,0.6666666666666666,Acting,Ritwick Chakraborty,0.2344618995281343
Kenji Mizoguchi,0.6666666666666666,Directing,溝口健二,0.2344618995281343
Sara Gilbert,0.3333333333333333,Acting,Sara Gilbert,0.2344618995281343
Kevin Williamson,0.6666666666666666,Writing,Kevin Williamson,0.23432967795783788
Luke Goss,0.6666666666666666,Acting,Luke Goss,0.23432967795783788
Greg Germann,0.6666666666666666,Acting,Greg Germann,0.23432967795783788
Scott Wilson,0.6666666666666666,Acting,Scott Wilson,0.2342966225652637
Amber Stevens West,0.3333333333333333,Acting,Amber Stevens West,0.2342305117801155
Rosemary Harris,0.3333333333333333,Acting,Rosemary Harris,0.23419745638754141
Cherrie Ying Choi-Yi,0.3333333333333333,Acting,應采兒,0.2341644009949673
Mirei Asaoka,0.3333333333333333,Acting,朝岡実嶺,0.234065234817245
Xu Jinglei,0.3333333333333333,Acting,徐静蕾,0.234065234817245
Yongyut Termtuo,0.6666666666666666,Acting,โบ๊ท ยงค์ยุทธ เติมต่อ,0.2339991240320968
Yuan Hong,0.6666666666666666,Acting,袁弘,0.2338669024618004
Nat Wolff,0.6666666666666666,Acting,Nat Wolff,0.2338669024618004
Haruko Katō,0.3333333333333333,Acting,加藤治子,0.2338007916766522
Chad Lindberg,0.6666666666666666,Acting,Chad Lindberg,0.2338007916766522
Jane Birkin,0.3333333333333333,Acting,Jane Birkin,0.23376773628407807
Winwin,0.6666666666666666,Acting,윈윈,0.23373468089150398
Nikki Cox,0.3333333333333333,Acting,Nikki Cox,0.23370162549892987
Tipnaree Weerawatnodom,0.3333333333333333,Acting,ทิพนารี วีรวัฒโนดม,0.23366857010635578
Jung Yoo-Jin,0.3333333333333333,Acting,정유진,0.23363551471378158
Laura Spencer,0.3333333333333333,Acting,Laura Spencer,0.23363551471378158
Daniel Gillies,0.6666666666666666,Acting,Daniel Gillies,0.23363551471378158
Jonah Hauer-King,0.6666666666666666,Acting,Jonah Hauer-King,0.23356940392863337
Ikuya Sawaki,0.6666666666666666,Acting,沢木郁也,0.23347023775091108
Jesse Bradford,0.6666666666666666,Acting,Jesse Bradford,0.23340412696576288
Wu Yijia,0.6666666666666666,Acting,吴逸迦,0.23337107157318876
Kim Ji-Seok,0.6666666666666666,Acting,김지석,0.23333801618061467
Cheon Ho-Jin,0.6666666666666666,Acting,천호진,0.23333801618061467
Annie Heise,0.3333333333333333,Acting,Annie Heise,0.23330496078804056
Maury Sterling,0.6666666666666666,Acting,Maury Sterling,0.23330496078804056
Matt Jones,0.6666666666666666,Acting,Matt Jones,0.23327190539546647
Tsunehiko Kamijô,0.6666666666666666,Acting,上條恒彦,0.23327190539546647
Won Ji-An,0.3333333333333333,Acting,원지안,0.23323885000289235
Katsumi Fukuhara,0.6666666666666666,Acting,福原かつみ,0.23323885000289235
Adina Porter,0.3333333333333333,Acting,Adina Porter,0.23323885000289235
Kenji Kamiyama,0.6666666666666666,Directing,神山健治,0.23317273921774415
Richard Lewis,0.6666666666666666,Acting,Richard Lewis,0.23313968382517006
Uhm Tae-Woong,0.6666666666666666,Acting,엄태웅,0.23310662843259594
Brenda Bakke,0.3333333333333333,Acting,Brenda Bakke,0.23310662843259594
Zhang Huiwen,0.3333333333333333,Acting,張慧雯,0.23304051764744774
Yûrei Yanagi,0.6666666666666666,Acting,柳憂怜,0.23297440686229948
Jun Maeda,0.6666666666666666,Writing,麻枝准,0.23294135146972536
Mio Sugiyama,0.3333333333333333,Acting,杉山未央,0.23287524068457716
Brandon Flynn,0.6666666666666666,Acting,Brandon Flynn,0.23287524068457716
Aly Michalka,0.3333333333333333,Acting,Aly Michalka,0.23287524068457716
Nagisa Ōshima,0.6666666666666666,Directing,大島渚,0.23287524068457716
Wang Taili,0.6666666666666666,Acting,王太利,0.23284218529200307
Barbie Forteza,0.3333333333333333,Acting,Barbie Forteza,0.23280912989942895
Peter Graves,0.6666666666666666,Acting,Peter Graves,0.23280912989942895
Lee Eun-Mi,0.3333333333333333,Acting,이은미,0.23267690832913254
Stacey Farber,0.3333333333333333,Acting,Stacey Farber,0.23257774215141025
Bertan Asllani,0.6666666666666666,Acting,Bertan Asllani,0.23254468675883613
Gabee,0.3333333333333333,Acting,가비,0.23251163136626204
Aina Aiba,0.3333333333333333,Acting,相羽あいな,0.2517498698443918
Yūsaku Matsuda,0.6666666666666666,Acting,松田優作,0.2674842367096662
Vern Kaye,0.3333333333333333,Acting,Vern Kaye,0.29273855663628323
Zhang Yaqin,0.3333333333333333,Acting,张雅钦,0.27141782842598483
Burt Young,0.6666666666666666,Acting,Burt Young,0.2640795312745333
Na Moon-Hee,0.3333333333333333,Acting,나문희,0.31306762306935854
Oleg Yankovskiy,0.6666666666666666,Acting,Олег Янковский,0.1949607054020775
Stephanie Szostak,0.3333333333333333,Acting,Stephanie Szostak,0.22044641307671334
Le Rong-Rong,0.3333333333333333,Acting,乐蓉蓉,0.22044641307671334
Lou Ferrigno Jr.,0.6666666666666666,Acting,Lou Ferrigno Jr.,0.20219983637580674
Zhou Shen,0.6666666666666666,Acting,周深,0.22408250625986498
Go Ara,0.3333333333333333,Acting,고아라,0.23575105983852443
Clotilde Courau,0.3333333333333333,Acting,Clotilde Courau,0.1984315216223587
Dennis Farina,0.6666666666666666,Acting,Dennis Farina,0.25998066259534414
Hirofumi Arai,0.6666666666666666,Acting,新井浩文,0.22705749159153454
Gakuryu Ishii,0.6666666666666666,Directing,石井岳龍,0.2497334908973713
Lin Zehui,0.6666666666666666,Acting,林泽辉,0.2712856068556884
Gehana Vasisth,0.3333333333333333,Acting,गहना वशिष्ठ,0.23515606277219053
Christopher Cousins,0.6666666666666666,Acting,Christopher Cousins,0.27627697113437844
Gabriel Iglesias,0.6666666666666666,Acting,Gabriel Iglesias,0.19628292110504175
Seijun Suzuki,0.6666666666666666,Directing,鈴木清順,0.19413432058772487
Kane Kosugi,0.6666666666666666,Acting,ケイン・コスギ,0.22361973076382746
Ding Yongdai,0.6666666666666666,Acting,丁勇岱,0.2789214025403069
Brandy Norwood,0.3333333333333333,Acting,Brandy Norwood,0.2515845928815212
Vincent Schiavelli,0.6666666666666666,Acting,Vincent Schiavelli,0.21565338115346788
Asao Uchida,0.6666666666666666,Acting,内田朝雄,0.16174003586510097
Guts Ishimatsu,0.6666666666666666,Acting,ガッツ石松,0.1952912593278186
Tatsuya Ishihara,0.6666666666666666,Directing,石原立也,0.20910841342379496
Aimee Carrero,0.3333333333333333,Acting,Aimee Carrero,0.2858960903734433
Yusuke Santamaria,0.6666666666666666,Acting,中山裕介,0.2258344420662926
Sayaka Tomaru,0.3333333333333333,Acting,都丸紗也華,0.22990025535290765
Keisuke Watanabe,0.6666666666666666,Acting,渡邊圭祐,0.2610384351577156
Jinhee Joung,0.3333333333333333,Acting,Jinhee Joung,0.1363865497607616
Robert Hays,0.6666666666666666,Acting,Robert Hays,0.21072812765992613
Allen Su,0.6666666666666666,Acting,苏醒,0.15446784949879763
Heo Nam-Jun,0.6666666666666666,Acting,허남준,0.2749878108239883
Jacob Fortune-Lloyd,0.6666666666666666,Acting,Jacob Fortune-Lloyd,0.18345742878628862
Non,0.3333333333333333,Acting,のん,0.19945623879215593
Shaun Dooley,0.6666666666666666,Acting,Shaun Dooley,0.22352056458610514
Sergio Leone,0.6666666666666666,Directing,Sergio Leone,0.31591038683073164
Rosanne Lui Shan,0.3333333333333333,Acting,呂珊,0.22742110090984968
Helene Joy,0.3333333333333333,Acting,Helene Joy,0.2284127626870729
Cesar Romero,0.6666666666666666,Acting,Cesar Romero,0.17165665363733273
Caroline Munro,0.3333333333333333,Acting,Caroline Munro,0.19010156269368395
Harold Ramis,0.6666666666666666,Directing,Harold Ramis,0.1679544496690329
Tōru Abe,0.6666666666666666,Acting,安部徹,0.22464444793362479
Kiki May,0.3333333333333333,Acting,Kiki May,0.21528977183515277
Ellen Wroe,0.3333333333333333,Acting,Ellen Wroe,0.13156046244494213
Douglas Hodge,0.6666666666666666,Acting,Douglas Hodge,0.15222008280375837
Zackary Arthur,0.6666666666666666,Acting,Zackary Arthur,0.22411556165243907
Kenji Kodama,0.6666666666666666,Directing,こだま兼嗣,0.22702443619896046
Gore Verbinski,0.6666666666666666,Directing,Gore Verbinski,0.15083175631564594
Henry Gibson,0.6666666666666666,Acting,Henry Gibson,0.2768058574155641
Kankuro Kudo,0.6666666666666666,Writing,宮藤官九郎,0.22963581221231474
Kathy Burke,0.3333333333333333,Acting,Kathy Burke,0.1596906015255064
Teddy Robin,0.6666666666666666,Acting,泰迪羅賓,0.2946557694055814
Vanness Wu,0.6666666666666666,Acting,吳建豪,0.19978679271789704
Katie Douglas,0.3333333333333333,Acting,Katie Douglas,0.3036798915783124
Kwak Si-Yang,0.6666666666666666,Acting,곽시양,0.2558487385235809
Olivia De Havilland,0.3333333333333333,Acting,Olivia de Havilland,0.2160169904717831
Sara Shida,0.3333333333333333,Acting,志田彩良,0.23016469849350046
Seiji Fukushi,0.6666666666666666,Acting,福士誠治,0.23016469849350046
Nick Smith,1.0,Acting,Nick Smith,0.23009858770835226
Satoshi Tsuruoka,0.6666666666666666,Acting,鶴岡聡,0.23006553231577817
Charlotte Austin,0.3333333333333333,Acting,ชาล็อต ออสติน,0.23003247692320405
Vishnu Agasthya,0.6666666666666666,Acting,Vishnu Agasthya,0.22996636613805585
Zhao Lixin,0.6666666666666666,Acting,赵立新,0.22996636613805585
Ben Yuen Foo-Wah,0.6666666666666666,Acting,袁富華,0.22990025535290765
Trieste Kelly Dunn,0.3333333333333333,Acting,Trieste Kelly Dunn,0.22990025535290765
Hideki Sonoda,0.6666666666666666,Writing,園田英樹,0.22983414456775944
Michael Moore,0.6666666666666666,Directing,Michael Moore,0.22980108917518535
Charles Martin Smith,0.6666666666666666,Acting,Charles Martin Smith,0.22980108917518535
Kim Jung-Hyun,0.6666666666666666,Acting,김정현,0.22976803378261124
Anna Kazyuchits,0.3333333333333333,Acting,Анна Казючиц,0.22976803378261124
Leong Po-Chih,0.6666666666666666,Directing,梁普智,0.22976803378261124
Yuuki Hirose,0.3333333333333333,Acting,広瀬ゆうき,0.22973497839003715
Ophelia Lovibond,0.3333333333333333,Acting,Ophelia Lovibond,0.22973497839003715
Ayumi Ishida,0.3333333333333333,Acting,いしだあゆみ,0.22970192299746303
Kay Lenz,0.3333333333333333,Acting,Kay Lenz,0.22970192299746303
Matilda Lawler,0.3333333333333333,Acting,Matilda Lawler,0.22966886760488894
Sean Whalen,0.6666666666666666,Acting,Sean Whalen,0.22960275681974066
"Carlos ""El Mono"" Sanchez",0.6666666666666666,Acting,"Carlos ""El Mono"" Sanchez",0.22956970142716654
Richard Jordan,0.6666666666666666,Acting,Richard Jordan,0.22950359064201833
Barry Shabaka Henley,0.6666666666666666,Acting,Barry Shabaka Henley,0.22950359064201833
Richard Curtis,0.6666666666666666,Writing,Richard Curtis,0.22933831367914784
Chen Xiaoyun,0.3333333333333333,Acting,陳小紜,0.22927220289399963
Sharafudheen,0.6666666666666666,Acting,Sharafudheen,0.22927220289399963
Genki Kawamura,0.6666666666666666,Directing,川村元気,0.22923914750142552
Konatsu Kato,0.3333333333333333,Acting,加藤小夏,0.22920609210885143
Yukana,0.3333333333333333,Acting,ゆかな,0.22920609210885143
Lee Soon-Jae,0.6666666666666666,Acting,이순재,0.2291730367162773
Masumi Harukawa,0.3333333333333333,Acting,春川ますみ,0.22907387053855502
Rebecca Mader,0.3333333333333333,Acting,Rebecca Mader,0.22907387053855502
Eri Yukimura,0.3333333333333333,Acting,幸村恵理,0.2290408151459809
Hideo Nakano,0.6666666666666666,Acting,中野英雄,0.2290408151459809
Daniel Mays,0.6666666666666666,Acting,Daniel Mays,0.22897470436083264
Carroll O'Connor,0.6666666666666666,Acting,Carroll O'Connor,0.22894164896825853
Hironobu Nomura,0.6666666666666666,Acting,野村宏伸,0.22890859357568444
Masatoshi Nakamura,0.6666666666666666,Acting,中村雅俊,0.22880942739796212
Hitoshi Takagi,0.6666666666666666,Acting,高木均,0.22880942739796212
Keum Sae-Rok,0.3333333333333333,Acting,금새록,0.22871026122023982
Norito Yashima,0.6666666666666666,Acting,八嶋智人,0.22871026122023982
Catherine Tate,0.3333333333333333,Acting,Catherine Tate,0.2286772058276657
David Paymer,0.6666666666666666,Acting,David Paymer,0.2284788734722211
Sadako Sawamura,0.3333333333333333,Acting,沢村貞子,0.2284127626870729
Yuriko Yamamoto,0.3333333333333333,Acting,山本百合子,0.2284127626870729
Peter Scanavino,0.6666666666666666,Acting,Peter Scanavino,0.22834665190192469
Jason Robards,0.6666666666666666,Acting,Jason Robards,0.2282805411167764
Shinji Takeda,0.6666666666666666,Acting,武田真治,0.2282144303316282
Keigo Higashino,0.6666666666666666,Writing,東野圭吾,0.2282144303316282
John Hawkes,0.6666666666666666,Acting,John Hawkes,0.2282144303316282
Taylor Schilling,0.3333333333333333,Acting,Taylor Schilling,0.2281152641539059
Suniel Shetty,0.6666666666666666,Acting,Suniel Shetty,0.2281152641539059
Angela White,0.3333333333333333,Acting,Angela White,0.2280491533687577
Danny Aiello,0.6666666666666666,Acting,Danny Aiello,0.2279830425836095
Lara Silva,0.3333333333333333,Acting,Lara Silva,0.22788387640588717
Cao Xiyue,0.3333333333333333,Acting,曹曦月,0.2784916824368436
Clifton Ko Chi-Sum,0.6666666666666666,Directing,高志森,0.19142377839664818
Ashlynn Yennie,0.3333333333333333,Acting,Ashlynn Yennie,0.14980703914584867
Anthony Stewart Head,0.6666666666666666,Acting,Anthony Stewart Head,0.18593658322934659
Miloš Biković,0.6666666666666666,Acting,Милош Биковић,0.14326207141617567
Yasuhiro Takemoto,0.6666666666666666,Directing,武本康弘,0.2012742853837318
Keiko Kishi,0.3333333333333333,Acting,岸恵子,0.1949607054020775
Bao Fang,0.6666666666666666,Acting,鮑方,0.18425075820806713
Hina Tachibana,0.3333333333333333,Acting,立花日菜,0.22781776562073897
Ruben Santiago-Hudson,0.6666666666666666,Acting,Ruben Santiago-Hudson,0.17350775562148268
Sergei Bezrukov,0.6666666666666666,Acting,Сергей Безруков,0.16881388987595963
Donna Dixon,0.3333333333333333,Acting,Donna Dixon,0.16957416390516405
Vanessa Ray,0.3333333333333333,Acting,Vanessa Ray,0.2901932914080771
Evgeny Tsyganov,0.6666666666666666,Acting,Евгений Цыганов,0.25720400961911927
Yoon Park,0.6666666666666666,Acting,윤박,0.22745415630242377
Murray Bartlett,0.6666666666666666,Acting,Murray Bartlett,0.22738804551727557
Troy Evans,0.6666666666666666,Acting,Troy Evans,0.22738804551727557
Min Tanaka,0.6666666666666666,Acting,田中泯,0.22735499012470148
Saori Goto,0.3333333333333333,Acting,後藤沙緒里,0.22732193473212736
Kumiko Nishihara,0.3333333333333333,Acting,西原久美子,0.22732193473212736
Charles Lin,0.6666666666666666,Acting,林柏叡,0.22728887933955327
Susumu Chiba,0.6666666666666666,Acting,千葉進歩,0.22728887933955327
Charlie Mcdermott,0.6666666666666666,Acting,Charlie McDermott,0.22725582394697916
Reiko Yamaguchi,0.3333333333333333,Acting,山口玲子,0.22718971316183095
Roma Maffia,0.3333333333333333,Acting,Roma Maffia,0.22718971316183095
Miu Tomita,0.3333333333333333,Acting,富田望生,0.22712360237668275
Ella Anderson,0.3333333333333333,Acting,Ella Anderson,0.22709054698410866
Claudia Koll,0.3333333333333333,Acting,Claudia Koll,0.22709054698410866
Nobutaka Masutomi,0.6666666666666666,Acting,益富信孝,0.22705749159153454
Lee Jung-Hyun,0.3333333333333333,Acting,이정현,0.22702443619896046
Kobun Shizuno,0.6666666666666666,Directing,静野孔文,0.22699138080638628
Anne Francis,0.3333333333333333,Acting,Anne Francis,0.22699138080638628
Yang Shuo,0.6666666666666666,Acting,杨烁,0.22692527002123808
Jean Gabin,0.6666666666666666,Acting,Jean Gabin,0.22689221462866396
Yojiro Takita,0.6666666666666666,Directing,滝田洋二郎,0.22679304845094164
Rie Mimura,0.3333333333333333,Acting,美村里江,0.22679304845094164
Mircea Monroe,0.3333333333333333,Acting,Mircea Monroe,0.22669388227321935
Michaela Jill Murphy,0.3333333333333333,Acting,Michaela Jill Murphy,0.22666082688064523
Kenjirou Ishimaru,0.6666666666666666,Acting,石丸謙二郎,0.22666082688064523
Paul Mccartney,0.6666666666666666,Acting,Paul McCartney,0.22666082688064523
Marco Bocci,0.6666666666666666,Acting,Marco Bocci,0.22662777148807114
Jason Lewis,0.6666666666666666,Acting,Jason Lewis,0.22659471609549703
Hande Doğandemir,0.3333333333333333,Acting,Hande Doğandemir,0.245601566825608
Jill Hennessy,0.3333333333333333,Acting,Jill Hennessy,0.22656166070292294
Daniel Hugh Kelly,0.6666666666666666,Acting,Daniel Hugh Kelly,0.22656166070292294
Lee Won-Jong,0.6666666666666666,Acting,이원종,0.22642943913262653
Ryutaro Otomo,0.6666666666666666,Acting,大友柳太朗,0.22642943913262653
Becki Newton,0.3333333333333333,Acting,Becki Newton,0.22639638374005241
Li Guangjie,0.6666666666666666,Acting,李光洁,0.22639638374005241
Lisa Rinna,0.3333333333333333,Acting,Lisa Rinna,0.22639638374005241
Jonathan Kos-Read,0.6666666666666666,Acting,曹操,0.22636332834747833
Go Riju,0.6666666666666666,Acting,利重剛,0.22629721756233004
Cameron Britton,0.6666666666666666,Acting,Cameron Britton,0.22626416216975595
凪光,0.0,,凪光,0.22623110677718183
Kwon Yu-Ri,0.3333333333333333,Acting,권유리,0.22623110677718183
Jerome Flynn,0.6666666666666666,Acting,Jerome Flynn,0.22623110677718183
Kamatari Fujiwara,0.6666666666666666,Acting,藤原釜足,0.22623110677718183
Harry Holland,0.6666666666666666,Acting,Harry Holland,0.22619805138460775
Hisako Tojo,0.3333333333333333,Acting,東城日沙子,0.22613194059945954
Trevor Morgan,0.6666666666666666,Acting,Trevor Morgan,0.22613194059945954
Uhm Ji-Won,0.3333333333333333,Acting,엄지원,0.2497334908973713
Ineko Arima,0.3333333333333333,Acting,有馬稲子,0.17539191299820675
Robert F. Simon,0.6666666666666666,Acting,Robert F. Simon,0.21981836061780533
Maxine Peake,0.3333333333333333,Acting,Maxine Peake,0.14425373319339882
Hugo Ng Doi-Yung,0.6666666666666666,Acting,吳岱融,0.20067928831739787
John Mulaney,0.6666666666666666,Acting,John Mulaney,0.27125255146311433
Masako Natsume,0.3333333333333333,Acting,夏目雅子,0.2660628548289797
Tomohisa Yamashita,0.6666666666666666,Acting,山下 智久,0.21856225569998927
Qiao Shan,0.6666666666666666,Acting,喬杉,0.28021056285069706
Taishi Nakagawa,0.6666666666666666,Acting,中川大志,0.16983860704575696
Randeep Hooda,0.6666666666666666,Acting,Randeep Hooda,0.1837879827120297
Kasumi Yamaya,0.3333333333333333,Acting,山谷花純,0.22090918857275077
Miki Sugimoto,0.3333333333333333,Acting,杉本美樹,0.22074391160988024
Arturo Castro,0.6666666666666666,Acting,Arturo Castro,0.19115933525605536
Yui Koike,0.3333333333333333,Acting,小池唯,0.1834904841788627
Wang Chengsi,0.6666666666666666,Acting,Wang Chengsi,0.23489161963159763
Keisuke Horibe,0.6666666666666666,Acting,堀部圭亮,0.21552115958317147
Divya Bharti,0.3333333333333333,Acting,Divya Bharti,0.2015387285243246
Richard Burgi,0.6666666666666666,Acting,Richard Burgi,0.1830607640753994
Mr. T,0.6666666666666666,Acting,Mr. T,0.2165458767529688
Qi Xi,0.3333333333333333,Acting,齐溪,0.20626564966242178
Song Ha-Yoon,0.3333333333333333,Acting,송하윤,0.22054557925443563
Chun Wong,0.6666666666666666,Acting,秦煌,0.3092001421381881
Junichi Sato,0.6666666666666666,Directing,佐藤順一,0.21281061739209478
Kim Rossi Stuart,0.6666666666666666,Acting,Kim Rossi Stuart,0.26249287243097624
Tom Arnold,0.6666666666666666,Acting,Tom Arnold,0.21132312472626003
E.G. Marshall,0.6666666666666666,Acting,E.G. Marshall,0.22038030229156513
Jackson Wang,0.6666666666666666,Acting,王嘉爾,0.2579642836483237
Kimberly Dos Ramos,0.3333333333333333,Acting,Kimberly Dos Ramos,0.24222991678304917
Shinsuke Sato,0.6666666666666666,Directing,佐藤信介,0.1920518308555562
Phanuroj Chalermkijporntavee,0.6666666666666666,Acting,ภานุโรจน์ เฉลิมกิจพรทวี,0.2641786974522556
Himika Akaneya,0.3333333333333333,Acting,茜屋日海夏,0.22309084448264183
Tracy Spiridakos,0.3333333333333333,Acting,Tracy Spiridakos,0.19677875199365336
Martin Cummins,0.6666666666666666,Acting,Martin Cummins,0.12494938393012091
Kevin Mcnally,0.6666666666666666,Acting,Kevin McNally,0.5540414349345917
Susan Blommaert,0.3333333333333333,Acting,Susan Blommaert,0.2249419464667917
Liu Peiqi,0.6666666666666666,Acting,刘佩琦,0.2248758356816435
Belle Delphine,0.3333333333333333,Acting,Belle Delphine,0.2248427802890694
O'Shea Jackson Jr.,0.6666666666666666,Acting,O'Shea Jackson Jr.,0.2248427802890694
Makoto Satō,0.6666666666666666,Acting,佐藤允,0.2248427802890694
Magda Guzmán,0.3333333333333333,Acting,Magda Guzmán,0.2247766695039212
Kate Siegel,0.3333333333333333,Acting,Kate Siegel,0.22474361411134708
Irina Starshenbaum,0.3333333333333333,Acting,Ирина Старшенбаум,0.224710558718773
Laci J. Mailey,0.3333333333333333,Acting,Laci J. Mailey,0.22464444793362479
Ben Daniels,0.6666666666666666,Acting,Ben Daniels,0.22464444793362479
Yoshito Yasuhara,0.6666666666666666,Acting,安原義人,0.22461139254105067
Chris Messina,0.6666666666666666,Acting,Chris Messina,0.22457833714847658
Jonathan Scarfe,0.6666666666666666,Acting,Jonathan Scarfe,0.22451222636332838
Paulina GaitáN,0.3333333333333333,Acting,Paulina Gaitán,0.22451222636332838
Eylül Ersöz,0.3333333333333333,Acting,Eylül Ersöz,0.22447917097075426
Anupama Parameswaran,0.3333333333333333,Acting,Anupama Parameswaran,0.22438000479303197
Görkem Sevindik,0.6666666666666666,Acting,Görkem Sevindik,0.22438000479303197
Hu Yixuan,0.3333333333333333,Acting,胡意旋,0.22434694940045785
Tomoyuki Shimura,0.6666666666666666,Acting,志村知幸,0.20001818046591577
Yusei Yagi,0.6666666666666666,Acting,八木勇征,0.1829946532902511
Ashley Roberts,0.3333333333333333,Acting,Ashley Roberts,0.14812121412456924
Ric Roman Waugh,0.6666666666666666,Directing,Ric Roman Waugh,0.18560602930360548
Yang Zishan,0.3333333333333333,Acting,杨子姗,0.2129097835698171
温芮欣,0.3333333333333333,Acting,温芮欣,0.3149517804460825
Susan George,0.3333333333333333,Acting,Susan George,0.23591633680139495
Goro Miyazaki,0.6666666666666666,Directing,宮崎吾朗,0.1445512317265658
Xing Zhaolin,0.6666666666666666,Acting,邢昭林,0.1804163326694709
Sun Zhonghuai,0.6666666666666666,Production,孙忠怀,0.2096372997049806
Stacy Martin,0.3333333333333333,Acting,Stacy Martin,0.26232759546810575
Saori Izawa,0.3333333333333333,Acting,伊澤彩織,0.2751530877868589
Wu Xiubo,0.6666666666666666,Acting,吴秀波,0.1686486129130891
Dar Salim,0.6666666666666666,Acting,Dar Salim,0.24421324033749553
Larry Hagman,0.6666666666666666,Acting,Larry Hagman,0.15423646175077885
Francis Huster,0.6666666666666666,Acting,Francis Huster,0.22133890867621417
Ethan Coen,0.6666666666666666,Writing,Ethan Coen,0.2071581452619227
Mari Hoshino,0.3333333333333333,Acting,星野真里,0.14296457288300868
Gaby Espino,0.3333333333333333,Acting,Gaby Espino,0.21469477476881885
Shigeyasu Yamauchi,0.6666666666666666,Directing,山内重保,0.17380525415464967
Leslie Caron,0.3333333333333333,Acting,Leslie Caron,0.2161161566495054
Pisamai Vilaisak,0.3333333333333333,Acting,พิศมัย วิไลศักดิ์,0.17826773215215394
William Sachs,0.6666666666666666,Directing,William Sachs,0.21965308365493472
Park Ji-Young,0.3333333333333333,Acting,박지영,0.18672991265112512
Ann Cusack,0.3333333333333333,Acting,Ann Cusack,0.15413729557305653
Hiroshi Masuoka,0.6666666666666666,Acting,増岡弘,0.19261377252931602
Max Casella,0.6666666666666666,Acting,Max Casella,0.15509590195770565
Ahmed Malek,0.6666666666666666,Acting,أحمد مالك,0.14653455528101217
Joshua Malina,0.6666666666666666,Acting,Joshua Malina,0.24391574180432862
Eli Roth,0.6666666666666666,Directing,Eli Roth,0.3924997314249354
Majida Issa,0.3333333333333333,Acting,Majida Issa,0.07265575287788512
Chae Jong-Hyeop,0.6666666666666666,Acting,채종협,0.2242147278301614
Riku Hagiwara,0.6666666666666666,Acting,萩原利久,0.19330793577337224
Yoshihiro Nakamura,0.6666666666666666,Directing,中村義洋,0.1805816096323414
Kellie Martin,0.3333333333333333,Acting,Kellie Martin,0.2110586815856672
Kaneto Shindō,0.6666666666666666,Directing,新藤兼人,0.18173854837243514
Yasuzō Masumura,0.6666666666666666,Directing,増村保造,0.21257922964407608
Hunter Hancock,0.6666666666666666,Acting,Hunter Hancock,0.27859084861456584
Anton Lesser,0.6666666666666666,Acting,Anton Lesser,0.19175433232238928
Brett Tucker,0.6666666666666666,Acting,Brett Tucker,0.17720995958978258
Yoshihiko Hosoda,0.6666666666666666,Acting,細田善彦,0.19310960341792763
Ahmet Rıfat Şungar,0.6666666666666666,Acting,Ahmet Rıfat Şungar,0.15284813526266638
Yoo In-Young,0.3333333333333333,Acting,유인영,0.16709500946210615
Kate Flannery,0.3333333333333333,Acting,Kate Flannery,0.11281805485542397
Asuka Nishi,0.3333333333333333,Acting,西明日香,0.20051401135452737
Paul Verhoeven,0.6666666666666666,Directing,Paul Verhoeven,0.22299167830491945
Jennifer Yu,0.3333333333333333,Acting,余香凝,0.22295862291234533
Seamus Dever,0.6666666666666666,Acting,Seamus Dever,0.22292556751977124
Kim Joong-Hee,0.6666666666666666,Acting,김중희,0.22289251212719713
Moe Sakura,0.3333333333333333,Acting,佐倉萌,0.22289251212719713
Nijiko Kiyokawa,0.3333333333333333,Acting,清川虹子,0.22289251212719713
Hayato Sano,0.6666666666666666,Acting,佐野勇斗,0.22285945673462304
Joo Hyun-Young,0.3333333333333333,Acting,주현영,0.22282640134204892
Satomi Tezuka,0.6666666666666666,Acting,手塚理美,0.22282640134204892
Kaori Asada,0.3333333333333333,Acting,麻田かおり,0.22279334594947484
Gaia Weiss,0.3333333333333333,Acting,Gaia Weiss,0.22272723516432663
Kahyun Kim,0.3333333333333333,Acting,Kahyun Kim,0.2225950135940302
Olwen Catherine Kelly,0.3333333333333333,Acting,Olwen Catherine Kelly,0.2225950135940302
Kazuki Namioka,0.6666666666666666,Acting,波岡一喜,0.2225619582014561
Rajendra Kumar,0.6666666666666666,Acting,Rajendra Kumar,0.22246279202373379
Sean Simons,0.6666666666666666,Acting,Sean Simons,0.22239668123858558
Tatsumi Kumashiro,0.6666666666666666,Directing,神代辰巳,0.22239668123858558
Emily Beecham,0.3333333333333333,Acting,Emily Beecham,0.22226445966828912
Phil Dunster,0.6666666666666666,Acting,Phil Dunster,0.222231404275715
Yuki Morinaga,0.6666666666666666,Acting,森永悠希,0.2221983488831409
Hawick Lau Hau-Wai,0.6666666666666666,Acting,劉愷威,0.2221983488831409
D. B. Sweeney,0.6666666666666666,Acting,D. B. Sweeney,0.2221652934905668
Yan-Kay Crystal Lowe,0.3333333333333333,Acting,Yan-Kay Crystal Lowe,0.2221652934905668
Diana Dors,0.3333333333333333,Acting,Diana Dors,0.2220330719202704
Ha Joo-Hee,0.3333333333333333,Acting,하주희,0.2220000165276963
Caterina Murino,0.3333333333333333,Acting,Caterina Murino,0.2220000165276963
Meat Loaf,0.6666666666666666,Acting,Meat Loaf,0.2220000165276963
Laura Elphinstone,0.3333333333333333,Acting,Laura Elphinstone,0.2219339057425481
Emily Brobst,0.3333333333333333,Crew,Emily Brobst,0.2218677949573999
Miki Sakai,0.3333333333333333,Acting,酒井美紀,0.2218677949573999
Wang Shih-Sian,0.6666666666666666,Acting,王識賢,0.19327488038079813
Mandy Chan Chi-Man,0.6666666666666666,Acting,陳志文,0.19555570246841142
Anders Holm,0.6666666666666666,Acting,Anders Holm,0.1444520655488435
Keaton Yamada,0.6666666666666666,Acting,キートン山田,0.17516052525018802
Wu Nien-Jen,0.6666666666666666,Writing,吳念真,0.21876058805543389
Anna Nicole Smith,0.3333333333333333,Acting,Anna Nicole Smith,0.14795593716169872
Tony Ching Siu-Tung,0.6666666666666666,Directing,程小東,0.3538249221132313
Ken Utsui,0.6666666666666666,Acting,宇津井健,0.1982001338743399
Barry Pepper,0.6666666666666666,Acting,Barry Pepper,0.22771859944301667
Lisa Gilroy,0.3333333333333333,Acting,Lisa Gilroy,0.20924063499409137
Minami Matsuzaka,0.3333333333333333,Acting,Minami Matsuzaka,0.20269566726441834
Lysette Anthony,0.3333333333333333,Acting,Lysette Anthony,0.14481567486715863
Roy Chiu,0.6666666666666666,Acting,邱澤,0.20041484517680505
Jang Hyun-Sung,0.6666666666666666,Acting,장현성,0.2427588030642349
Tokuyoshi Kawashima,0.6666666666666666,Acting,川島得愛,0.2786569593997141
Bess Armstrong,0.3333333333333333,Acting,Bess Armstrong,0.17311109091059346
Lee Jun-Hyeok,0.6666666666666666,Acting,이준혁,0.2275533224801461
Moisés Arias,0.6666666666666666,Acting,Moisés Arias,0.25674123412308175
Park Kyung-Hye,0.3333333333333333,Acting,박경혜,0.24404796337462503
Jay Renshaw,0.6666666666666666,Acting,Jay Renshaw,0.22034724689899102
Jang Do-Yeon,0.3333333333333333,Acting,장도연,0.1766149625234487
Dimple Kapadia,0.3333333333333333,Acting,Dimple Kapadia,0.21423199927278133
Alex D. Linz,0.6666666666666666,Acting,Alex D. Linz,0.19059739358229555
Deva Cassel,0.3333333333333333,Acting,Deva Cassel,0.2347263426687271
Jessica Sula,0.3333333333333333,Acting,Jessica Sula,0.2730375426621161
Lee Garlington,0.3333333333333333,Acting,Lee Garlington,0.2074225884025155
Yoo Ha-Bok,0.6666666666666666,Acting,유하복,0.21264534042922428
Lenny Henry,0.6666666666666666,Acting,Lenny Henry,0.08756373492880697
Huangyang Tiantian,0.3333333333333333,Acting,黄杨钿甜,0.29587881893082335
Park Eun-Hye,0.3333333333333333,Acting,박은혜,0.2726078225586527
Huang Shengchi,0.6666666666666666,Acting,黃聖池,0.25102265120776146
Lee Sang-Hee,0.3333333333333333,Acting,이상희,0.18801907296151527
Vincent Kartheiser,0.6666666666666666,Acting,Vincent Kartheiser,0.2609392689799932
Ward Bond,0.6666666666666666,Acting,Ward Bond,0.26857506466461173
Sho Aikawa,0.6666666666666666,Writing,會川昇,0.20064623292482378
Tom Sturridge,0.6666666666666666,Acting,Tom Sturridge,0.2043153815005495
John Larroquette,0.6666666666666666,Acting,John Larroquette,0.21456255319852244
Edward Chen,0.6666666666666666,Acting,陳昊森,0.1595583799552099
Özge Gürel,0.3333333333333333,Acting,Özge Gürel,0.22500805725193998
Shu Chang,0.3333333333333333,Acting,Shu Chang,0.16583890454429012
Mike Flanagan,0.6666666666666666,Directing,Mike Flanagan,0.20434843689312368
Alan Autry,0.6666666666666666,Acting,Alan Autry,0.16640084621804993
Kinnosuke Nakamura,0.6666666666666666,Acting,萬屋錦之介,0.22352056458610514
Debi Derryberry,0.3333333333333333,Acting,Debi Derryberry,0.22044641307671334
Dominique Laffin,0.3333333333333333,Acting,Dominique Laffin,0.22041335768413922
Anastasia Pantousi,0.3333333333333333,Acting,Αναστασία Παντούση,0.22034724689899102
Mary J. Blige,0.3333333333333333,Acting,Mary J. Blige,0.22034724689899102
Ruriko Aoki,0.3333333333333333,Acting,青木瑠璃子,0.22031419150641685
Kurt Fuller,0.6666666666666666,Acting,Kurt Fuller,0.22031419150641685
Wakana Maruoka,0.3333333333333333,Acting,丸岡和佳奈,0.22021502532869455
Sun Yi,0.3333333333333333,Acting,孙怡,0.22018196993612044
Paris Hilton,0.3333333333333333,Acting,Paris Hilton,0.22014891454354635
Lena Gercke,0.3333333333333333,Acting,Lena Gercke,0.22011585915097223
Jaclyn Smith,0.3333333333333333,Acting,Jaclyn Smith,0.22008280375839814
Hari Nef,0.3333333333333333,Acting,Hari Nef,0.22004974836582403
Yuko Fueki,0.3333333333333333,Acting,笛木優子,0.21998363758067582
Betty Gabriel,0.3333333333333333,Acting,Betty Gabriel,0.21991752679552762
Kim Bo-Ra,0.3333333333333333,Acting,김보라,0.2198514160103794
Koel Mallick,0.3333333333333333,Acting,Koel Mallick,0.2197522498326571
Tian Yu,0.6666666666666666,Acting,田雨,0.219719194440083
Jang Na-Ra,0.3333333333333333,Acting,장나라,0.219719194440083
Hu Xia,0.6666666666666666,Acting,胡夏,0.21965308365493472
Anthony Carrigan,0.6666666666666666,Acting,Anthony Carrigan,0.21965308365493472
Shingo Yamashita,0.6666666666666666,Visual Effects,山下清悟,0.21962002826236063
Steve Bacic,0.6666666666666666,Acting,Steve Bacic,0.2195869728697865
Laraine Newman,0.3333333333333333,Acting,Laraine Newman,0.21955391747721242
Kenji Takahashi,0.6666666666666666,Acting,高橋研二,0.2195208620846383
Yōko Minamida,0.3333333333333333,Acting,南田洋子,0.2195208620846383
Candy Yuen,0.3333333333333333,Acting,袁嘉敏,0.21948780669206422
Lo Meng,0.6666666666666666,Acting,羅莽,0.21948780669206422
Jirō Tamiya,0.6666666666666666,Acting,田宮二郎,0.24963432471964891
Antoinette Bower,0.3333333333333333,Acting,Antoinette Bower,0.24963432471964891
Max Lloyd-Jones,0.6666666666666666,Acting,Max Lloyd-Jones,0.24963432471964891
Sam Mendes,0.6666666666666666,Directing,Sam Mendes,0.24963432471964891
Joo Yeon-Seo,0.3333333333333333,Acting,Joo Yeon-seo,0.24960126932707483
Marco Grazzini,0.6666666666666666,Acting,Marco Grazzini,0.24960126932707483
Teo Briones,0.6666666666666666,Acting,Teo Briones,0.2495682139345007
Moeko Ezawa,0.3333333333333333,Acting,絵沢萠子,0.2495682139345007
Kamatari Fujiwara,0.6666666666666666,Acting,藤原釜足,0.2495682139345007
Tom Nowicki,0.6666666666666666,Acting,Tom Nowicki,0.2495682139345007
Roma Maffia,0.3333333333333333,Acting,Roma Maffia,0.24953515854192662
Serena Motola,0.3333333333333333,Acting,モトーラ世理奈,0.2495021031493525
Kim Jong-Min,0.6666666666666666,Acting,김종민,0.2495021031493525
Tatsuyuki Nagai,0.6666666666666666,Directing,長井龍雪,0.2495021031493525
Hiroshi Koizumi,0.6666666666666666,Acting,小泉博,0.2495021031493525
Benjamin Voisin,0.6666666666666666,Acting,Benjamin Voisin,0.24946904775677842
Chiho Katsura,0.6666666666666666,Writing,桂千穂,0.24946904775677842
Hiroyuki Sawano,0.6666666666666666,Sound,澤野弘之,0.2494359923642043
Allison Mack,0.3333333333333333,Acting,Allison Mack,0.2494359923642043
Dave Hearn,0.6666666666666666,Acting,Dave Hearn,0.2493698815790561
Haluk Bilginer,0.6666666666666666,Acting,Haluk Bilginer,0.1920848862481303
Matt Ryan,0.6666666666666666,Acting,Matt Ryan,0.22173557338710348
Yutaka Izubuchi,0.6666666666666666,Directing,出渕裕,0.15000537150129328
Wallace Langham,0.6666666666666666,Acting,Wallace Langham,0.26150121065375304
Fanny Fan Lai,0.3333333333333333,Acting,范麗,0.15714533629730024
Rohini,0.3333333333333333,Acting,Rohini,0.18163938219471276
Havana Rose Liu,0.3333333333333333,Acting,Havana Rose Liu,0.18081299738036014
Emeraude Toubia,0.3333333333333333,Acting,Emeraude Toubia,0.27902056871802927
Yu Oh-Seong,0.6666666666666666,Acting,유오성,0.17896189539621016
Dave Sheridan,0.6666666666666666,Acting,Dave Sheridan,0.27802890694080606
Jia Bing,0.6666666666666666,Acting,贾冰,0.26517035922947885
Fujio Tokita,0.6666666666666666,Acting,常田富士男,0.22120668710591776
Steven Berkoff,0.6666666666666666,Acting,Steven Berkoff,0.20705897908420037
Ladapa Thongkham,0.3333333333333333,Acting,ณิชภาลักษณ์ ทองคำ,0.19026683965655444
Julio Peña,0.6666666666666666,Acting,Julio Peña,0.23224718822566914
Petrina Fung Bo-Bo,0.3333333333333333,Acting,馮寶寶,0.18494492145212338
Emiko Takeuchi,0.3333333333333333,Acting,竹内恵美子,0.24857655215727759
Ayame Goriki,0.3333333333333333,Acting,剛力彩芽,0.16937583154971944
Alyla Browne,0.3333333333333333,Acting,Alyla Browne,0.1958532010015784
Sonakshi Sinha,0.3333333333333333,Acting,Sonakshi Sinha,0.20064623292482378
Debbie Allen,0.3333333333333333,Acting,Debbie Allen,0.17016916097149798
Ray Mckinnon,0.6666666666666666,Acting,Ray McKinnon,0.2371393863266369
Isao Murayama,0.6666666666666666,Writing,村山功,0.16372335941954733
Rabin Angeles,0.6666666666666666,Acting,Rabin Angeles,0.22401639547471675
Shōgorō Nishimura,0.6666666666666666,Directing,西村昭五郎,0.15357535389929672
Aaron Moten,0.6666666666666666,Acting,Aaron Moten,0.19558875786098553
Stella Maeve,0.3333333333333333,Acting,Stella Maeve,0.18534158616301266
Zhang Guoli,0.6666666666666666,Acting,张国立,0.19704319513424626
Jason London,0.6666666666666666,Acting,Jason London,0.15988893388095102
Jason London,0.6666666666666666,Acting,Jason London,0.24814683205381416
Vitaliya Kornienko,0.3333333333333333,Acting,Виталия Корниенко,0.24811377666124007
Aleksey Pimanov,0.6666666666666666,Directing,Алексей Пиманов,0.24808072126866595
Julie K. Smith,0.3333333333333333,Acting,Julie K. Smith,0.24804766587609187
Hong Xiao,0.3333333333333333,Acting,洪瀟,0.24801461048351775
Nuttapong Mongkolsawas,0.6666666666666666,Directing,ณัฐพงษ์ มงคลสวัสดิ์,0.24801461048351775
Kenneth Choi,0.6666666666666666,Acting,Kenneth Choi,0.24798155509094366
Pu Yixing,0.6666666666666666,Acting,蒲熠星,0.24794849969836955
Dick Lau Tik-Chi,0.6666666666666666,Acting,劉的之,0.24791544430579546
Baek Jin-Hee,0.3333333333333333,Acting,백진희,0.24791544430579546
Kouhei Higuchi,0.6666666666666666,Acting,樋口幸平,0.24788238891322134
Gregory Itzin,0.6666666666666666,Acting,Gregory Itzin,0.24788238891322134
Makenzie Vega,0.3333333333333333,Acting,Makenzie Vega,0.24788238891322134
Cho Kyu-Hyun,0.6666666666666666,Acting,규현,0.24784933352064725
Phromphiriya Thongputtaruk,0.6666666666666666,Acting,พรหมพิริยะ ทองพุทธรักษ์,0.24781627812807314
Mae Martin,1.0,Acting,Mae Martin,0.24781627812807314
Rhydian Vaughan,0.6666666666666666,Acting,鳳小岳,0.24781627812807314
Kim Han-Min,0.6666666666666666,Directing,김한민,0.24778322273549905
Sara Khorami,0.3333333333333333,Acting,Sara Khorami,0.24771711195035084
Anthony Mann,0.6666666666666666,Directing,Anthony Mann,0.24771711195035084
Wu Yuheng,0.6666666666666666,Acting,吴宇恒,0.21766976010048844
Akari Kinoshita,0.3333333333333333,Acting,木下あかり,0.21763670470791427
Yuan Bingyan,0.3333333333333333,Acting,袁冰妍,0.21760364931534015
Kanta Sato,0.6666666666666666,Acting,佐藤寛太,0.21760364931534015
Ok Ja-Yeon,0.3333333333333333,Acting,옥자연,0.21757059392276606
Xin Baiqing,0.6666666666666666,Acting,辛柏青,0.21753753853019195
Ram Chiang Chi-Kwong,0.6666666666666666,Acting,蔣志光,0.21753753853019195
Molly Price,0.3333333333333333,Acting,Molly Price,0.21747142774504374
Geoffrey Lewis,0.6666666666666666,Acting,Geoffrey Lewis,0.21747142774504374
Wong Yau-Nam,0.6666666666666666,Acting,黃又南,0.21743837235246966
Stephen Gaghan,0.6666666666666666,Writing,Stephen Gaghan,0.21743837235246966
Daisuke Yamanouchi,0.6666666666666666,Directing,山内大輔,0.21737226156732145
Zhao Yiqin,0.6666666666666666,Acting,赵弈钦,0.21733920617474733
Meika Seri,0.3333333333333333,Acting,芹明香,0.21730615078217325
Lu Yi,0.6666666666666666,Acting,陆毅,0.21730615078217325
Melora Walters,0.3333333333333333,Acting,Melora Walters,0.21730615078217325
Yoon Eun-Hye,0.3333333333333333,Acting,윤은혜,0.21727309538959913
Kim Young-Jae,0.6666666666666666,Acting,김영재,0.21727309538959913
Sakura Kiryu,0.3333333333333333,Acting,吉柳咲良,0.21724003999702504
Laura Osma,0.3333333333333333,Acting,Laura Osma,0.21724003999702504
Matt Lanter,0.6666666666666666,Acting,Matt Lanter,0.21724003999702504
Clare Holman,0.3333333333333333,Acting,Clare Holman,0.21720698460445093
Matthew Willig,0.6666666666666666,Acting,Matthew Willig,0.21717392921187684
Kim Director,0.3333333333333333,Acting,Kim Director,0.21717392921187684
Atsushi Ito,0.6666666666666666,Acting,伊藤淳史,0.21714087381930272
Bai Xuecen,0.3333333333333333,Acting,白雪岑,0.21710781842672863
Diane Morgan,0.3333333333333333,Acting,Diane Morgan,0.21710781842672863
Yoshio Kosugi,0.6666666666666666,Acting,小杉義男,0.21710781842672863
Ryo Kimura,0.6666666666666666,Acting,木村了,0.21704170764158043
Diego Calva,0.6666666666666666,Acting,Diego Calva,0.2170086522490063
Huma Qureshi,0.3333333333333333,Acting,Huma Qureshi,0.2170086522490063
Caitlyn Jenner,0.3333333333333333,Acting,Caitlyn Jenner,0.24675850556570172
Anna Ishii,0.3333333333333333,Acting,石井杏奈,0.2467254501731276
Robert Eggers,0.6666666666666666,Directing,Robert Eggers,0.24669239478055352
Yoko Shimada,0.3333333333333333,Acting,島田陽子,0.2466593393879794
Michael Shanks,0.6666666666666666,Acting,Michael Shanks,0.24662628399540532
Zhong Chuxi,0.3333333333333333,Acting,钟楚曦,0.2465932286028312
Shohei Uno,0.6666666666666666,Acting,宇野祥平,0.2465932286028312
Yuri Lowenthal,0.6666666666666666,Acting,Yuri Lowenthal,0.2465932286028312
Jack Kirby,0.6666666666666666,Writing,Jack Kirby,0.2465932286028312
Tara Fitzgerald,0.3333333333333333,Acting,Tara Fitzgerald,0.2465601732102571
Go Morita,0.6666666666666666,Acting,森田剛,0.246527117817683
John Corbett,0.6666666666666666,Acting,John Corbett,0.246527117817683
Mara Wilson,0.3333333333333333,Acting,Mara Wilson,0.246527117817683
Mert Yazıcıoğlu,0.6666666666666666,Acting,Mert Yazıcıoğlu,0.2464610070325348
Conleth Hill,0.6666666666666666,Acting,Conleth Hill,0.2464610070325348
Isabella Leong Lok-Sze,0.3333333333333333,Acting,梁洛施,0.2464610070325348
Thora Birch,0.3333333333333333,Acting,Thora Birch,0.2464610070325348
Alper Çankaya,0.6666666666666666,Acting,Alper Çankaya,0.2463618408548125
Tang Joon-Sang,0.6666666666666666,Acting,탕준상,0.2463618408548125
Rin Takanashi,0.3333333333333333,Acting,高梨臨,0.2463618408548125
Nora Aunor,0.3333333333333333,Acting,Nora Aunor,0.16329363931608393
Mariko Fuji,0.3333333333333333,Acting,藤真利子,0.1822343792610467
Stefanie Scott,0.3333333333333333,Acting,Stefanie Scott,0.19519209315009628
Lynda Boyd,0.3333333333333333,Acting,Lynda Boyd,0.20897619185349847
Li Geyang,0.6666666666666666,Acting,李歌洋,0.23085886173755668
Thomas Middleditch,0.6666666666666666,Acting,Thomas Middleditch,0.18444909056351183
Yumi Adachi,0.3333333333333333,Acting,安達祐実,0.3093654191010586
Chan Ka-Yee,0.3333333333333333,Acting,陳嘉儀,0.11605748332768637
Anna Madeley,0.3333333333333333,Acting,Anna Madeley,0.18798601756894115
Jon Lovitz,0.6666666666666666,Acting,Jon Lovitz,0.15707922551215203
Natalee Linez,0.3333333333333333,Acting,Natalee Linez,0.1768463502714674
Keeley Hazell,0.3333333333333333,Acting,Keeley Hazell,0.2495682139345007
Stephen Baldwin,0.6666666666666666,Acting,Stephen Baldwin,0.21499227330198578
Bridgette Wilson-Sampras,0.3333333333333333,Acting,Bridgette Wilson-Sampras,0.2405110363691957
Rza,0.6666666666666666,Sound,RZA,0.2162483782198018
Yasushi Akimoto,0.6666666666666666,Writing,秋元康,0.18282937632738058
Nobumasa Fukushima,0.6666666666666666,Sound,福島信雅,0.2455354560404598
Mimie Mathy,0.3333333333333333,Acting,Mimie Mathy,0.20990174284557347
Han Se-Ah,0.3333333333333333,Acting,Han Se-Ah,0.19413432058772487
Tyra Banks,0.3333333333333333,Acting,Tyra Banks,0.2672197935690734
Money Lo Man-Yee,0.3333333333333333,Acting,盧敏儀,0.16055004173243315
Carson Maccormac,0.6666666666666666,Acting,Carson MacCormac,0.252444033088448
Lilas Ikuta,0.3333333333333333,Sound,幾田りら,0.14508011800775153
Hiroshi Inagaki,0.6666666666666666,Directing,稲垣浩,0.245601566825608
Amy Irving,0.3333333333333333,Acting,Amy Irving,0.19740680445256137
Roland Emmerich,0.6666666666666666,Directing,Roland Emmerich,0.23746994025237791
Ryo Sato,0.3333333333333333,Acting,佐藤玲,0.1887462915981456
David O'Hara,0.6666666666666666,Acting,David O'Hara,0.18226743465362077
Seicho Matsumoto,0.6666666666666666,Writing,松本清張,0.17188804138535152
George Newbern,0.6666666666666666,Acting,George Newbern,0.2127775619995207
George Newbern,0.6666666666666666,Acting,George Newbern,0.24520490211471876
Amanda Crew,0.3333333333333333,Acting,Amanda Crew,0.24520490211471876
Katsumi Suzuki,0.6666666666666666,Acting,鈴木勝美,0.24517184672214465
Tom Bower,0.6666666666666666,Acting,Tom Bower,0.24517184672214465
Nichika Omori,0.3333333333333333,Acting,大森日雅,0.24513879132957056
Yuichi Fukuda,0.6666666666666666,Writing,福田雄一,0.24513879132957056
Noriko Sengoku,0.3333333333333333,Acting,千石規子,0.24513879132957056
Naomi Zaizen,0.3333333333333333,Acting,財前直見,0.24510573593699644
Wong Shu-Tong,0.6666666666666666,Acting,黃樹棠,0.24510573593699644
Ryota Katayose,0.6666666666666666,Acting,片寄涼太,0.24507268054442236
Paul Ben-Victor,0.6666666666666666,Acting,Paul Ben-Victor,0.24503962515184824
Sara Gilbert,0.3333333333333333,Acting,Sara Gilbert,0.24503962515184824
Lamorne Morris,0.6666666666666666,Acting,Lamorne Morris,0.24500656975927415
Saki Fukuda,0.3333333333333333,Acting,福田沙紀,0.24497351436669998
Isaiah Washington,0.6666666666666666,Acting,Isaiah Washington,0.24497351436669998
John Badham,0.6666666666666666,Directing,John Badham,0.24497351436669998
Mariko Kouda,0.3333333333333333,Acting,國府田マリ子,0.24494045897412586
Gail O'Grady,0.3333333333333333,Acting,Gail O'Grady,0.24494045897412586
Josh Keaton,0.6666666666666666,Acting,Josh Keaton,0.24494045897412586
David Andrews,0.6666666666666666,Acting,David Andrews,0.24494045897412586
Martin Roach,0.6666666666666666,Acting,Martin Roach,0.21522366105000457
Cecilia Suárez,0.3333333333333333,Acting,Cecilia Suárez,0.21519060565743045
Bad Bunny,0.6666666666666666,Acting,Bad Bunny,0.21515755026485636
Joseph Cross,0.6666666666666666,Acting,Joseph Cross,0.21509143947970816
Felix Solis,0.6666666666666666,Acting,Felix Solis,0.21505838408713404
Hannah New,0.3333333333333333,Acting,Hannah New,0.21502532869455995
Kyousei Tsukui,0.6666666666666666,Acting,津久井教生,0.21502532869455995
Al Sapienza,0.6666666666666666,Acting,Al Sapienza,0.21502532869455995
Sheng Feng,0.6666666666666666,Acting,冯盛,0.21492616251683758
Jo Se-Ho,0.6666666666666666,Acting,조세호,0.21492616251683758
Nikolai Tsankov,0.6666666666666666,Acting,Николай Цанков,0.21489310712426346
Lee Beom-Soo,0.6666666666666666,Acting,이범수,0.21489310712426346
Michael Tse Tin-Wah,0.6666666666666666,Acting,謝天華,0.21489310712426346
Kenny Kwan,0.6666666666666666,Acting,關智斌,0.21482699633911526
Yuzu Aoki,0.6666666666666666,Acting,青木柚,0.21479394094654117
André Lamoglia,0.6666666666666666,Acting,André Lamoglia,0.24460990504838484
Yuji Mitsuya,0.6666666666666666,Acting,三ツ矢雄二,0.2371393863266369
Kong Lin,0.3333333333333333,Acting,孔琳,0.21796725863365535
Beverly Garland,0.3333333333333333,Acting,Beverly Garland,0.21433116545050365
Kim Tae-Ho,0.6666666666666666,Directing,김태호,0.1563850622680958
Alex Datcher,0.3333333333333333,Acting,Alex Datcher,0.15202175044831376
Sebastien Lasalle,0.6666666666666666,Acting,Sebastien LaSalle,0.21360394681387332
Damian Hardung,0.6666666666666666,Acting,Damian Hardung,0.21621532282722772
Han Ga-In,0.3333333333333333,Acting,한가인,0.20071234370997199
Fumio Watanabe,0.6666666666666666,Acting,渡辺文雄,0.20996785363072168
Talia Ryder,0.3333333333333333,Acting,Talia Ryder,0.2314538588038906
Bruno Heller,0.6666666666666666,Writing,Bruno Heller,0.08743151335851052
Roman Griffin Davis,0.6666666666666666,Acting,Roman Griffin Davis,0.14924509747208886
Geraldine James,0.3333333333333333,Acting,Geraldine James,0.20854647175003513
Viktoriya Korlyakova,0.3333333333333333,Acting,Виктория Корлякова,0.17496219289474332
Wang Jinsong,0.6666666666666666,Acting,王勁松,0.21472783016139296
Michitarō Mizushima,0.6666666666666666,Acting,水島道太郎,0.17879661843333966
Bi Wenjun,0.6666666666666666,Acting,毕雯珺,0.25974927484732546
Niamh Cusack,0.3333333333333333,Acting,Niamh Cusack,0.16170698047252688
Cristina Umaña,0.3333333333333333,Acting,Cristina Umaña,0.1295110281053475
Midoriko Kimura,0.3333333333333333,Acting,キムラ緑子,0.19115933525605536
James Read,0.6666666666666666,Acting,James Read,0.189804064160517
Dona Drake,0.3333333333333333,Acting,Dona Drake,0.2581626160037683
John Huston,0.6666666666666666,Directing,John Huston,0.24265963688651257
Kanae Oki,0.3333333333333333,Acting,沖佳苗,0.2194547512994901
Mark Feuerstein,0.6666666666666666,Acting,Mark Feuerstein,0.14051847383252486
Dania Ramirez,0.3333333333333333,Acting,Dania Ramirez,0.16250030989430542
Megumi Satou,0.3333333333333333,Acting,佐藤恵,0.16540918444082672
George Segal,0.6666666666666666,Acting,George Segal,0.1380393193894669
Shinpachi Tsuji,0.6666666666666666,Acting,辻親八,0.2550884644943765
Gigi Zumbado,0.3333333333333333,Acting,Gigi Zumbado,0.21469477476881885
Zhang Xiaochen,0.6666666666666666,Acting,张晓晨,0.1286515878984208
Nicollette Sheridan,0.3333333333333333,Acting,Nicollette Sheridan,0.19691097356394976
Zhai Yiying,0.3333333333333333,Acting,翟一莹,0.19330793577337224
Andre Braugher,0.6666666666666666,Acting,Andre Braugher,0.2571709542265452
Charles Shaughnessy,0.6666666666666666,Acting,Charles Shaughnessy,0.21459560859109655
Lotte Verbeek,0.3333333333333333,Acting,Lotte Verbeek,0.2438826864117545
Wellson Chin Sing-Wai,0.6666666666666666,Directing,錢昇瑋,0.06663967142939782
Ikunosuke Koizumi,0.6666666666666666,Acting,小泉郁之助,0.1407498615805436
Reiko Ike,0.3333333333333333,Acting,池玲子,0.21195117718516807
Joaquín Cosío,0.6666666666666666,Acting,Joaquín Cosío,0.16306225156806523
Bhagyashree,0.3333333333333333,Acting,Bhagyashree,0.19271293870703832
Lyubov Germanova,0.3333333333333333,Acting,Любовь Германова,0.2514523713112248
Chang Shih,0.6666666666666666,Acting,張世,0.22593360824401493
紺野咲,0.3333333333333333,,紺野咲,0.21426505466535545
Huang Minghao,0.6666666666666666,Acting,黄明昊,0.2134056144584287
Anzu Haruno,0.3333333333333333,Acting,春野杏,0.2134056144584287
Niní Marshall,0.3333333333333333,Acting,Niní Marshall,0.2134056144584287
Kwon Hwa-Woon,0.6666666666666666,Acting,권화운,0.21337255906585462
David Wilmot,0.6666666666666666,Acting,David Wilmot,0.21337255906585462
Gaspar Noé,0.6666666666666666,Directing,Gaspar Noé,0.2133395036732805
Deborah Lee,0.3333333333333333,Acting,狄波拉,0.2132072821029841
Norihei Miki,0.6666666666666666,Acting,三木のり平,0.2132072821029841
Yang Xinming,0.6666666666666666,Acting,杨新鸣,0.2131081159252618
Takeshi Shudo,0.6666666666666666,Writing,首藤剛志,0.2131081159252618
Carlos Alazraqui,0.6666666666666666,Acting,Carlos Alazraqui,0.2131081159252618
Anmol Khan,0.3333333333333333,Acting,Anmol Khan,0.2130420051401136
Kim Gyu-Ri,0.3333333333333333,Acting,김규리,0.2130420051401136
Peter Weir,0.6666666666666666,Directing,Peter Weir,0.2130420051401136
J.G. Quintel,0.6666666666666666,Writing,J.G. Quintel,0.21300894974753948
Alakina Mann,0.3333333333333333,Acting,Alakina Mann,0.21300894974753948
Satomi Akesaka,0.3333333333333333,Acting,明坂聡美,0.2129758943549653
Jorge Negrete,0.6666666666666666,Acting,Jorge Negrete,0.2129097835698171
Alison Eastwood,0.3333333333333333,Acting,Alison Eastwood,0.19142377839664818
T.I.,0.6666666666666666,Acting,T.I.,0.16597112611458653
Kevin J. O'Connor,0.6666666666666666,Acting,Kevin J. O'Connor,0.2788883471477328
Elena Kampouris,0.3333333333333333,Acting,Elena Kampouris,0.1866307464734028
Wilson Lam Chun-Yin,0.6666666666666666,Acting,林俊賢,0.2161492120420795
Wyatt Oleff,0.6666666666666666,Acting,Wyatt Oleff,0.20186928245006572
Yang Se-Chan,0.6666666666666666,Acting,양세찬,0.12359411283458256
Sharon Barr,0.3333333333333333,Acting,Sharon Barr,0.3093323637084845
Jimin,0.6666666666666666,Acting,지민,0.20203455941293622
Pio Marmaï,0.6666666666666666,Acting,Pio Marmaï,0.19069655976001784
Shirô Namiki,0.6666666666666666,Acting,並樹史朗,0.21571949193861617
Chris Klein,0.6666666666666666,Acting,Chris Klein,0.27997917510267833
Kim Ji-Yong,0.6666666666666666,Camera,김지용,0.20976952127527707
Edward Fox,0.6666666666666666,Acting,Edward Fox,0.20266261187184426
Nicole Brydon Bloom,0.3333333333333333,Acting,Nicole Brydon Bloom,0.13982431058846864
Masashi Nogawa,0.6666666666666666,Acting,野川雅史,0.22107446553562135
Michelle Keegan,0.3333333333333333,Acting,Michelle Keegan,0.21690948607128394
Seiko Matsuda,0.3333333333333333,Acting,松田聖子,0.2669222950359064
Bunjaku Han,0.3333333333333333,Acting,范文雀,0.15760811179333767
Terrence 'T.C.' Carson,0.6666666666666666,Acting,Terrence 'T.C.' Carson,0.1806477204174896
La La Anthony,0.3333333333333333,Acting,La La Anthony,0.15248452594435127
Dominique Sanda,0.3333333333333333,Acting,Dominique Sanda,0.1321224041187019
Guan Xin,0.3333333333333333,Acting,關芯,0.1496417621829781
Christian Kane,0.6666666666666666,Acting,Christian Kane,0.19988595889561936
Evan Handler,0.6666666666666666,Acting,Evan Handler,0.1778710674412647
George Lam Tsz-Cheung,0.6666666666666666,Acting,林子祥,0.23601550297911725
Emre Bulut,0.6666666666666666,Acting,Emre Bulut,0.1746977497541505
Kang Gary,0.6666666666666666,Acting,강개리,0.17806939979670933
Kevin Dunn,0.6666666666666666,Acting,Kevin Dunn,0.20864563792775745
David Keith,0.6666666666666666,Acting,David Keith,0.16107892801361887
Shigeru Kimishima,0.6666666666666666,Visual Effects,君島繁,0.19975373732532295
Kenta Hamano,0.6666666666666666,Acting,浜野謙太,0.1649133535522151
Murali Sharma,0.6666666666666666,Acting,Murli Sharma,0.18944045484220182
Brad Bird,0.6666666666666666,Directing,Brad Bird,0.20953813352725828
Tom Mccarthy,0.6666666666666666,Acting,Tom McCarthy,0.23545356130535744
Stuart Townsend,0.6666666666666666,Acting,Stuart Townsend,0.19413432058772487
Spencer Treat Clark,0.6666666666666666,Acting,Spencer Treat Clark,0.46108967101620546
İsmail Ege Şaşmaz,0.6666666666666666,Acting,İsmail Ege Şaşmaz,0.1468651092067532
Brittany Daniel,0.3333333333333333,Acting,Brittany Daniel,0.2186614218777116
Mariana Kourakou,0.3333333333333333,Acting,Μαριάννα Κουράκου,0.11387582741779538
Sharon Leal,0.3333333333333333,Acting,Sharon Leal,0.20553843102579145
Arye Gross,0.6666666666666666,Acting,Arye Gross,0.18484575527440106
Bela Padilla,0.3333333333333333,Acting,Bela Padilla,0.15764116718591176
Indra Kumar,0.6666666666666666,Directing,Indra Kumar,0.1953573701129668
Stefanie Powers,0.3333333333333333,Acting,Stefanie Powers,0.25055987571172395
Clara Lago,0.3333333333333333,Acting,Clara Lago,0.17939161549967358
Paul Hogan,0.6666666666666666,Acting,Paul Hogan,0.26024510573593695
Masaru Konuma,0.6666666666666666,Directing,小沼勝,0.21165367865200105
Natsuki Aikawa,0.3333333333333333,Acting,相川奈都姫,0.21158756786685284
Stephen Campbell Moore,0.6666666666666666,Acting,Stephen Campbell Moore,0.21158756786685284
Raizō Ichikawa,0.6666666666666666,Acting,市川雷蔵,0.21155451247427876
Sho Aoyagi,0.6666666666666666,Acting,青柳翔,0.21152145708170464
Traylor Howard,0.3333333333333333,Acting,Traylor Howard,0.21152145708170464
Emily Bader,0.3333333333333333,Acting,Emily Bader,0.21148840168913055
Shiva Negar,0.3333333333333333,Acting,Shiva Negar,0.21148840168913055
Moon Jeong-Hee,0.3333333333333333,Acting,문정희,0.21142229090398235
Sangeeth Prathap,0.6666666666666666,Acting,സംഗീത് പ്രതാപ്,0.21135618011883414
Rachael Stirling,0.3333333333333333,Acting,Rachael Stirling,0.21135618011883414
Lydia Peckham,0.3333333333333333,Acting,Lydia Peckham,0.21132312472626003
Jin Seo-Yeon,0.3333333333333333,Acting,진서연,0.21132312472626003
Janice Man Wing-San,0.3333333333333333,Acting,文詠珊,0.21132312472626003
Go Won-Hee,0.3333333333333333,Acting,고원희,0.21129006933368594
Brian Stepanek,0.6666666666666666,Acting,Brian Stepanek,0.21122395854853773
Yutaka Nakano,0.6666666666666666,Acting,仲野裕,0.2697320034047055
Prariyapit Yu,0.3333333333333333,Acting,Prariyapit Yu,0.06872216116156649
Kazuo Koike,0.6666666666666666,Writing,小池一夫,0.19760513680800598
Li Kun,0.6666666666666666,Acting,李昆,0.18481269988182697
Michael Paul Chan,0.6666666666666666,Acting,Michael Paul Chan,0.16924360997942303
Fan Shiran,0.3333333333333333,Acting,范诗然,0.21443033162822603
Tanya Reynolds,0.3333333333333333,Acting,Tanya Reynolds,0.1408159723656918
Rob Heaps,0.6666666666666666,Acting,Rob Heaps,0.10994223570147676
Sayu Kubota,0.3333333333333333,Acting,久保田紗友,0.2347263426687271
Sterling Jerins,0.3333333333333333,Acting,Sterling Jerins,0.2793841780363444
Jessica Hynes,0.3333333333333333,Acting,Jessica Hynes,0.18187076994273155
Jimmy Tatro,0.6666666666666666,Acting,Jimmy Tatro,0.24213075060532688
Cheryl Ladd,0.3333333333333333,Acting,Cheryl Ladd,0.2188597542331562
Ahn Jae-Hyun,0.6666666666666666,Acting,안재현,0.19353932352139094
Hekiru Shiina,0.3333333333333333,Acting,椎名へきる,0.20610037269955125
Nassim Lyes,0.6666666666666666,Acting,Nassim Lyes,0.22775165483559076
Hiroe Igeta,0.3333333333333333,Acting,井桁弘恵,0.21231478650348318
Tsang Yin,0.3333333333333333,Acting,Tsang Yin,0.18491186605954926
Eline Powell,0.3333333333333333,Acting,Eline Powell,0.16729334181755076
Masaki Aiba,0.6666666666666666,Acting,相葉雅紀,0.22401639547471675
Winter Ave Zoli,0.3333333333333333,Acting,Winter Ave Zoli,0.21462866398367064
Annalynne Mccord,0.3333333333333333,Acting,AnnaLynne McCord,0.1321885149038501
Jeremy Jordan,0.6666666666666666,Acting,Jeremy Jordan,0.19020072887140624
Chuku Modu,0.6666666666666666,Acting,Chuku Modu,0.1232305035162674
Buffy Chen,0.3333333333333333,Acting,陳姸霏,0.21829781255939637
Kim Min-Joung,0.3333333333333333,Acting,김민정,0.2620962077200869
Roxann Dawson,0.3333333333333333,Directing,Roxann Dawson,0.16405391334528838
Tsutomu Kuroiwa,0.6666666666666666,Writing,黒岩勉,0.204447603070846
Peter Farrelly,0.6666666666666666,Directing,Peter Farrelly,0.12822186779495742
Casey W. Johnson,0.6666666666666666,Acting,Casey W. Johnson,0.18220132386847257
Geneviève Bujold,0.3333333333333333,Acting,Geneviève Bujold,0.21800031402622946
Lee Heung-Kam,0.3333333333333333,Acting,李香琴,0.26060871505425215
Joo Won,0.6666666666666666,Acting,주원,0.15248452594435127
Shin Saburi,0.6666666666666666,Acting,佐分利信,0.13975819980332044
Taichi Ichikawa,0.6666666666666666,Acting,市川太一,0.20996785363072168
René Liu,0.3333333333333333,Acting,劉若英,0.20996785363072168
Kei Satō,0.6666666666666666,Acting,佐藤慶,0.20996785363072168
Yoshiko Kayama,0.3333333333333333,Acting,香山美子,0.20990174284557347
Masato Harada,0.6666666666666666,Directing,原田眞人,0.2098686874529994
Metin Akdülger,0.6666666666666666,Acting,Metin Akdülger,0.20980257666785118
Louis Herthum,0.6666666666666666,Acting,Louis Herthum,0.20980257666785118
Charli Xcx,0.3333333333333333,Acting,Charli xcx,0.20976952127527707
Brigitte Bardot,0.3333333333333333,Acting,Brigitte Bardot,0.20976952127527707
Carl Reiner,0.6666666666666666,Acting,Carl Reiner,0.20976952127527707
Sarah Yarkin,0.3333333333333333,Acting,Sarah Yarkin,0.20973646588270298
Xia Zhiguang,0.6666666666666666,Acting,夏之光,0.20970341049012886
Tara Fitzgerald,0.3333333333333333,Acting,Tara Fitzgerald,0.20970341049012886
Kelly Rohrbach,0.3333333333333333,Acting,Kelly Rohrbach,0.20960424431240648
Jessica Camacho,0.3333333333333333,Acting,Jessica Camacho,0.20960424431240648
Steven Hao,0.6666666666666666,Acting,郝劭文,0.20960424431240648
Shūsei Nakamura,0.6666666666666666,Acting,仲村秀生,0.20960424431240648
Seo Bo-Ra,0.3333333333333333,Acting,Seo Bo-ra,0.2095711889198324
Penny Johnson Jerald,0.3333333333333333,Acting,Penny Johnson Jerald,0.2095050781346842
Josie Loren,0.3333333333333333,Acting,Josie Loren,0.2095050781346842
Cho Seung-Woo,0.6666666666666666,Acting,조승우,0.2095050781346842
Shiina Natsukawa,0.3333333333333333,Acting,夏川椎菜,0.20947202274211008
Hiroko Isayama,0.3333333333333333,Acting,伊佐山ひろ子,0.20947202274211008
Arjay Smith,0.6666666666666666,Acting,Arjay Smith,0.20947202274211008
Megan Park,0.3333333333333333,Acting,Megan Park,0.209438967349536
Austin Lin,0.6666666666666666,Acting,林柏宏,0.20940591195696187
Manami Hanawa,0.3333333333333333,Acting,塙真奈美,0.20937285656438778
Sheila Kelley,0.3333333333333333,Acting,Sheila Kelley,0.20937285656438778
Kathrine Narducci,0.3333333333333333,Acting,Kathrine Narducci,0.20937285656438778
Selina Cadell,0.3333333333333333,Acting,Selina Cadell,0.20937285656438778
Hiroyuki Hirayama,0.6666666666666666,Acting,平山浩行,0.20933980117181367
Takashi Kondo,0.6666666666666666,Acting,近藤隆,0.20927369038666546
Takashi Kitadai,0.6666666666666666,Acting,北代高士,0.20920757960151726
Ayaka Saito,0.3333333333333333,Acting,齋藤彩夏,0.20920757960151726
Fred Astaire,0.6666666666666666,Acting,Fred Astaire,0.20920757960151726
Stephanie Raz,0.3333333333333333,Acting,Stephanie Raz,0.20917452420894317
Riko Nagase,0.3333333333333333,Acting,永瀬莉子,0.20917452420894317
Jonathan Groff,0.6666666666666666,Acting,Jonathan Groff,0.20917452420894317
Ben Hammer,0.6666666666666666,Acting,Ben Hammer,0.20917452420894317
Daryl Sabara,0.6666666666666666,Acting,Daryl Sabara,0.20917452420894317
Lv Yan,0.6666666666666666,Acting,吕严,0.20914146881636905
Simon Mcburney,0.6666666666666666,Acting,Simon McBurney,0.20914146881636905
Shannon Whirry,0.3333333333333333,Acting,Shannon Whirry,0.19109322447090715
Henry Fong Ping,0.6666666666666666,Acting,方平,0.22051252386186154
Haruna Ikezawa,0.3333333333333333,Acting,池澤春菜,0.18851490385012687
Martina Colombari,0.3333333333333333,Acting,Martina Colombari,0.15284813526266638
Hayato Fujii,0.6666666666666666,Acting,藤井隼,0.15747589022304126
Sung Joon,0.6666666666666666,Acting,성준,0.26659174111016537
Fábio Assunção,0.6666666666666666,Acting,Fábio Assunção,0.13909709195183828
Gloria Yip Wan-Yee,0.3333333333333333,Acting,葉蘊儀,0.19968762654017475
Kyoka Shibata,0.3333333333333333,Acting,杏花,0.19066350436744375
Masayuki,0.6666666666666666,Directing,摩砂雪,0.279251956466048
Shu Watanabe,0.6666666666666666,Acting,渡部秀,0.133709062962259
Rika Adachi,0.3333333333333333,Acting,足立梨花,0.19962151575502646
Medea Japaridze,0.3333333333333333,Acting,მედეა ჯაფარიძე,0.2763761373121008
Leejung Lee,0.3333333333333333,Acting,리정,0.19320876959564992
Eri Suzuki,0.3333333333333333,Acting,鈴木絵理,0.16454974423389998
Joseph Lee Kwok-Lun,0.6666666666666666,Acting,李國麟,0.20834813939459051
Cosmo Jarvis,0.6666666666666666,Acting,Cosmo Jarvis,0.2581626160037683
Maria Del Mar,0.3333333333333333,Acting,Maria del Mar,0.20054706674710146
Yoriko Doguchi,0.3333333333333333,Acting,洞口依子,0.21466171937624476
Ryoko Sakaguchi,0.3333333333333333,Acting,坂口良子,0.17350775562148268
Ayo Edebiri,0.3333333333333333,Acting,Ayo Edebiri,0.2311894156632978
Catherine Seto,0.3333333333333333,Acting,瀬戸カトリーヌ,0.3327355816509516
Masaharu Sato,0.6666666666666666,Acting,佐藤正治,0.20315844276045586
Felicia Van Remoortel,0.0,Acting,Felicia Van Remoortel,0.18226743465362077
Sehun,0.6666666666666666,Acting,세훈,0.16911138840912662
Dimples Romana,0.3333333333333333,Acting,Dimples Romana,0.22593360824401493
Kōji Nanbara,0.6666666666666666,Acting,南原宏治,0.11800775148955862
Jessie Li,0.3333333333333333,Acting,春夏,0.19016767347883215
Paul Bown,0.6666666666666666,Acting,Paul Bown,0.15519506813542797
Hisayasu Satō,0.6666666666666666,Directing,佐藤寿保,0.18130882826897174
Andrey Nikiforov,0.6666666666666666,Writing,Андрей Никифоров,0.1684833359502186
Lorraine Toussaint,0.3333333333333333,Acting,Lorraine Toussaint,0.17800328901156112
Cathy Moriarty,0.3333333333333333,Acting,Cathy Moriarty,0.22309084448264183
Caroline Goodall,0.3333333333333333,Acting,Caroline Goodall,0.18190382533530566
Priscilla Vargas,0.3333333333333333,Acting,Priscilla Vargas,0.1773752365526531
Ken Matsudaira,0.6666666666666666,Acting,松平健,0.17572246692394783
Shigeru Muroi,0.3333333333333333,Acting,室井滋,0.23621383533456186
Jin Ji-Hee,0.3333333333333333,Acting,진지희,0.19988595889561936
Ed Westwick,0.6666666666666666,Acting,Ed Westwick,0.24236213835334566
Kim Kwang-Kyu,0.6666666666666666,Acting,Kim Kwang-kyu,0.16911138840912662
Taishi Murata,0.6666666666666666,Acting,村田太志,0.19109322447090715
Allen,0.6666666666666666,Acting,艾伦,0.2366435554380253
Hiroshi Ito,0.6666666666666666,Acting,糸博,0.24084159029493674
Hiromasa Yonebayashi,0.6666666666666666,Directing,米林宏昌,0.1354609987686866
Li Qian,0.3333333333333333,Acting,李倩,0.23657744465287708
Taner Ölmez,0.6666666666666666,Acting,Taner Ölmez,0.12237106330934062
Wowkie Zhang,0.6666666666666666,Acting,大张伟,0.19198572007040798
Sam Hazeldine,0.6666666666666666,Acting,Sam Hazeldine,0.17479691593187283
Reina Hardesty,0.3333333333333333,Acting,Reina Hardesty,0.21208339875546448
Rain Lee Choi-Wah,0.3333333333333333,Acting,李彩華,0.17525969142791034
Ryan Kiera Armstrong,0.3333333333333333,Acting,Ryan Kiera Armstrong,0.18111049591352713
Emily Procter,0.3333333333333333,Acting,Emily Procter,0.2045137138559942
George Kennedy,0.6666666666666666,Acting,George Kennedy,0.20434843689312368
Haruka Igawa,0.3333333333333333,Acting,井川遥,0.2495021031493525
Simon Finney,0.6666666666666666,Camera,Simon Finney,0.1447826194745845
Yōichi Numata,0.6666666666666666,Acting,沼田曜一,0.1888454577758679
Aaliyah,0.3333333333333333,Acting,Aaliyah,0.13949375666272756
Jeffrey Ngai,0.6666666666666666,Acting,魏浚笙,0.1837218719268815
Steven Ma Chun-Wai,0.6666666666666666,Acting,馬浚偉,0.19109322447090715
Salvator Xuereb,0.6666666666666666,Acting,Salvator Xuereb,0.1837549273194556
Dong Bang-Woo,0.6666666666666666,Acting,동방우,0.2014726177391764
Ólafur Darri Ólafsson,0.6666666666666666,Acting,Ólafur Darri Ólafsson,0.16527696287053031
Nancy Lenehan,0.3333333333333333,Acting,Nancy Lenehan,0.08677040550702839
J. Pat O'Malley,0.6666666666666666,Acting,J. Pat O'Malley,0.19991901428819345
George Cole,0.6666666666666666,Acting,George Cole,0.15760811179333767
Zhou Jieqiong,0.3333333333333333,Acting,周洁琼,0.19859679858522922
Alex Roe,0.6666666666666666,Acting,Alex Roe,0.18587047244419838
Phil Davis,0.6666666666666666,Acting,Phil Davis,0.17040054871951676
Moeka Koizumi,0.3333333333333333,Acting,小泉萌香,0.22556999892569973
Kaori Shimizu,0.3333333333333333,Acting,清水香里,0.20887702567577615
Nanni Moretti,0.6666666666666666,Directing,Nanni Moretti,0.10739697047327058
Muga Tsukaji,0.6666666666666666,Acting,塚地武雅,0.28457387467047907
Beau Knapp,0.6666666666666666,Acting,Beau Knapp,0.19446487451346597
Sherry Stringfield,0.3333333333333333,Acting,Sherry Stringfield,0.2161822674346536
Kim Su-Gyeom,0.6666666666666666,Acting,김수겸,0.19317571420307583
Julie Christie,0.3333333333333333,Acting,Julie Christie,0.19314265881050172
Ren Zhong,0.6666666666666666,Acting,任重,0.18124271748382353
Natsumi Horiguchi,0.3333333333333333,Acting,堀口奈津美,0.1711938781412953
Ryo Iwamatsu,0.6666666666666666,Acting,岩松了,0.15962449074035812
Jesús Franco,0.6666666666666666,Directing,Jesús Franco,0.19403515441000257
Stephen Mckinley Henderson,0.6666666666666666,Acting,Stephen McKinley Henderson,0.1555917328463172
Mayumi Wakamura,0.3333333333333333,Acting,若村麻由美,0.2431554677751242
Hideo Ishiguro,0.6666666666666666,Acting,石黒英雄,0.21846308952226698
Moon Sung-Keun,0.6666666666666666,Acting,문성근,0.16590501532943833
Crystal Reed,0.3333333333333333,Acting,Crystal Reed,0.22114057632076956
Sergey Garmash,0.6666666666666666,Acting,Сергей Гармаш,0.23532133973506103
Nikita Kologrivyy,0.6666666666666666,Acting,Никита Кологривый,0.18854795924270099
Ha Jun,0.6666666666666666,Acting,하준,0.18147410523184224
Henry Yu Yang,0.6666666666666666,Acting,于洋,0.18487881066697517
Neelam Kothari,0.3333333333333333,Acting,Neelam Kothari,0.16051698633985903
Jennifer Pudavick,0.3333333333333333,Acting,Jennifer Pudavick,0.2679470122057037
Ji Dae-Han,0.6666666666666666,Acting,지대한,0.14865010040575494
Bruce Boxleitner,0.6666666666666666,Acting,Bruce Boxleitner,0.2218677949573999
Elena Satine,0.3333333333333333,Acting,Elena Satine,0.1228338388053781
Chris Parnell,0.6666666666666666,Acting,Chris Parnell,0.20781925311340482
Omar Ayuso,0.6666666666666666,Acting,Omar Ayuso,0.14970787296812638
Jamilla Obispo,0.3333333333333333,Acting,Jamilla Obispo,0.4204976489352032
Yukihiko Tsutsumi,0.6666666666666666,Directing,堤幸彦,0.22047946846928743
Ahn Se-Ha,0.6666666666666666,Acting,안세하,0.2009767868505648
桃乃木香奈,0.0,Acting,桃乃木香奈,0.2366435554380253
Wataru Katoh,0.6666666666666666,Acting,加藤渉,0.2907221776892628
Jack Bender,0.6666666666666666,Directing,Jack Bender,0.1827302101496583
Ayumu Watanabe,0.6666666666666666,Directing,渡辺歩,0.19155599996694458
Austin Pendleton,0.6666666666666666,Acting,Austin Pendleton,0.18101132973580475
Ryoo Seung-Bum,0.6666666666666666,Acting,류승범,0.252146534555281
Darlene Love,0.3333333333333333,Acting,Darlene Love,0.09833979290796552
Felton Law Gwan-Joh,0.6666666666666666,Acting,羅君左,0.1707311026452578
Tenoch Huerta Mejía,0.6666666666666666,Acting,Tenoch Huerta Mejía,0.189804064160517
Rachel Griffiths,0.3333333333333333,Acting,Rachel Griffiths,0.28870579874224234
Shinichi Sekizawa,0.6666666666666666,Writing,関沢新一,0.1834243733937145
Nancy Wu,0.3333333333333333,Acting,胡定欣,0.2101661859861663
Kim Hieora,0.3333333333333333,Acting,김히어라,0.16636779082547581
Misuzu Togashi,0.3333333333333333,Acting,富樫美鈴,0.20864563792775745
Marley Shelton,0.3333333333333333,Acting,Marley Shelton,0.2610384351577156
Yara Martinez,0.3333333333333333,Acting,Yara Martinez,0.13377517374740722
Grace Kelly,0.3333333333333333,Acting,Grace Kelly,0.1108347313009776
Taro Suruga,0.6666666666666666,Acting,駿河太郎,0.16114503879876707
Emi Motokawa,0.3333333333333333,Acting,元川恵美,0.17291275855514876
Soo Ae,0.3333333333333333,Acting,수애,0.1979356907337471
Keiji Ota,0.6666666666666666,Production,大田圭二,0.18672991265112512
Noémie Merlant,0.3333333333333333,Acting,Noémie Merlant,0.16861555752051502
Park Mi-Hyeon,0.3333333333333333,Acting,박미현,0.20058012213967558
John Anderson,0.6666666666666666,Acting,John Anderson,0.2542620796800238
Redin Kingsley,0.6666666666666666,Acting,Redin Kingsley,0.1811435513061012
Pan Chunchun,0.3333333333333333,Acting,Pan Chunchun,0.12832103397267972
Molly Kunz,0.3333333333333333,Acting,Molly Kunz,0.1680205604541811
Nana Visitor,0.3333333333333333,Acting,Nana Visitor,0.21443033162822603
Tien Hsin,0.3333333333333333,Acting,天心,0.20557148641836556
Ma Tianyu,0.6666666666666666,Acting,馬天宇,0.16924360997942303
Hitomi Tanaka,0.3333333333333333,Acting,田中瞳,0.14841871265773623
Jacob Gibson,0.6666666666666666,Acting,Jacob Gibson,0.16031865398441436
Kim So-Jin,0.3333333333333333,Acting,김소진,0.16428530109330708
Fan Mei-Sheng,0.6666666666666666,Acting,樊梅生,0.21578560272376437
Bhumika Chawla,0.3333333333333333,Acting,Bhumika Chawla,0.16550835061854902
Paula Marshall,0.3333333333333333,Acting,Paula Marshall,0.19753902602285778
Jayma Mays,0.3333333333333333,Acting,Jayma Mays,0.19096100290061066
Taz Skylar,0.6666666666666666,Acting,Taz Skylar,0.1920848862481303
Marilyn Bautista,0.3333333333333333,Acting,Marilyn Bautista,0.14987314993099687
Ellen Degeneres,0.3333333333333333,Acting,Ellen DeGeneres,0.1740696972952425
Haruo Tanaka,0.6666666666666666,Acting,田中春男,0.22302473369749362
Hong Yao,0.6666666666666666,Acting,洪堯,0.17797023361898703
Kōji Suzuki,0.6666666666666666,Writing,鈴木光司,0.15724450247502253
Greg Evigan,0.6666666666666666,Acting,Greg Evigan,0.16081448487302596
Yumi Takigawa,0.3333333333333333,Acting,多岐川裕美,0.280508061383864
Adam Godley,0.6666666666666666,Acting,Adam Godley,0.25740234197456385
Huang Jianxin,0.6666666666666666,Directing,黄建新,0.12518077167813962
Takanori Jinnai,0.6666666666666666,Acting,陣内孝則,0.18553991851845728
Michael Crichton,0.6666666666666666,Writing,Michael Crichton,0.14547678271864076
Sundeep Kishan,0.6666666666666666,Acting,Sundeep Kishan,0.06726772388830583
Daniel Davis,0.6666666666666666,Acting,Daniel Davis,0.16719417563982847
Takaaki Torashima,0.6666666666666666,Acting,虎島貴明,0.1504350916047567
Isao Yukisada,0.6666666666666666,Directing,行定勲,0.1711938781412953
Tom Amandes,0.6666666666666666,Acting,Tom Amandes,0.18907684552388668
Toshiyuki Sato,0.6666666666666666,Visual Effects,佐藤利幸,0.13288267814790636
Junko Hori,0.3333333333333333,Acting,堀絢子,0.25184903602211406
Qiao Zhenyu,0.6666666666666666,Acting,喬振宇,0.23545356130535744
Louise Lombard,0.3333333333333333,Acting,Louise Lombard,0.21585171350891258
Kim Hong-Pa,0.6666666666666666,Acting,김홍파,0.10405837582328586
Dean Fujioka,0.6666666666666666,Acting,ディーン・フジオカ,0.21343866985100282
Mutsuo Yoshioka,0.6666666666666666,Acting,吉岡睦雄,0.19267988331446423
Takanori Iwata,0.6666666666666666,Acting,岩田剛典,0.19925790643671132
Mary-Kate Olsen,0.3333333333333333,Acting,Mary-Kate Olsen,0.14236957581667484
Matt Mccoy,0.6666666666666666,Acting,Matt McCoy,0.1472948293102166
Francia Raísa,0.3333333333333333,Acting,Francia Raísa,0.19271293870703832
AuliʻI Cravalho,0.3333333333333333,Acting,Auliʻi Cravalho,0.20464593542629061
Zoe Boyle,0.3333333333333333,Acting,Zoe Boyle,0.20464593542629061
Nour El-Sherif,0.6666666666666666,Acting,نور الشريف,0.20464593542629061
Trevor St. John,0.6666666666666666,Acting,Trevor St. John,0.20464593542629061
Carrie Anne Fleming,0.3333333333333333,Acting,Carrie Anne Fleming,0.20464593542629061
Ho Pak-Kwong,0.6666666666666666,Acting,何柏光,0.2045798246411424
Earl Holliman,0.6666666666666666,Acting,Earl Holliman,0.2045798246411424
Matt Berry,0.6666666666666666,Acting,Matt Berry,0.2045467692485683
Russell Tovey,0.6666666666666666,Acting,Russell Tovey,0.2045137138559942
Yao Xingtong,0.3333333333333333,Acting,姚星彤,0.2044806584634201
Paul Schrader,0.6666666666666666,Writing,Paul Schrader,0.2044806584634201
Zoë Steiner,0.3333333333333333,Acting,Zoë Steiner,0.20441454767827189
Rikiya Yasuoka,0.6666666666666666,Acting,安岡力也,0.20441454767827189
Rio Kanno,0.3333333333333333,Acting,菅野莉央,0.20441454767827189
Kazutomi Yamamoto,0.6666666666666666,Acting,山本和臣,0.18398631506747432
Mieko Takamine,0.3333333333333333,Acting,高峰三枝子,0.20831508400201634
Mayumi Ogawa,0.3333333333333333,Acting,小川眞由美,0.22378500772669804
Vanessa Williams,0.3333333333333333,Acting,Vanessa Williams,0.20286094422728887
Elizabeth Gillies,0.3333333333333333,Acting,Elizabeth Gillies,0.22335528762323464
Josh Coxx,0.6666666666666666,Acting,Josh Coxx,0.20656314819558877
Shaquille O'Neal,0.6666666666666666,Acting,Shaquille O'Neal,0.17839995372245043
Toru Nomaguchi,0.6666666666666666,Acting,野間口徹,0.24408101876719912
Dean Jagger,0.6666666666666666,Acting,Dean Jagger,0.16534307365567852
Zhang Luyi,0.6666666666666666,Acting,张鲁一,0.18745713128775546
Liu Beichen,0.6666666666666666,Acting,刘北辰,0.1201232966143014
Stephen Colbert,0.6666666666666666,Acting,Stephen Colbert,0.20755480997281192
Li Dan,0.6666666666666666,Acting,李誕,0.1920518308555562
Maria Cordero,0.3333333333333333,Acting,瑪利亞,0.14332818220132387
Ye Xiangming,0.6666666666666666,Acting,叶项明,0.17145832128188812
Vina Asiki,0.3333333333333333,Acting,Βίνα Ασίκη,0.20606731730697717
Robert Iler,0.6666666666666666,Acting,Robert Iler,0.20851341635746104
Lee Know,0.6666666666666666,Acting,리노,0.19059739358229555
Timmy Xu,0.6666666666666666,Acting,許魏洲,0.24434546190779202
Atsuhiro Tomioka,0.6666666666666666,Writing,冨岡淳広,0.16990471783090516
Will Double S,0.0,Crew,Will Double S,0.183259096430844
Kazue Fukiishi,0.3333333333333333,Acting,吹石一恵,0.2701617235081688
Kayla Ewell,0.3333333333333333,Acting,Kayla Ewell,0.210695072267352
Hiromasa Taguchi,0.6666666666666666,Acting,田口浩正,0.2068606467287557
Brianne Howey,0.3333333333333333,Acting,Brianne Howey,0.19796874612632118
Birgitte Hjort Sørensen,0.3333333333333333,Acting,Birgitte Hjort Sørensen,0.2068606467287557
Lolita Davidovich,0.3333333333333333,Acting,Lolita Davidovich,0.22090918857275077
Rachel Leung,0.3333333333333333,Acting,梁雍婷,0.20058012213967558
Joy,0.3333333333333333,Acting,조이,0.13618821740531695
Emily Rose,0.3333333333333333,Acting,Emily Rose,0.204150104537679
Natsuko Yamamoto,0.3333333333333333,Acting,山本奈津子,0.1860357494070689
Mei Ting,0.3333333333333333,Acting,梅婷,0.2313877480187424
Joyin Cai,0.3333333333333333,Acting,蔡卓音,0.14250179738697125
Shoji Kawamori,0.6666666666666666,Directing,河森正治,0.2749878108239883
Yuriko Hoshi,0.3333333333333333,Acting,星由里子,0.23512300737961642
Liza Lapira,0.3333333333333333,Acting,Liza Lapira,0.20801758546884944
Mark Eydelshteyn,0.6666666666666666,Acting,Марк Эйдельштейн,0.20540620945549504
August Diehl,0.6666666666666666,Acting,August Diehl,0.24256047070879028
Shota Yamamoto,0.6666666666666666,Acting,山本祥太,0.19132461221892588
Cecilia Wong,0.3333333333333333,Acting,黃杏秀,0.19872902015552563
Hiroyuki Miyasako,0.6666666666666666,Acting,宮迫博之,0.2371393863266369
Xu Juncong,0.6666666666666666,Acting,许君聪,0.26047649348395574
Kim Min-Ha,0.3333333333333333,Acting,김민하,0.19344015734366865
Evrim Doğan,0.3333333333333333,Acting,Evrim Doğan,0.1036947665049707
Rico Sasaki,0.3333333333333333,Acting,佐々木李子,0.21806642481137767
Hema Malini,0.3333333333333333,Acting,Hema Malini,0.16289697460519464
Hiroyuki Miyasako,0.6666666666666666,Acting,宮迫博之,0.2309910833078531
Xu Juncong,0.6666666666666666,Acting,许君聪,0.230958027915279
Kim Min-Ha,0.3333333333333333,Acting,김민하,0.23092497252270489
Evrim Doğan,0.3333333333333333,Acting,Evrim Doğan,0.23092497252270489
Rico Sasaki,0.3333333333333333,Acting,佐々木李子,0.23092497252270489
Hema Malini,0.3333333333333333,Acting,Hema Malini,0.23092497252270489
Brenda Bakke,0.3333333333333333,Acting,Brenda Bakke,0.2308919171301308
Shuichi Uchida,0.6666666666666666,Acting,内田修一,0.23085886173755668
Merxat,0.6666666666666666,Acting,米熱,0.23085886173755668
Fuyuki Murakami,0.6666666666666666,Acting,村上冬樹,0.23085886173755668
Kelly Overton,0.3333333333333333,Acting,Kelly Overton,0.23085886173755668
Leon Zhang,0.6666666666666666,Acting,张云龙,0.2308258063449826
Raizō Ichikawa,0.6666666666666666,Acting,市川雷蔵,0.2308258063449826
Hannah New,0.3333333333333333,Acting,Hannah New,0.23079275095240848
Rin Asuka,0.3333333333333333,Acting,飛鳥凛,0.23079275095240848
Taketoshi Naitō,0.6666666666666666,Acting,内藤武敏,0.23079275095240848
Kanna Mori,0.3333333333333333,Acting,森カンナ,0.23072664016726027
Masumi Okada,0.6666666666666666,Acting,岡田眞澄,0.23072664016726027
Sara Malakul Lane,0.3333333333333333,Acting,Sara Malakul Lane,0.23069358477468618
Alisha Boe,0.3333333333333333,Acting,Alisha Bø,0.23066052938211207
Park Ah-In,0.3333333333333333,Acting,박아인,0.22352056458610514
Merve Nur Bengi,0.3333333333333333,Acting,Merve Nur Bengi,0.251518482096373
Joyce Van Patten,0.3333333333333333,Acting,Joyce Van Patten,0.10405837582328586
Keiynan Lonsdale,0.6666666666666666,Acting,Keiynan Lonsdale,0.13099852077118232
Hannibal Buress,0.6666666666666666,Acting,Hannibal Buress,0.16028559859184024
Honoka Yahagi,0.3333333333333333,Acting,矢作穂香,0.19760513680800598
Claire Goose,0.3333333333333333,Acting,Claire Goose,0.1887462915981456
Moon Ye-Won,0.3333333333333333,Acting,문예원,0.1258749349221959
Shriya Saran,0.3333333333333333,Acting,Shriya Saran,0.2183308679519705
Karen Böhne,0.3333333333333333,Acting,Karen Böhne,0.1502037038567379
Lee Duck-Hwa,0.6666666666666666,Acting,이덕화,0.16177309125767508
Wong Chung,0.6666666666666666,Acting,王鍾,0.20011734664363806
Moon Geun-Young,0.3333333333333333,Acting,문근영,0.16663223396606866
Tom Verica,0.6666666666666666,Acting,Tom Verica,0.17393747572494608
Roy Dupuis,0.6666666666666666,Acting,Roy Dupuis,0.20821591782429405
Erin Kellyman,0.3333333333333333,Acting,Erin Kellyman,0.20246427951639964
Joan Lin Feng-Jiao,0.3333333333333333,Acting,Joan Lin Feng-jiao,0.16854944673536681
Haruka Terui,0.3333333333333333,Acting,照井春佳,0.17552413456850316
Chen Zihan,0.3333333333333333,Acting,陈紫函,0.149906205323571
Nikolai Tsankov,0.6666666666666666,Acting,Николай Цанков,0.23003247692320405
Saxon Sharbino,0.3333333333333333,Acting,Saxon Sharbino,0.19436570833574365
Shakira,0.3333333333333333,Acting,Shakira,0.14570817046665954
Kim Do-Wan,0.6666666666666666,Acting,김도완,0.13589071887215
Angus Macfadyen,0.6666666666666666,Acting,Angus Macfadyen,0.17264831541455594
So Joo-Yeon,0.3333333333333333,Acting,소주연,0.19198572007040798
Patrick Duffy,0.6666666666666666,Acting,Patrick Duffy,0.18547380773330907
David Herman,0.6666666666666666,Acting,David Herman,0.18266409936451009
Choi Dae-Hoon,0.6666666666666666,Acting,최대훈,0.19198572007040798
Gabourey Sidibe,0.3333333333333333,Acting,Gabourey Sidibe,0.17651579634572637
Hiromi Niioka,0.3333333333333333,Visual Effects,新岡浩美,0.17886272921848786
French Stewart,0.6666666666666666,Acting,French Stewart,0.20061317753224966
Atsuo Nakamura,0.6666666666666666,Acting,中村敦夫,0.13655182672363214
Stephanie Hsu,0.3333333333333333,Acting,Stephanie Hsu,0.20160483930947282
Reginald Veljohnson,0.6666666666666666,Acting,Reginald VelJohnson,0.16593807072201242
Chawarin Perdpiriyawong,0.6666666666666666,Acting,ชวรินทร์ เพริศพิริยะวงศ์,0.20203455941293622
Kanna Mori,0.3333333333333333,Acting,森カンナ,0.20203455941293622
Sanae Nakahara,0.3333333333333333,Acting,中原早苗,0.201968448627788
Pharinyakorn Khansawa,0.6666666666666666,Acting,ปริญญากรณ์ ขันสวะ,0.20193539323521392
Isamu Tanonaka,0.6666666666666666,Acting,田の中勇,0.2018362270574916
Mao Zijun,0.6666666666666666,Acting,茅子俊,0.2018362270574916
Robert J. Wilke,0.6666666666666666,Acting,Robert J. Wilke,0.2018362270574916
Natasha Liu Bordizzo,0.3333333333333333,Acting,Natasha Liu Bordizzo,0.2017370608797693
Ikko Furuya,0.6666666666666666,Acting,古谷一行,0.2017370608797693
Rachel Bay Jones,0.3333333333333333,Acting,Rachel Bay Jones,0.20167095009462102
Ken Kaneko,0.6666666666666666,Acting,金子賢,0.20160483930947282
Skandar Keynes,0.6666666666666666,Acting,Skandar Keynes,0.20160483930947282
Cess Garcia,0.3333333333333333,Acting,Cess Garcia,0.20157178391689873
Jaicy Elliot,0.3333333333333333,Acting,Jaicy Elliot,0.20157178391689873
Karry Wang,0.6666666666666666,Acting,王俊凯,0.20157178391689873
Campbell Scott,0.6666666666666666,Acting,Campbell Scott,0.2015387285243246
Cindy Busby,0.3333333333333333,Acting,Cindy Busby,0.20150567313175052
Shigenori Yamazaki,0.6666666666666666,Acting,山崎樹範,0.2014726177391764
Dahyun,0.3333333333333333,Acting,다현,0.20143956234660232
Yuriy Stoyanov,0.6666666666666666,Acting,Юрий Стоянов,0.20143956234660232
Daniella Kertesz,0.3333333333333333,Acting,דניאלה קרטס‎,0.2014065069540282
Choi Ji-Woo,0.3333333333333333,Acting,최지우,0.2014065069540282
Liam Mcintyre,0.6666666666666666,Acting,Liam McIntyre,0.20134039616888
Mirai Moriyama,0.6666666666666666,Acting,森山未來,0.20134039616888
Li Yixiao,0.3333333333333333,Acting,李依晓,0.2013073407763059
Yong Mei,0.3333333333333333,Acting,咏梅,0.2013073407763059
Xuan Lu,0.3333333333333333,Acting,宣璐,0.2012742853837318
Yoshibumi Tajima,0.6666666666666666,Acting,田島 義文,0.2012412299911577
Chan Sing,0.6666666666666666,Acting,陳星,0.2011751192060095
Lucas Hedges,0.6666666666666666,Acting,Lucas Hedges,0.2011751192060095
Yehia El Fakharany,0.6666666666666666,Acting,يحيى الفخراني,0.2009767868505648
Andrea Roth,0.3333333333333333,Acting,Andrea Roth,0.2009767868505648
Takeshi Kimura,0.6666666666666666,Writing,木村 武,0.2009767868505648
Toshiya Fujita,0.6666666666666666,Directing,藤田敏八,0.2009437314579907
Geoffrey Arend,0.6666666666666666,Acting,Geoffrey Arend,0.2009437314579907
Jean Seberg,0.3333333333333333,Acting,Jean Seberg,0.2009437314579907
Ringo Lam Ling-Tung,0.6666666666666666,Directing,林嶺東,0.2008445652802684
Charlie Weber,0.6666666666666666,Acting,Charlie Weber,0.20074539910254607
Vivien Leigh,0.3333333333333333,Acting,Vivien Leigh,0.20074539910254607
Jumpol Adulkittiporn,0.6666666666666666,Acting,จุมพล อดุลกิตติพร,0.20071234370997199
Huang Jue,0.6666666666666666,Acting,黄觉,0.20071234370997199
Kate Jackson,0.3333333333333333,Acting,Kate Jackson,0.20071234370997199
Tom Bosley,0.6666666666666666,Acting,Tom Bosley,0.20067928831739787
Jon Polito,0.6666666666666666,Acting,Jon Polito,0.20064623292482378
Chika Uchida,0.3333333333333333,Acting,内田慈,0.20061317753224966
Chad Lowe,0.6666666666666666,Acting,Chad Lowe,0.20061317753224966
David Yates,0.6666666666666666,Directing,David Yates,0.20058012213967558
Suzuka Morita,0.3333333333333333,Acting,森田涼花,0.20054706674710146
Shugo Oshinari,0.6666666666666666,Acting,忍成修吾,0.20048095596195326
Sivakumar Murugesan,0.0,Directing,Sivakumar Murugesan,0.20041484517680505
Rao Jiadi,0.3333333333333333,Acting,饶嘉迪,0.20041484517680505
Brynn Thayer,0.3333333333333333,Acting,Brynn Thayer,0.20038178978423096
Sean Faris,0.6666666666666666,Acting,Sean Faris,0.20038178978423096
Danny John-Jules,0.6666666666666666,Acting,Danny John-Jules,0.20031567899908267
Michael Tong Man-Lung,0.6666666666666666,Acting,唐文龍,0.20024956821393447
Nora Arnezeder,0.3333333333333333,Acting,Nora Arnezeder,0.20024956821393447
Yatsuko Tan'Ami,0.3333333333333333,Acting,丹阿弥谷津子,0.20021651282136038
Kazuya Tatekabe,0.6666666666666666,Acting,たてかべ和也,0.21188506640001986
Ricky Martin,0.6666666666666666,Acting,Ricky Martin,0.2167442091084134
Sammul Chan,0.6666666666666666,Acting,陳鍵鋒,0.1744002512209836
Tuva Novotny,0.3333333333333333,Acting,Tuva Novotny,0.19720847209711675
Sho Hirano,0.6666666666666666,Acting,平野紫耀,0.2040178829673826
Federico Fellini,0.6666666666666666,Directing,Federico Fellini,0.13572544190927946
Kaia Gerber,0.3333333333333333,Acting,Kaia Gerber,0.14468345329686222
Terumi Azuma,0.3333333333333333,Acting,東てる美,0.26788090142055554
Lee Hyun-Wook,0.6666666666666666,Acting,이현욱,0.18196993612045387
Nurgül Yeşilçay,0.3333333333333333,Acting,Nurgül Yeşilçay,0.19453098529861418
Hiroyuki Imaishi,0.6666666666666666,Directing,今石洋之,0.16646695700319813
Junko Maru,0.3333333333333333,Acting,丸純子,0.20329066433075227
Lesley Sharp,0.3333333333333333,Acting,Lesley Sharp,0.2315199695890388
Tamu Blackwell,0.3333333333333333,Acting,Tamu Blackwell,0.15364146468444492
Yoshio Urasawa,0.6666666666666666,Writing,浦沢義雄,0.19810096769661759
Miko Hughes,0.6666666666666666,Acting,Miko Hughes,0.31607566379360214
Phoebe Fox,0.3333333333333333,Acting,Phoebe Fox,0.19410126519515078
Debora Calì,0.3333333333333333,Acting,Debora Calì,0.22722276855440507
